-- phpMyAdmin SQL Dump
-- version 5.2.1
-- https://www.phpmyadmin.net/
--
-- Host: localhost
-- Generation Time: Jul 08, 2025 at 01:18 PM
-- Server version: 10.4.32-MariaDB
-- PHP Version: 8.2.12

SET SQL_MODE = "NO_AUTO_VALUE_ON_ZERO";
START TRANSACTION;
SET time_zone = "+00:00";


/*!40101 SET @OLD_CHARACTER_SET_CLIENT=@@CHARACTER_SET_CLIENT */;
/*!40101 SET @OLD_CHARACTER_SET_RESULTS=@@CHARACTER_SET_RESULTS */;
/*!40101 SET @OLD_COLLATION_CONNECTION=@@COLLATION_CONNECTION */;
/*!40101 SET NAMES utf8mb4 */;

--
-- Database: `auto_schedule`
--

-- --------------------------------------------------------

--
-- Table structure for table `classrooms`
--

CREATE TABLE `classrooms` (
  `id` int(11) NOT NULL,
  `room_number` varchar(50) NOT NULL,
  `capacity` int(11) NOT NULL,
  `type` enum('Room','Laboratory','Gym') NOT NULL DEFAULT 'Room',
  `department` enum('BSIT','BSED','BTVTED','DAT-BAT','GENERAL') DEFAULT NULL,
  `room_name` varchar(50) DEFAULT NULL
) ENGINE=InnoDB DEFAULT CHARSET=utf8mb4 COLLATE=utf8mb4_general_ci;

--
-- Dumping data for table `classrooms`
--

INSERT INTO `classrooms` (`id`, `room_number`, `capacity`, `type`, `department`, `room_name`) VALUES
(16, '1', 50, 'Room', 'BSED', ''),
(17, '2', 50, 'Room', 'BSED', NULL),
(18, '3', 50, 'Room', 'DAT-BAT', NULL),
(19, '4', 50, 'Room', 'DAT-BAT', NULL),
(20, '5', 50, 'Laboratory', 'DAT-BAT', 'Science '),
(21, '6', 50, 'Room', 'DAT-BAT', NULL),
(22, '7', 50, 'Room', 'BSIT', NULL),
(23, '8', 50, 'Room', 'BSIT', NULL),
(24, '9', 50, 'Room', 'BSIT', NULL),
(25, '10', 50, 'Room', 'BSIT', NULL),
(26, '-1', 50, 'Laboratory', 'BSIT', NULL),
(27, '-2', 50, 'Laboratory', 'BSIT', NULL),
(28, '-3', 50, 'Laboratory', 'BSIT', NULL),
(29, '-4', 50, 'Laboratory', 'BSIT', NULL),
(30, '12', 50, 'Laboratory', 'BTVTED', 'ET ROOM'),
(31, '13', 50, 'Room', 'BTVTED', NULL),
(32, '14', 50, 'Room', 'BTVTED', NULL),
(33, '15', 50, 'Room', 'BTVTED', NULL),
(34, '16', 50, 'Room', 'BSED', NULL),
(35, '17', 50, 'Room', 'BSED', NULL),
(36, '18', 50, 'Gym', 'GENERAL', NULL),
(38, '0', 50, 'Room', 'BTVTED', 'GFD ROOM'),
(39, '01', 50, 'Room', 'DAT-BAT', 'FARM SHED'),
(40, '02', 50, 'Laboratory', 'DAT-BAT', 'DEMO FARM'),
(41, '11', 50, 'Room', 'BSIT', NULL);

-- --------------------------------------------------------

--
-- Table structure for table `schedules`
--

CREATE TABLE `schedules` (
  `id` int(11) NOT NULL,
  `subject_id` int(11) NOT NULL,
  `teacher_id` int(11) NOT NULL,
  `classroom_id` int(11) DEFAULT NULL,
  `section_id` int(11) NOT NULL,
  `day` enum('Monday','Tuesday','Wednesday','Thursday','Friday','Saturday') NOT NULL,
  `start_time` time NOT NULL,
  `end_time` time NOT NULL,
  `semester` enum('1','2','midyear') NOT NULL,
  `academic_year` varchar(9) NOT NULL,
  `exam_type` enum('none','prelim','midterm','final') DEFAULT 'none',
  `subject_type` enum('lecture','lab','pe','online') NOT NULL DEFAULT 'lecture'
) ENGINE=InnoDB DEFAULT CHARSET=utf8mb4 COLLATE=utf8mb4_general_ci;

--
-- Dumping data for table `schedules`
--

INSERT INTO `schedules` (`id`, `subject_id`, `teacher_id`, `classroom_id`, `section_id`, `day`, `start_time`, `end_time`, `semester`, `academic_year`, `exam_type`, `subject_type`) VALUES
(29019, 820, 51, 22, 42, 'Wednesday', '07:00:00', '08:30:00', '1', '2025-2026', 'prelim', 'lecture'),
(29020, 821, 53, 22, 42, 'Wednesday', '08:30:00', '10:00:00', '1', '2025-2026', 'prelim', 'lecture'),
(29021, 823, 57, 22, 42, 'Wednesday', '10:00:00', '11:30:00', '1', '2025-2026', 'prelim', 'lecture'),
(29022, 825, 50, 22, 42, 'Wednesday', '13:00:00', '14:30:00', '1', '2025-2026', 'prelim', 'lecture'),
(29023, 820, 51, 23, 43, 'Wednesday', '08:30:00', '10:00:00', '1', '2025-2026', 'prelim', 'lecture'),
(29024, 821, 89, 23, 43, 'Wednesday', '07:00:00', '08:30:00', '1', '2025-2026', 'prelim', 'lecture'),
(29025, 823, 55, 23, 43, 'Wednesday', '10:00:00', '11:30:00', '1', '2025-2026', 'prelim', 'lecture'),
(29026, 825, 50, 22, 43, 'Wednesday', '14:30:00', '16:00:00', '1', '2025-2026', 'prelim', 'lecture'),
(29027, 515, 58, 18, 70, 'Wednesday', '07:00:00', '08:30:00', '1', '2025-2026', 'prelim', 'lecture'),
(29028, 517, 62, 18, 70, 'Wednesday', '08:30:00', '10:00:00', '1', '2025-2026', 'prelim', 'lecture'),
(29029, 519, 92, 18, 70, 'Wednesday', '10:00:00', '11:30:00', '1', '2025-2026', 'prelim', 'lecture'),
(29030, 521, 68, 18, 70, 'Wednesday', '13:00:00', '14:30:00', '1', '2025-2026', 'prelim', 'lecture'),
(29031, 522, 61, 18, 70, 'Wednesday', '14:30:00', '16:00:00', '1', '2025-2026', 'prelim', 'lecture'),
(29032, 829, 63, 18, 70, 'Wednesday', '16:00:00', '17:30:00', '1', '2025-2026', 'prelim', 'lecture'),
(29033, 515, 58, 19, 71, 'Wednesday', '08:30:00', '10:00:00', '1', '2025-2026', 'prelim', 'lecture'),
(29034, 517, 62, 19, 71, 'Wednesday', '07:00:00', '08:30:00', '1', '2025-2026', 'prelim', 'lecture'),
(29035, 519, 92, 19, 71, 'Wednesday', '13:00:00', '14:30:00', '1', '2025-2026', 'prelim', 'lecture'),
(29036, 521, 68, 19, 71, 'Wednesday', '10:00:00', '11:30:00', '1', '2025-2026', 'prelim', 'lecture'),
(29037, 522, 61, 19, 71, 'Wednesday', '16:00:00', '17:30:00', '1', '2025-2026', 'prelim', 'lecture'),
(29038, 829, 63, 19, 71, 'Wednesday', '14:30:00', '16:00:00', '1', '2025-2026', 'prelim', 'lecture'),
(29039, 732, 29, 16, 84, 'Wednesday', '07:00:00', '08:30:00', '1', '2025-2026', 'prelim', 'lecture'),
(29040, 756, 29, 16, 84, 'Wednesday', '08:30:00', '10:00:00', '1', '2025-2026', 'prelim', 'lecture'),
(29041, 833, 28, 16, 84, 'Wednesday', '10:00:00', '11:30:00', '1', '2025-2026', 'prelim', 'lecture'),
(29042, 648, 97, 31, 98, 'Wednesday', '07:00:00', '08:30:00', '1', '2025-2026', 'prelim', 'lecture'),
(29043, 649, 97, 31, 98, 'Wednesday', '08:30:00', '10:00:00', '1', '2025-2026', 'prelim', 'lecture'),
(29044, 887, 97, 31, 98, 'Wednesday', '10:00:00', '11:30:00', '1', '2025-2026', 'prelim', 'lecture'),
(29045, 515, 58, 21, 102, 'Wednesday', '10:00:00', '11:30:00', '1', '2025-2026', 'prelim', 'lecture'),
(29046, 517, 62, 21, 102, 'Wednesday', '13:00:00', '14:30:00', '1', '2025-2026', 'prelim', 'lecture'),
(29047, 519, 92, 21, 102, 'Wednesday', '07:00:00', '08:30:00', '1', '2025-2026', 'prelim', 'lecture'),
(29048, 521, 68, 21, 102, 'Wednesday', '08:30:00', '10:00:00', '1', '2025-2026', 'prelim', 'lecture'),
(29049, 522, 61, 18, 102, 'Thursday', '07:00:00', '08:30:00', '1', '2025-2026', 'prelim', 'lecture'),
(29050, 829, 63, 18, 102, 'Thursday', '08:30:00', '10:00:00', '1', '2025-2026', 'prelim', 'lecture'),
(29051, 820, 51, 24, 104, 'Wednesday', '10:00:00', '11:30:00', '1', '2025-2026', 'prelim', 'lecture'),
(29052, 821, 89, 24, 104, 'Wednesday', '08:30:00', '10:00:00', '1', '2025-2026', 'prelim', 'lecture'),
(29053, 823, 57, 24, 104, 'Wednesday', '07:00:00', '08:30:00', '1', '2025-2026', 'prelim', 'lecture'),
(29054, 825, 50, 22, 104, 'Wednesday', '16:00:00', '17:30:00', '1', '2025-2026', 'prelim', 'lecture'),
(29055, 796, 72, 25, 36, 'Wednesday', '07:00:00', '08:30:00', '1', '2025-2026', 'prelim', 'lecture'),
(29056, 798, 55, 25, 36, 'Wednesday', '08:30:00', '10:00:00', '1', '2025-2026', 'prelim', 'lecture'),
(29057, 800, 50, 25, 36, 'Wednesday', '10:00:00', '11:30:00', '1', '2025-2026', 'prelim', 'lecture'),
(29058, 802, 56, 23, 36, 'Wednesday', '13:00:00', '14:30:00', '1', '2025-2026', 'prelim', 'lecture'),
(29059, 804, 56, 23, 36, 'Wednesday', '14:30:00', '16:00:00', '1', '2025-2026', 'prelim', 'lecture'),
(29060, 806, 89, 23, 36, 'Wednesday', '16:00:00', '17:30:00', '1', '2025-2026', 'prelim', 'lecture'),
(29061, 808, 89, 22, 36, 'Thursday', '07:00:00', '08:30:00', '1', '2025-2026', 'prelim', 'lecture'),
(29062, 796, 72, 41, 37, 'Wednesday', '08:30:00', '10:00:00', '1', '2025-2026', 'prelim', 'lecture'),
(29063, 798, 54, 41, 37, 'Wednesday', '07:00:00', '08:30:00', '1', '2025-2026', 'prelim', 'lecture'),
(29064, 800, 50, 23, 37, 'Thursday', '07:00:00', '08:30:00', '1', '2025-2026', 'prelim', 'lecture'),
(29065, 802, 56, 41, 37, 'Wednesday', '10:00:00', '11:30:00', '1', '2025-2026', 'prelim', 'lecture'),
(29066, 804, 56, 24, 37, 'Wednesday', '16:00:00', '17:30:00', '1', '2025-2026', 'prelim', 'lecture'),
(29067, 806, 89, 24, 37, 'Wednesday', '13:00:00', '14:30:00', '1', '2025-2026', 'prelim', 'lecture'),
(29068, 808, 89, 24, 37, 'Wednesday', '14:30:00', '16:00:00', '1', '2025-2026', 'prelim', 'lecture'),
(29069, 484, 96, 39, 63, 'Wednesday', '07:00:00', '08:30:00', '1', '2025-2026', 'prelim', 'lecture'),
(29070, 485, 62, 39, 63, 'Wednesday', '10:00:00', '11:30:00', '1', '2025-2026', 'prelim', 'lecture'),
(29071, 487, 92, 39, 63, 'Wednesday', '08:30:00', '10:00:00', '1', '2025-2026', 'prelim', 'lecture'),
(29072, 489, 63, 39, 63, 'Wednesday', '13:00:00', '14:30:00', '1', '2025-2026', 'prelim', 'lecture'),
(29073, 490, 63, 19, 63, 'Thursday', '07:00:00', '08:30:00', '1', '2025-2026', 'prelim', 'lecture'),
(29074, 491, 59, 21, 63, 'Wednesday', '14:30:00', '16:00:00', '1', '2025-2026', 'prelim', 'lecture'),
(29075, 493, 66, 21, 63, 'Wednesday', '16:00:00', '17:30:00', '1', '2025-2026', 'prelim', 'lecture'),
(29076, 495, 66, 19, 63, 'Thursday', '08:30:00', '10:00:00', '1', '2025-2026', 'prelim', 'lecture'),
(29077, 484, 96, 39, 64, 'Wednesday', '14:30:00', '16:00:00', '1', '2025-2026', 'prelim', 'lecture'),
(29078, 485, 62, 39, 64, 'Wednesday', '16:00:00', '17:30:00', '1', '2025-2026', 'prelim', 'lecture'),
(29079, 487, 92, 21, 64, 'Thursday', '07:00:00', '08:30:00', '1', '2025-2026', 'prelim', 'lecture'),
(29080, 489, 63, 18, 64, 'Thursday', '10:00:00', '11:30:00', '1', '2025-2026', 'prelim', 'lecture'),
(29081, 490, 63, 18, 64, 'Thursday', '13:00:00', '14:30:00', '1', '2025-2026', 'prelim', 'lecture'),
(29082, 491, 59, 21, 64, 'Thursday', '08:30:00', '10:00:00', '1', '2025-2026', 'prelim', 'lecture'),
(29083, 493, 66, 18, 64, 'Thursday', '14:30:00', '16:00:00', '1', '2025-2026', 'prelim', 'lecture'),
(29084, 495, 66, 18, 64, 'Thursday', '16:00:00', '17:30:00', '1', '2025-2026', 'prelim', 'lecture'),
(29085, 484, 96, 39, 66, 'Thursday', '07:00:00', '08:30:00', '1', '2025-2026', 'prelim', 'lecture'),
(29086, 485, 62, 39, 66, 'Thursday', '08:30:00', '10:00:00', '1', '2025-2026', 'prelim', 'lecture'),
(29087, 487, 92, 19, 66, 'Thursday', '10:00:00', '11:30:00', '1', '2025-2026', 'prelim', 'lecture'),
(29088, 489, 63, 19, 66, 'Thursday', '14:30:00', '16:00:00', '1', '2025-2026', 'prelim', 'lecture'),
(29089, 490, 63, 19, 66, 'Thursday', '16:00:00', '17:30:00', '1', '2025-2026', 'prelim', 'lecture'),
(29090, 491, 59, 19, 66, 'Thursday', '13:00:00', '14:30:00', '1', '2025-2026', 'prelim', 'lecture'),
(29091, 493, 66, 18, 66, 'Friday', '07:00:00', '08:30:00', '1', '2025-2026', 'prelim', 'lecture'),
(29092, 495, 66, 18, 66, 'Friday', '08:30:00', '10:00:00', '1', '2025-2026', 'prelim', 'lecture'),
(29093, 715, 32, 17, 80, 'Wednesday', '07:00:00', '08:30:00', '1', '2025-2026', 'prelim', 'lecture'),
(29094, 716, 36, 17, 80, 'Wednesday', '08:30:00', '10:00:00', '1', '2025-2026', 'prelim', 'lecture'),
(29095, 721, 27, 17, 80, 'Wednesday', '10:00:00', '11:30:00', '1', '2025-2026', 'prelim', 'lecture'),
(29096, 739, 33, 16, 80, 'Wednesday', '13:00:00', '14:30:00', '1', '2025-2026', 'prelim', 'lecture'),
(29097, 740, 39, 16, 80, 'Wednesday', '14:30:00', '16:00:00', '1', '2025-2026', 'prelim', 'lecture'),
(29098, 741, 31, 16, 80, 'Wednesday', '16:00:00', '17:30:00', '1', '2025-2026', 'prelim', 'lecture'),
(29099, 742, 39, 16, 80, 'Thursday', '07:00:00', '08:30:00', '1', '2025-2026', 'prelim', 'lecture'),
(29100, 743, 32, 16, 80, 'Thursday', '08:30:00', '10:00:00', '1', '2025-2026', 'prelim', 'lecture'),
(29101, 744, 95, 16, 80, 'Thursday', '10:00:00', '11:30:00', '1', '2025-2026', 'prelim', 'lecture'),
(29102, 715, 32, 17, 81, 'Wednesday', '07:00:00', '08:30:00', '1', '2025-2026', 'prelim', 'lecture'),
(29103, 716, 36, 17, 81, 'Wednesday', '08:30:00', '10:00:00', '1', '2025-2026', 'prelim', 'lecture'),
(29104, 717, 28, 17, 81, 'Wednesday', '13:00:00', '14:30:00', '1', '2025-2026', 'prelim', 'lecture'),
(29105, 718, 27, 17, 81, 'Wednesday', '14:30:00', '16:00:00', '1', '2025-2026', 'prelim', 'lecture'),
(29106, 719, 28, 17, 81, 'Wednesday', '16:00:00', '17:30:00', '1', '2025-2026', 'prelim', 'lecture'),
(29107, 720, 27, 17, 81, 'Thursday', '07:00:00', '08:30:00', '1', '2025-2026', 'prelim', 'lecture'),
(29108, 721, 27, 17, 81, 'Wednesday', '10:00:00', '11:30:00', '1', '2025-2026', 'prelim', 'lecture'),
(29109, 832, 21, 17, 81, 'Thursday', '08:30:00', '10:00:00', '1', '2025-2026', 'prelim', 'lecture'),
(29110, 624, 48, 32, 91, 'Wednesday', '07:00:00', '08:30:00', '1', '2025-2026', 'prelim', 'lecture'),
(29111, 625, 37, 32, 91, 'Wednesday', '08:30:00', '10:00:00', '1', '2025-2026', 'prelim', 'lecture'),
(29112, 626, 36, 32, 91, 'Wednesday', '10:00:00', '11:30:00', '1', '2025-2026', 'prelim', 'lecture'),
(29113, 631, 44, 31, 91, 'Wednesday', '13:00:00', '14:30:00', '1', '2025-2026', 'prelim', 'lecture'),
(29114, 632, 64, 31, 91, 'Wednesday', '14:30:00', '16:00:00', '1', '2025-2026', 'prelim', 'lecture'),
(29115, 633, 45, 31, 91, 'Wednesday', '16:00:00', '17:30:00', '1', '2025-2026', 'prelim', 'lecture'),
(29116, 634, 27, 31, 91, 'Thursday', '08:30:00', '10:00:00', '1', '2025-2026', 'prelim', 'lecture'),
(29117, 686, 44, 31, 91, 'Thursday', '07:00:00', '08:30:00', '1', '2025-2026', 'prelim', 'lecture'),
(29118, 834, 45, 31, 91, 'Thursday', '10:00:00', '11:30:00', '1', '2025-2026', 'prelim', 'lecture'),
(29119, 624, 48, 32, 93, 'Wednesday', '07:00:00', '08:30:00', '1', '2025-2026', 'prelim', 'lecture'),
(29120, 625, 37, 32, 93, 'Wednesday', '08:30:00', '10:00:00', '1', '2025-2026', 'prelim', 'lecture'),
(29121, 626, 36, 32, 93, 'Wednesday', '10:00:00', '11:30:00', '1', '2025-2026', 'prelim', 'lecture'),
(29122, 631, 44, 31, 93, 'Wednesday', '13:00:00', '14:30:00', '1', '2025-2026', 'prelim', 'lecture'),
(29123, 632, 64, 31, 93, 'Wednesday', '14:30:00', '16:00:00', '1', '2025-2026', 'prelim', 'lecture'),
(29124, 633, 45, 31, 93, 'Wednesday', '16:00:00', '17:30:00', '1', '2025-2026', 'prelim', 'lecture'),
(29125, 634, 27, 31, 93, 'Thursday', '08:30:00', '10:00:00', '1', '2025-2026', 'prelim', 'lecture'),
(29126, 663, 47, 32, 93, 'Thursday', '07:00:00', '08:30:00', '1', '2025-2026', 'prelim', 'lecture'),
(29127, 665, 46, 32, 93, 'Thursday', '10:00:00', '11:30:00', '1', '2025-2026', 'prelim', 'lecture'),
(29128, 406, 41, 36, 30, 'Wednesday', '07:00:00', '08:30:00', '1', '2025-2026', 'prelim', 'pe'),
(29129, 771, 96, 25, 30, 'Wednesday', '13:00:00', '14:30:00', '1', '2025-2026', 'prelim', 'lecture'),
(29130, 773, 38, 25, 30, 'Wednesday', '14:30:00', '16:00:00', '1', '2025-2026', 'prelim', 'lecture'),
(29131, 774, 55, 25, 30, 'Wednesday', '16:00:00', '17:30:00', '1', '2025-2026', 'prelim', 'lecture'),
(29132, 776, 57, 24, 30, 'Thursday', '07:00:00', '08:30:00', '1', '2025-2026', 'prelim', 'lecture'),
(29133, 778, 54, 22, 30, 'Thursday', '08:30:00', '10:00:00', '1', '2025-2026', 'prelim', 'lecture'),
(29134, 780, 36, 22, 30, 'Thursday', '10:00:00', '11:30:00', '1', '2025-2026', 'prelim', 'lecture'),
(29135, 854, 33, 22, 30, 'Thursday', '13:00:00', '14:30:00', '1', '2025-2026', 'prelim', 'lecture'),
(29136, 856, 69, 22, 30, 'Thursday', '14:30:00', '16:00:00', '1', '2025-2026', 'prelim', 'lecture'),
(29137, 406, 41, 36, 31, 'Wednesday', '08:30:00', '10:00:00', '1', '2025-2026', 'prelim', 'pe'),
(29138, 771, 96, 41, 31, 'Wednesday', '16:00:00', '17:30:00', '1', '2025-2026', 'prelim', 'lecture'),
(29139, 773, 38, 41, 31, 'Wednesday', '13:00:00', '14:30:00', '1', '2025-2026', 'prelim', 'lecture'),
(29140, 774, 55, 41, 31, 'Wednesday', '14:30:00', '16:00:00', '1', '2025-2026', 'prelim', 'lecture'),
(29141, 776, 57, 23, 31, 'Thursday', '08:30:00', '10:00:00', '1', '2025-2026', 'prelim', 'lecture'),
(29142, 778, 54, 25, 31, 'Thursday', '07:00:00', '08:30:00', '1', '2025-2026', 'prelim', 'lecture'),
(29143, 780, 36, 23, 31, 'Thursday', '13:00:00', '14:30:00', '1', '2025-2026', 'prelim', 'lecture'),
(29144, 854, 33, 23, 31, 'Thursday', '10:00:00', '11:30:00', '1', '2025-2026', 'prelim', 'lecture'),
(29145, 856, 69, 22, 31, 'Thursday', '16:00:00', '17:30:00', '1', '2025-2026', 'prelim', 'lecture'),
(29146, 406, 41, 36, 32, 'Wednesday', '10:00:00', '11:30:00', '1', '2025-2026', 'prelim', 'pe'),
(29147, 771, 96, 24, 32, 'Thursday', '08:30:00', '10:00:00', '1', '2025-2026', 'prelim', 'lecture'),
(29148, 773, 38, 41, 32, 'Thursday', '07:00:00', '08:30:00', '1', '2025-2026', 'prelim', 'lecture'),
(29149, 774, 55, 24, 32, 'Thursday', '10:00:00', '11:30:00', '1', '2025-2026', 'prelim', 'lecture'),
(29150, 776, 57, 24, 32, 'Thursday', '13:00:00', '14:30:00', '1', '2025-2026', 'prelim', 'lecture'),
(29151, 778, 54, 23, 32, 'Thursday', '14:30:00', '16:00:00', '1', '2025-2026', 'prelim', 'lecture'),
(29152, 780, 36, 23, 32, 'Thursday', '16:00:00', '17:30:00', '1', '2025-2026', 'prelim', 'lecture'),
(29153, 854, 33, 22, 32, 'Friday', '07:00:00', '08:30:00', '1', '2025-2026', 'prelim', 'lecture'),
(29154, 856, 69, 22, 32, 'Friday', '08:30:00', '10:00:00', '1', '2025-2026', 'prelim', 'lecture'),
(29155, 406, 41, 36, 38, 'Wednesday', '13:00:00', '14:30:00', '1', '2025-2026', 'prelim', 'pe'),
(29156, 771, 96, 25, 38, 'Thursday', '10:00:00', '11:30:00', '1', '2025-2026', 'prelim', 'lecture'),
(29157, 773, 38, 25, 38, 'Thursday', '08:30:00', '10:00:00', '1', '2025-2026', 'prelim', 'lecture'),
(29158, 774, 55, 25, 38, 'Thursday', '13:00:00', '14:30:00', '1', '2025-2026', 'prelim', 'lecture'),
(29159, 776, 57, 24, 38, 'Thursday', '14:30:00', '16:00:00', '1', '2025-2026', 'prelim', 'lecture'),
(29160, 778, 54, 24, 38, 'Thursday', '16:00:00', '17:30:00', '1', '2025-2026', 'prelim', 'lecture'),
(29161, 780, 38, 23, 38, 'Friday', '07:00:00', '08:30:00', '1', '2025-2026', 'prelim', 'lecture'),
(29162, 854, 33, 23, 38, 'Friday', '08:30:00', '10:00:00', '1', '2025-2026', 'prelim', 'lecture'),
(29163, 856, 69, 22, 38, 'Friday', '10:00:00', '11:30:00', '1', '2025-2026', 'prelim', 'lecture'),
(29164, 406, 41, 36, 57, 'Wednesday', '14:30:00', '16:00:00', '1', '2025-2026', 'prelim', 'pe'),
(29165, 393, 64, 21, 57, 'Thursday', '10:00:00', '11:30:00', '1', '2025-2026', 'prelim', 'lecture'),
(29166, 395, 94, 21, 57, 'Thursday', '13:00:00', '14:30:00', '1', '2025-2026', 'prelim', 'lecture'),
(29167, 397, 67, 21, 57, 'Thursday', '14:30:00', '16:00:00', '1', '2025-2026', 'prelim', 'lecture'),
(29168, 399, 59, 21, 57, 'Thursday', '16:00:00', '17:30:00', '1', '2025-2026', 'prelim', 'lecture'),
(29169, 401, 68, 19, 57, 'Friday', '07:00:00', '08:30:00', '1', '2025-2026', 'prelim', 'lecture'),
(29170, 402, 68, 19, 57, 'Friday', '08:30:00', '10:00:00', '1', '2025-2026', 'prelim', 'lecture'),
(29171, 403, 91, 18, 57, 'Friday', '10:00:00', '11:30:00', '1', '2025-2026', 'prelim', 'lecture'),
(29172, 880, 95, 18, 57, 'Friday', '13:00:00', '14:30:00', '1', '2025-2026', 'prelim', 'lecture'),
(29173, 406, 41, 36, 58, 'Wednesday', '16:00:00', '17:30:00', '1', '2025-2026', 'prelim', 'pe'),
(29174, 393, 64, 39, 58, 'Thursday', '13:00:00', '14:30:00', '1', '2025-2026', 'prelim', 'lecture'),
(29175, 395, 94, 39, 58, 'Thursday', '10:00:00', '11:30:00', '1', '2025-2026', 'prelim', 'lecture'),
(29176, 397, 67, 39, 58, 'Thursday', '16:00:00', '17:30:00', '1', '2025-2026', 'prelim', 'lecture'),
(29177, 399, 61, 39, 58, 'Thursday', '14:30:00', '16:00:00', '1', '2025-2026', 'prelim', 'lecture'),
(29178, 401, 68, 19, 58, 'Friday', '10:00:00', '11:30:00', '1', '2025-2026', 'prelim', 'lecture'),
(29179, 402, 68, 19, 58, 'Friday', '13:00:00', '14:30:00', '1', '2025-2026', 'prelim', 'lecture'),
(29180, 403, 91, 21, 58, 'Friday', '07:00:00', '08:30:00', '1', '2025-2026', 'prelim', 'lecture'),
(29181, 880, 95, 21, 58, 'Friday', '08:30:00', '10:00:00', '1', '2025-2026', 'prelim', 'lecture'),
(29182, 406, 41, 36, 59, 'Thursday', '07:00:00', '08:30:00', '1', '2025-2026', 'prelim', 'pe'),
(29183, 393, 64, 39, 59, 'Friday', '07:00:00', '08:30:00', '1', '2025-2026', 'prelim', 'lecture'),
(29184, 395, 94, 39, 59, 'Friday', '08:30:00', '10:00:00', '1', '2025-2026', 'prelim', 'lecture'),
(29185, 397, 67, 21, 59, 'Friday', '10:00:00', '11:30:00', '1', '2025-2026', 'prelim', 'lecture'),
(29186, 399, 61, 21, 59, 'Friday', '13:00:00', '14:30:00', '1', '2025-2026', 'prelim', 'lecture'),
(29187, 401, 68, 18, 59, 'Friday', '14:30:00', '16:00:00', '1', '2025-2026', 'prelim', 'lecture'),
(29188, 402, 68, 18, 59, 'Friday', '16:00:00', '17:30:00', '1', '2025-2026', 'prelim', 'lecture'),
(29189, 403, 91, 16, 59, 'Thursday', '16:00:00', '17:30:00', '1', '2025-2026', 'prelim', 'lecture'),
(29190, 880, 95, 16, 59, 'Thursday', '14:30:00', '16:00:00', '1', '2025-2026', 'prelim', 'lecture'),
(29191, 406, 41, 36, 76, 'Thursday', '08:30:00', '10:00:00', '1', '2025-2026', 'prelim', 'pe'),
(29192, 698, 32, 34, 76, 'Wednesday', '08:30:00', '10:00:00', '1', '2025-2026', 'prelim', 'lecture'),
(29193, 700, 95, 34, 76, 'Wednesday', '07:00:00', '08:30:00', '1', '2025-2026', 'prelim', 'lecture'),
(29194, 701, 27, 34, 76, 'Wednesday', '13:00:00', '14:30:00', '1', '2025-2026', 'prelim', 'lecture'),
(29195, 702, 21, 34, 76, 'Wednesday', '10:00:00', '11:30:00', '1', '2025-2026', 'prelim', 'lecture'),
(29196, 703, 26, 34, 76, 'Wednesday', '14:30:00', '16:00:00', '1', '2025-2026', 'prelim', 'lecture'),
(29197, 704, 26, 34, 76, 'Wednesday', '16:00:00', '17:30:00', '1', '2025-2026', 'prelim', 'lecture'),
(29198, 705, 47, 17, 76, 'Thursday', '10:00:00', '11:30:00', '1', '2025-2026', 'prelim', 'lecture'),
(29199, 841, 21, 34, 76, 'Thursday', '07:00:00', '08:30:00', '1', '2025-2026', 'prelim', 'lecture'),
(29200, 406, 41, 36, 87, 'Thursday', '10:00:00', '11:30:00', '1', '2025-2026', 'prelim', 'pe'),
(29201, 598, 21, 33, 87, 'Wednesday', '07:00:00', '08:30:00', '1', '2025-2026', 'prelim', 'lecture'),
(29202, 599, 95, 33, 87, 'Wednesday', '08:30:00', '10:00:00', '1', '2025-2026', 'prelim', 'lecture'),
(29203, 600, 27, 32, 87, 'Wednesday', '16:00:00', '17:30:00', '1', '2025-2026', 'prelim', 'lecture'),
(29204, 601, 47, 33, 87, 'Wednesday', '10:00:00', '11:30:00', '1', '2025-2026', 'prelim', 'lecture'),
(29205, 608, 44, 32, 87, 'Wednesday', '14:30:00', '16:00:00', '1', '2025-2026', 'prelim', 'lecture'),
(29206, 673, 44, 32, 87, 'Thursday', '08:30:00', '10:00:00', '1', '2025-2026', 'prelim', 'lecture'),
(29207, 675, 45, 32, 87, 'Wednesday', '13:00:00', '14:30:00', '1', '2025-2026', 'prelim', 'lecture'),
(29208, 677, 44, 31, 87, 'Thursday', '13:00:00', '14:30:00', '1', '2025-2026', 'prelim', 'lecture'),
(29209, 406, 41, 36, 89, 'Thursday', '13:00:00', '14:30:00', '1', '2025-2026', 'prelim', 'pe'),
(29210, 598, 21, 33, 89, 'Wednesday', '07:00:00', '08:30:00', '1', '2025-2026', 'prelim', 'lecture'),
(29211, 599, 95, 33, 89, 'Wednesday', '08:30:00', '10:00:00', '1', '2025-2026', 'prelim', 'lecture'),
(29212, 600, 27, 32, 89, 'Wednesday', '16:00:00', '17:30:00', '1', '2025-2026', 'prelim', 'lecture'),
(29213, 601, 47, 33, 89, 'Wednesday', '10:00:00', '11:30:00', '1', '2025-2026', 'prelim', 'lecture'),
(29214, 608, 44, 32, 89, 'Wednesday', '14:30:00', '16:00:00', '1', '2025-2026', 'prelim', 'lecture'),
(29215, 650, 47, 33, 89, 'Wednesday', '13:00:00', '14:30:00', '1', '2025-2026', 'prelim', 'lecture'),
(29216, 652, 46, 33, 89, 'Thursday', '07:00:00', '08:30:00', '1', '2025-2026', 'prelim', 'lecture'),
(29217, 653, 44, 33, 89, 'Thursday', '10:00:00', '11:30:00', '1', '2025-2026', 'prelim', 'lecture'),
(29218, 406, 41, 36, 99, 'Thursday', '14:30:00', '16:00:00', '1', '2025-2026', 'prelim', 'pe'),
(29219, 698, 32, 34, 99, 'Wednesday', '08:30:00', '10:00:00', '1', '2025-2026', 'prelim', 'lecture'),
(29220, 700, 95, 34, 99, 'Wednesday', '07:00:00', '08:30:00', '1', '2025-2026', 'prelim', 'lecture'),
(29221, 701, 27, 34, 99, 'Wednesday', '13:00:00', '14:30:00', '1', '2025-2026', 'prelim', 'lecture'),
(29222, 705, 47, 35, 99, 'Wednesday', '14:30:00', '16:00:00', '1', '2025-2026', 'prelim', 'lecture'),
(29223, 733, 39, 35, 99, 'Wednesday', '10:00:00', '11:30:00', '1', '2025-2026', 'prelim', 'lecture'),
(29224, 734, 29, 35, 99, 'Wednesday', '16:00:00', '17:30:00', '1', '2025-2026', 'prelim', 'lecture'),
(29225, 735, 31, 35, 99, 'Thursday', '07:00:00', '08:30:00', '1', '2025-2026', 'prelim', 'lecture'),
(29226, 841, 21, 34, 99, 'Thursday', '10:00:00', '11:30:00', '1', '2025-2026', 'prelim', 'lecture'),
(29227, 406, 41, 36, 100, 'Thursday', '16:00:00', '17:30:00', '1', '2025-2026', 'prelim', 'pe'),
(29228, 393, 64, 39, 100, 'Friday', '10:00:00', '11:30:00', '1', '2025-2026', 'prelim', 'lecture'),
(29229, 395, 94, 39, 100, 'Friday', '13:00:00', '14:30:00', '1', '2025-2026', 'prelim', 'lecture'),
(29230, 397, 67, 19, 100, 'Friday', '14:30:00', '16:00:00', '1', '2025-2026', 'prelim', 'lecture'),
(29231, 399, 61, 19, 100, 'Friday', '16:00:00', '17:30:00', '1', '2025-2026', 'prelim', 'lecture'),
(29232, 401, 68, 38, 100, 'Thursday', '14:30:00', '16:00:00', '1', '2025-2026', 'prelim', 'lecture'),
(29233, 402, 68, 16, 100, 'Thursday', '13:00:00', '14:30:00', '1', '2025-2026', 'prelim', 'lecture'),
(29234, 403, 91, 16, 100, 'Friday', '08:30:00', '10:00:00', '1', '2025-2026', 'prelim', 'lecture'),
(29235, 880, 95, 16, 100, 'Friday', '07:00:00', '08:30:00', '1', '2025-2026', 'prelim', 'lecture'),
(29236, 380, 42, 36, 19, 'Wednesday', '07:00:00', '08:30:00', '1', '2025-2026', 'prelim', 'pe'),
(29237, 757, 69, 41, 19, 'Thursday', '08:30:00', '10:00:00', '1', '2025-2026', 'prelim', 'lecture'),
(29238, 758, 40, 41, 19, 'Thursday', '10:00:00', '11:30:00', '1', '2025-2026', 'prelim', 'lecture'),
(29239, 759, 96, 41, 19, 'Thursday', '13:00:00', '14:30:00', '1', '2025-2026', 'prelim', 'lecture'),
(29240, 760, 51, 25, 19, 'Thursday', '14:30:00', '16:00:00', '1', '2025-2026', 'prelim', 'lecture'),
(29241, 762, 53, 25, 19, 'Thursday', '16:00:00', '17:30:00', '1', '2025-2026', 'prelim', 'lecture'),
(29242, 868, 35, 24, 19, 'Friday', '07:00:00', '08:30:00', '1', '2025-2026', 'prelim', 'lecture'),
(29243, 872, 40, 24, 19, 'Friday', '08:30:00', '10:00:00', '1', '2025-2026', 'prelim', 'lecture'),
(29244, 380, 42, 36, 21, 'Wednesday', '08:30:00', '10:00:00', '1', '2025-2026', 'prelim', 'pe'),
(29245, 757, 69, 25, 21, 'Friday', '07:00:00', '08:30:00', '1', '2025-2026', 'prelim', 'lecture'),
(29246, 758, 40, 41, 21, 'Thursday', '14:30:00', '16:00:00', '1', '2025-2026', 'prelim', 'lecture'),
(29247, 759, 96, 41, 21, 'Thursday', '16:00:00', '17:30:00', '1', '2025-2026', 'prelim', 'lecture'),
(29248, 760, 56, 25, 21, 'Friday', '08:30:00', '10:00:00', '1', '2025-2026', 'prelim', 'lecture'),
(29249, 762, 53, 23, 21, 'Friday', '10:00:00', '11:30:00', '1', '2025-2026', 'prelim', 'lecture'),
(29250, 868, 35, 22, 21, 'Friday', '13:00:00', '14:30:00', '1', '2025-2026', 'prelim', 'lecture'),
(29251, 872, 40, 22, 21, 'Friday', '14:30:00', '16:00:00', '1', '2025-2026', 'prelim', 'lecture'),
(29252, 380, 42, 36, 23, 'Wednesday', '10:00:00', '11:30:00', '1', '2025-2026', 'prelim', 'pe'),
(29253, 757, 69, 23, 23, 'Friday', '13:00:00', '14:30:00', '1', '2025-2026', 'prelim', 'lecture'),
(29254, 758, 40, 41, 23, 'Friday', '07:00:00', '08:30:00', '1', '2025-2026', 'prelim', 'lecture'),
(29255, 759, 96, 41, 23, 'Friday', '08:30:00', '10:00:00', '1', '2025-2026', 'prelim', 'lecture'),
(29256, 760, 56, 24, 23, 'Friday', '10:00:00', '11:30:00', '1', '2025-2026', 'prelim', 'lecture'),
(29257, 762, 53, 23, 23, 'Friday', '14:30:00', '16:00:00', '1', '2025-2026', 'prelim', 'lecture'),
(29258, 868, 35, 22, 23, 'Friday', '16:00:00', '17:30:00', '1', '2025-2026', 'prelim', 'lecture'),
(29259, 872, 40, 38, 23, 'Thursday', '16:00:00', '17:30:00', '1', '2025-2026', 'prelim', 'lecture'),
(29260, 380, 42, 36, 25, 'Wednesday', '13:00:00', '14:30:00', '1', '2025-2026', 'prelim', 'pe'),
(29261, 757, 69, 24, 25, 'Friday', '14:30:00', '16:00:00', '1', '2025-2026', 'prelim', 'lecture'),
(29262, 758, 40, 25, 25, 'Friday', '10:00:00', '11:30:00', '1', '2025-2026', 'prelim', 'lecture'),
(29263, 759, 96, 24, 25, 'Friday', '13:00:00', '14:30:00', '1', '2025-2026', 'prelim', 'lecture'),
(29264, 760, 54, 23, 25, 'Friday', '16:00:00', '17:30:00', '1', '2025-2026', 'prelim', 'lecture'),
(29265, 762, 53, 38, 25, 'Friday', '08:30:00', '10:00:00', '1', '2025-2026', 'prelim', 'lecture'),
(29266, 868, 38, 35, 25, 'Thursday', '16:00:00', '17:30:00', '1', '2025-2026', 'prelim', 'lecture'),
(29267, 872, 40, 38, 25, 'Thursday', '13:00:00', '14:30:00', '1', '2025-2026', 'prelim', 'lecture'),
(29268, 380, 42, 36, 49, 'Wednesday', '14:30:00', '16:00:00', '1', '2025-2026', 'prelim', 'pe'),
(29269, 368, 64, 21, 49, 'Friday', '14:30:00', '16:00:00', '1', '2025-2026', 'prelim', 'lecture'),
(29270, 369, 67, 21, 49, 'Friday', '16:00:00', '17:30:00', '1', '2025-2026', 'prelim', 'lecture'),
(29271, 371, 65, 16, 49, 'Friday', '13:00:00', '14:30:00', '1', '2025-2026', 'prelim', 'lecture'),
(29272, 373, 65, 16, 49, 'Friday', '10:00:00', '11:30:00', '1', '2025-2026', 'prelim', 'lecture'),
(29273, 375, 94, 38, 49, 'Friday', '07:00:00', '08:30:00', '1', '2025-2026', 'prelim', 'lecture'),
(29274, 861, 43, 35, 49, 'Friday', '08:30:00', '10:00:00', '1', '2025-2026', 'prelim', 'lecture'),
(29275, 864, 32, 34, 49, 'Thursday', '16:00:00', '17:30:00', '1', '2025-2026', 'prelim', 'lecture'),
(29276, 867, 26, 35, 49, 'Thursday', '14:30:00', '16:00:00', '1', '2025-2026', 'prelim', 'lecture'),
(29277, 380, 42, 36, 50, 'Wednesday', '16:00:00', '17:30:00', '1', '2025-2026', 'prelim', 'pe'),
(29278, 368, 64, 39, 50, 'Friday', '16:00:00', '17:30:00', '1', '2025-2026', 'prelim', 'lecture'),
(29279, 369, 67, 38, 50, 'Friday', '13:00:00', '14:30:00', '1', '2025-2026', 'prelim', 'lecture'),
(29280, 371, 65, 39, 50, 'Friday', '14:30:00', '16:00:00', '1', '2025-2026', 'prelim', 'lecture'),
(29281, 373, 65, 34, 50, 'Friday', '08:30:00', '10:00:00', '1', '2025-2026', 'prelim', 'lecture'),
(29282, 375, 94, 38, 50, 'Friday', '10:00:00', '11:30:00', '1', '2025-2026', 'prelim', 'lecture'),
(29283, 861, 43, 35, 50, 'Friday', '07:00:00', '08:30:00', '1', '2025-2026', 'prelim', 'lecture'),
(29284, 864, 32, 34, 50, 'Thursday', '14:30:00', '16:00:00', '1', '2025-2026', 'prelim', 'lecture'),
(29285, 867, 26, 33, 50, 'Thursday', '16:00:00', '17:30:00', '1', '2025-2026', 'prelim', 'lecture'),
(29286, 380, 42, 36, 51, 'Thursday', '07:00:00', '08:30:00', '1', '2025-2026', 'prelim', 'pe'),
(29287, 368, 64, 35, 51, 'Friday', '13:00:00', '14:30:00', '1', '2025-2026', 'prelim', 'lecture'),
(29288, 369, 67, 33, 51, 'Friday', '08:30:00', '10:00:00', '1', '2025-2026', 'prelim', 'lecture'),
(29289, 371, 65, 16, 51, 'Friday', '16:00:00', '17:30:00', '1', '2025-2026', 'prelim', 'lecture'),
(29290, 373, 65, 34, 51, 'Friday', '07:00:00', '08:30:00', '1', '2025-2026', 'prelim', 'lecture'),
(29291, 375, 39, 16, 51, 'Friday', '14:30:00', '16:00:00', '1', '2025-2026', 'prelim', 'lecture'),
(29292, 861, 43, 35, 51, 'Friday', '10:00:00', '11:30:00', '1', '2025-2026', 'prelim', 'lecture'),
(29293, 864, 32, 35, 51, 'Thursday', '13:00:00', '14:30:00', '1', '2025-2026', 'prelim', 'lecture'),
(29294, 867, 26, 38, 51, 'Thursday', '10:00:00', '11:30:00', '1', '2025-2026', 'prelim', 'lecture'),
(29295, 380, 42, 36, 74, 'Thursday', '08:30:00', '10:00:00', '1', '2025-2026', 'prelim', 'pe'),
(29296, 377, 43, 35, 74, 'Wednesday', '07:00:00', '08:30:00', '1', '2025-2026', 'prelim', 'lecture'),
(29297, 378, 31, 35, 74, 'Wednesday', '08:30:00', '10:00:00', '1', '2025-2026', 'prelim', 'lecture'),
(29298, 379, 28, 35, 74, 'Thursday', '10:00:00', '11:30:00', '1', '2025-2026', 'prelim', 'lecture'),
(29299, 428, 95, 35, 74, 'Wednesday', '13:00:00', '14:30:00', '1', '2025-2026', 'prelim', 'lecture'),
(29300, 694, 32, 17, 74, 'Friday', '07:00:00', '08:30:00', '1', '2025-2026', 'prelim', 'lecture'),
(29301, 695, 27, 17, 74, 'Thursday', '13:00:00', '14:30:00', '1', '2025-2026', 'prelim', 'lecture'),
(29302, 886, 33, 17, 74, 'Thursday', '14:30:00', '16:00:00', '1', '2025-2026', 'prelim', 'lecture'),
(29303, 380, 42, 36, 85, 'Thursday', '10:00:00', '11:30:00', '1', '2025-2026', 'prelim', 'pe'),
(29304, 593, 27, 38, 85, 'Wednesday', '07:00:00', '08:30:00', '1', '2025-2026', 'prelim', 'lecture'),
(29305, 594, 26, 38, 85, 'Wednesday', '08:30:00', '10:00:00', '1', '2025-2026', 'prelim', 'lecture'),
(29306, 595, 42, 32, 85, 'Thursday', '13:00:00', '14:30:00', '1', '2025-2026', 'prelim', 'lecture'),
(29307, 843, 35, 38, 85, 'Wednesday', '10:00:00', '11:30:00', '1', '2025-2026', 'prelim', 'lecture'),
(29308, 844, 40, 38, 85, 'Wednesday', '13:00:00', '14:30:00', '1', '2025-2026', 'prelim', 'lecture'),
(29309, 853, 33, 33, 85, 'Wednesday', '14:30:00', '16:00:00', '1', '2025-2026', 'prelim', 'lecture'),
(29310, 855, 78, 33, 85, 'Wednesday', '16:00:00', '17:30:00', '1', '2025-2026', 'prelim', 'lecture'),
(29311, 820, 51, 22, 42, 'Wednesday', '07:00:00', '08:30:00', '1', '2025-2026', 'midterm', 'lecture'),
(29312, 821, 53, 22, 42, 'Wednesday', '08:30:00', '10:00:00', '1', '2025-2026', 'midterm', 'lecture'),
(29313, 823, 57, 22, 42, 'Wednesday', '10:00:00', '11:30:00', '1', '2025-2026', 'midterm', 'lecture'),
(29314, 825, 50, 22, 42, 'Wednesday', '13:00:00', '14:30:00', '1', '2025-2026', 'midterm', 'lecture'),
(29315, 820, 51, 23, 43, 'Wednesday', '08:30:00', '10:00:00', '1', '2025-2026', 'midterm', 'lecture'),
(29316, 821, 89, 23, 43, 'Wednesday', '07:00:00', '08:30:00', '1', '2025-2026', 'midterm', 'lecture'),
(29317, 823, 55, 23, 43, 'Wednesday', '10:00:00', '11:30:00', '1', '2025-2026', 'midterm', 'lecture'),
(29318, 825, 50, 22, 43, 'Wednesday', '14:30:00', '16:00:00', '1', '2025-2026', 'midterm', 'lecture'),
(29319, 515, 58, 18, 70, 'Wednesday', '07:00:00', '08:30:00', '1', '2025-2026', 'midterm', 'lecture'),
(29320, 517, 62, 18, 70, 'Wednesday', '08:30:00', '10:00:00', '1', '2025-2026', 'midterm', 'lecture'),
(29321, 519, 92, 18, 70, 'Wednesday', '10:00:00', '11:30:00', '1', '2025-2026', 'midterm', 'lecture'),
(29322, 521, 68, 18, 70, 'Wednesday', '13:00:00', '14:30:00', '1', '2025-2026', 'midterm', 'lecture'),
(29323, 522, 61, 18, 70, 'Wednesday', '14:30:00', '16:00:00', '1', '2025-2026', 'midterm', 'lecture'),
(29324, 829, 63, 18, 70, 'Wednesday', '16:00:00', '17:30:00', '1', '2025-2026', 'midterm', 'lecture'),
(29325, 515, 58, 19, 71, 'Wednesday', '08:30:00', '10:00:00', '1', '2025-2026', 'midterm', 'lecture'),
(29326, 517, 62, 19, 71, 'Wednesday', '07:00:00', '08:30:00', '1', '2025-2026', 'midterm', 'lecture'),
(29327, 519, 92, 19, 71, 'Wednesday', '13:00:00', '14:30:00', '1', '2025-2026', 'midterm', 'lecture'),
(29328, 521, 68, 19, 71, 'Wednesday', '10:00:00', '11:30:00', '1', '2025-2026', 'midterm', 'lecture'),
(29329, 522, 61, 19, 71, 'Wednesday', '16:00:00', '17:30:00', '1', '2025-2026', 'midterm', 'lecture'),
(29330, 829, 63, 19, 71, 'Wednesday', '14:30:00', '16:00:00', '1', '2025-2026', 'midterm', 'lecture'),
(29331, 732, 29, 16, 84, 'Wednesday', '07:00:00', '08:30:00', '1', '2025-2026', 'midterm', 'lecture'),
(29332, 756, 29, 16, 84, 'Wednesday', '08:30:00', '10:00:00', '1', '2025-2026', 'midterm', 'lecture'),
(29333, 833, 28, 16, 84, 'Wednesday', '10:00:00', '11:30:00', '1', '2025-2026', 'midterm', 'lecture'),
(29334, 648, 97, 31, 98, 'Wednesday', '07:00:00', '08:30:00', '1', '2025-2026', 'midterm', 'lecture'),
(29335, 649, 97, 31, 98, 'Wednesday', '08:30:00', '10:00:00', '1', '2025-2026', 'midterm', 'lecture'),
(29336, 887, 97, 31, 98, 'Wednesday', '10:00:00', '11:30:00', '1', '2025-2026', 'midterm', 'lecture'),
(29337, 515, 58, 21, 102, 'Wednesday', '10:00:00', '11:30:00', '1', '2025-2026', 'midterm', 'lecture'),
(29338, 517, 62, 21, 102, 'Wednesday', '13:00:00', '14:30:00', '1', '2025-2026', 'midterm', 'lecture'),
(29339, 519, 92, 21, 102, 'Wednesday', '07:00:00', '08:30:00', '1', '2025-2026', 'midterm', 'lecture'),
(29340, 521, 68, 21, 102, 'Wednesday', '08:30:00', '10:00:00', '1', '2025-2026', 'midterm', 'lecture'),
(29341, 522, 61, 18, 102, 'Thursday', '07:00:00', '08:30:00', '1', '2025-2026', 'midterm', 'lecture'),
(29342, 829, 63, 18, 102, 'Thursday', '08:30:00', '10:00:00', '1', '2025-2026', 'midterm', 'lecture'),
(29343, 820, 51, 24, 104, 'Wednesday', '10:00:00', '11:30:00', '1', '2025-2026', 'midterm', 'lecture'),
(29344, 821, 89, 24, 104, 'Wednesday', '08:30:00', '10:00:00', '1', '2025-2026', 'midterm', 'lecture'),
(29345, 823, 57, 24, 104, 'Wednesday', '07:00:00', '08:30:00', '1', '2025-2026', 'midterm', 'lecture'),
(29346, 825, 50, 22, 104, 'Wednesday', '16:00:00', '17:30:00', '1', '2025-2026', 'midterm', 'lecture'),
(29347, 796, 72, 25, 36, 'Wednesday', '07:00:00', '08:30:00', '1', '2025-2026', 'midterm', 'lecture'),
(29348, 798, 55, 25, 36, 'Wednesday', '08:30:00', '10:00:00', '1', '2025-2026', 'midterm', 'lecture'),
(29349, 800, 50, 25, 36, 'Wednesday', '10:00:00', '11:30:00', '1', '2025-2026', 'midterm', 'lecture'),
(29350, 802, 56, 23, 36, 'Wednesday', '13:00:00', '14:30:00', '1', '2025-2026', 'midterm', 'lecture'),
(29351, 804, 56, 23, 36, 'Wednesday', '14:30:00', '16:00:00', '1', '2025-2026', 'midterm', 'lecture'),
(29352, 806, 89, 23, 36, 'Wednesday', '16:00:00', '17:30:00', '1', '2025-2026', 'midterm', 'lecture'),
(29353, 808, 89, 22, 36, 'Thursday', '07:00:00', '08:30:00', '1', '2025-2026', 'midterm', 'lecture'),
(29354, 796, 72, 41, 37, 'Wednesday', '08:30:00', '10:00:00', '1', '2025-2026', 'midterm', 'lecture'),
(29355, 798, 54, 41, 37, 'Wednesday', '07:00:00', '08:30:00', '1', '2025-2026', 'midterm', 'lecture'),
(29356, 800, 50, 23, 37, 'Thursday', '07:00:00', '08:30:00', '1', '2025-2026', 'midterm', 'lecture'),
(29357, 802, 56, 41, 37, 'Wednesday', '10:00:00', '11:30:00', '1', '2025-2026', 'midterm', 'lecture'),
(29358, 804, 56, 24, 37, 'Wednesday', '16:00:00', '17:30:00', '1', '2025-2026', 'midterm', 'lecture'),
(29359, 806, 89, 24, 37, 'Wednesday', '13:00:00', '14:30:00', '1', '2025-2026', 'midterm', 'lecture'),
(29360, 808, 89, 24, 37, 'Wednesday', '14:30:00', '16:00:00', '1', '2025-2026', 'midterm', 'lecture'),
(29361, 484, 96, 39, 63, 'Wednesday', '07:00:00', '08:30:00', '1', '2025-2026', 'midterm', 'lecture'),
(29362, 485, 62, 39, 63, 'Wednesday', '10:00:00', '11:30:00', '1', '2025-2026', 'midterm', 'lecture'),
(29363, 487, 92, 39, 63, 'Wednesday', '08:30:00', '10:00:00', '1', '2025-2026', 'midterm', 'lecture'),
(29364, 489, 63, 39, 63, 'Wednesday', '13:00:00', '14:30:00', '1', '2025-2026', 'midterm', 'lecture'),
(29365, 490, 63, 19, 63, 'Thursday', '07:00:00', '08:30:00', '1', '2025-2026', 'midterm', 'lecture'),
(29366, 491, 59, 21, 63, 'Wednesday', '14:30:00', '16:00:00', '1', '2025-2026', 'midterm', 'lecture'),
(29367, 493, 66, 21, 63, 'Wednesday', '16:00:00', '17:30:00', '1', '2025-2026', 'midterm', 'lecture'),
(29368, 495, 66, 19, 63, 'Thursday', '08:30:00', '10:00:00', '1', '2025-2026', 'midterm', 'lecture'),
(29369, 484, 96, 39, 64, 'Wednesday', '14:30:00', '16:00:00', '1', '2025-2026', 'midterm', 'lecture'),
(29370, 485, 62, 39, 64, 'Wednesday', '16:00:00', '17:30:00', '1', '2025-2026', 'midterm', 'lecture'),
(29371, 487, 92, 21, 64, 'Thursday', '07:00:00', '08:30:00', '1', '2025-2026', 'midterm', 'lecture'),
(29372, 489, 63, 18, 64, 'Thursday', '10:00:00', '11:30:00', '1', '2025-2026', 'midterm', 'lecture'),
(29373, 490, 63, 18, 64, 'Thursday', '13:00:00', '14:30:00', '1', '2025-2026', 'midterm', 'lecture'),
(29374, 491, 59, 21, 64, 'Thursday', '08:30:00', '10:00:00', '1', '2025-2026', 'midterm', 'lecture'),
(29375, 493, 66, 18, 64, 'Thursday', '14:30:00', '16:00:00', '1', '2025-2026', 'midterm', 'lecture'),
(29376, 495, 66, 18, 64, 'Thursday', '16:00:00', '17:30:00', '1', '2025-2026', 'midterm', 'lecture'),
(29377, 484, 96, 39, 66, 'Thursday', '07:00:00', '08:30:00', '1', '2025-2026', 'midterm', 'lecture'),
(29378, 485, 62, 39, 66, 'Thursday', '08:30:00', '10:00:00', '1', '2025-2026', 'midterm', 'lecture'),
(29379, 487, 92, 19, 66, 'Thursday', '10:00:00', '11:30:00', '1', '2025-2026', 'midterm', 'lecture'),
(29380, 489, 63, 19, 66, 'Thursday', '14:30:00', '16:00:00', '1', '2025-2026', 'midterm', 'lecture'),
(29381, 490, 63, 19, 66, 'Thursday', '16:00:00', '17:30:00', '1', '2025-2026', 'midterm', 'lecture'),
(29382, 491, 59, 19, 66, 'Thursday', '13:00:00', '14:30:00', '1', '2025-2026', 'midterm', 'lecture'),
(29383, 493, 66, 18, 66, 'Friday', '07:00:00', '08:30:00', '1', '2025-2026', 'midterm', 'lecture'),
(29384, 495, 66, 18, 66, 'Friday', '08:30:00', '10:00:00', '1', '2025-2026', 'midterm', 'lecture'),
(29385, 715, 32, 17, 80, 'Wednesday', '07:00:00', '08:30:00', '1', '2025-2026', 'midterm', 'lecture'),
(29386, 716, 36, 17, 80, 'Wednesday', '08:30:00', '10:00:00', '1', '2025-2026', 'midterm', 'lecture'),
(29387, 721, 27, 17, 80, 'Wednesday', '10:00:00', '11:30:00', '1', '2025-2026', 'midterm', 'lecture'),
(29388, 739, 33, 16, 80, 'Wednesday', '13:00:00', '14:30:00', '1', '2025-2026', 'midterm', 'lecture'),
(29389, 740, 39, 16, 80, 'Wednesday', '14:30:00', '16:00:00', '1', '2025-2026', 'midterm', 'lecture'),
(29390, 741, 31, 16, 80, 'Wednesday', '16:00:00', '17:30:00', '1', '2025-2026', 'midterm', 'lecture'),
(29391, 742, 39, 16, 80, 'Thursday', '07:00:00', '08:30:00', '1', '2025-2026', 'midterm', 'lecture'),
(29392, 743, 32, 16, 80, 'Thursday', '08:30:00', '10:00:00', '1', '2025-2026', 'midterm', 'lecture'),
(29393, 744, 95, 16, 80, 'Thursday', '10:00:00', '11:30:00', '1', '2025-2026', 'midterm', 'lecture'),
(29394, 715, 32, 17, 81, 'Wednesday', '07:00:00', '08:30:00', '1', '2025-2026', 'midterm', 'lecture'),
(29395, 716, 36, 17, 81, 'Wednesday', '08:30:00', '10:00:00', '1', '2025-2026', 'midterm', 'lecture'),
(29396, 717, 28, 17, 81, 'Wednesday', '13:00:00', '14:30:00', '1', '2025-2026', 'midterm', 'lecture'),
(29397, 718, 27, 17, 81, 'Wednesday', '14:30:00', '16:00:00', '1', '2025-2026', 'midterm', 'lecture'),
(29398, 719, 28, 17, 81, 'Wednesday', '16:00:00', '17:30:00', '1', '2025-2026', 'midterm', 'lecture'),
(29399, 720, 27, 17, 81, 'Thursday', '07:00:00', '08:30:00', '1', '2025-2026', 'midterm', 'lecture'),
(29400, 721, 27, 17, 81, 'Wednesday', '10:00:00', '11:30:00', '1', '2025-2026', 'midterm', 'lecture'),
(29401, 832, 21, 17, 81, 'Thursday', '08:30:00', '10:00:00', '1', '2025-2026', 'midterm', 'lecture'),
(29402, 624, 48, 32, 91, 'Wednesday', '07:00:00', '08:30:00', '1', '2025-2026', 'midterm', 'lecture'),
(29403, 625, 37, 32, 91, 'Wednesday', '08:30:00', '10:00:00', '1', '2025-2026', 'midterm', 'lecture'),
(29404, 626, 36, 32, 91, 'Wednesday', '10:00:00', '11:30:00', '1', '2025-2026', 'midterm', 'lecture'),
(29405, 631, 44, 31, 91, 'Wednesday', '13:00:00', '14:30:00', '1', '2025-2026', 'midterm', 'lecture'),
(29406, 632, 64, 31, 91, 'Wednesday', '14:30:00', '16:00:00', '1', '2025-2026', 'midterm', 'lecture'),
(29407, 633, 45, 31, 91, 'Wednesday', '16:00:00', '17:30:00', '1', '2025-2026', 'midterm', 'lecture'),
(29408, 634, 27, 31, 91, 'Thursday', '08:30:00', '10:00:00', '1', '2025-2026', 'midterm', 'lecture'),
(29409, 686, 44, 31, 91, 'Thursday', '07:00:00', '08:30:00', '1', '2025-2026', 'midterm', 'lecture'),
(29410, 834, 45, 31, 91, 'Thursday', '10:00:00', '11:30:00', '1', '2025-2026', 'midterm', 'lecture'),
(29411, 624, 48, 32, 93, 'Wednesday', '07:00:00', '08:30:00', '1', '2025-2026', 'midterm', 'lecture'),
(29412, 625, 37, 32, 93, 'Wednesday', '08:30:00', '10:00:00', '1', '2025-2026', 'midterm', 'lecture'),
(29413, 626, 36, 32, 93, 'Wednesday', '10:00:00', '11:30:00', '1', '2025-2026', 'midterm', 'lecture'),
(29414, 631, 44, 31, 93, 'Wednesday', '13:00:00', '14:30:00', '1', '2025-2026', 'midterm', 'lecture'),
(29415, 632, 64, 31, 93, 'Wednesday', '14:30:00', '16:00:00', '1', '2025-2026', 'midterm', 'lecture'),
(29416, 633, 45, 31, 93, 'Wednesday', '16:00:00', '17:30:00', '1', '2025-2026', 'midterm', 'lecture'),
(29417, 634, 27, 31, 93, 'Thursday', '08:30:00', '10:00:00', '1', '2025-2026', 'midterm', 'lecture'),
(29418, 663, 47, 32, 93, 'Thursday', '07:00:00', '08:30:00', '1', '2025-2026', 'midterm', 'lecture'),
(29419, 665, 46, 32, 93, 'Thursday', '10:00:00', '11:30:00', '1', '2025-2026', 'midterm', 'lecture'),
(29420, 406, 41, 36, 30, 'Wednesday', '07:00:00', '08:30:00', '1', '2025-2026', 'midterm', 'pe'),
(29421, 771, 96, 25, 30, 'Wednesday', '13:00:00', '14:30:00', '1', '2025-2026', 'midterm', 'lecture'),
(29422, 773, 38, 25, 30, 'Wednesday', '14:30:00', '16:00:00', '1', '2025-2026', 'midterm', 'lecture'),
(29423, 774, 55, 25, 30, 'Wednesday', '16:00:00', '17:30:00', '1', '2025-2026', 'midterm', 'lecture'),
(29424, 776, 57, 24, 30, 'Thursday', '07:00:00', '08:30:00', '1', '2025-2026', 'midterm', 'lecture'),
(29425, 778, 54, 22, 30, 'Thursday', '08:30:00', '10:00:00', '1', '2025-2026', 'midterm', 'lecture'),
(29426, 780, 36, 22, 30, 'Thursday', '10:00:00', '11:30:00', '1', '2025-2026', 'midterm', 'lecture'),
(29427, 854, 33, 22, 30, 'Thursday', '13:00:00', '14:30:00', '1', '2025-2026', 'midterm', 'lecture'),
(29428, 856, 69, 22, 30, 'Thursday', '14:30:00', '16:00:00', '1', '2025-2026', 'midterm', 'lecture'),
(29429, 406, 41, 36, 31, 'Wednesday', '08:30:00', '10:00:00', '1', '2025-2026', 'midterm', 'pe'),
(29430, 771, 96, 41, 31, 'Wednesday', '16:00:00', '17:30:00', '1', '2025-2026', 'midterm', 'lecture'),
(29431, 773, 38, 41, 31, 'Wednesday', '13:00:00', '14:30:00', '1', '2025-2026', 'midterm', 'lecture'),
(29432, 774, 55, 41, 31, 'Wednesday', '14:30:00', '16:00:00', '1', '2025-2026', 'midterm', 'lecture'),
(29433, 776, 57, 23, 31, 'Thursday', '08:30:00', '10:00:00', '1', '2025-2026', 'midterm', 'lecture'),
(29434, 778, 54, 25, 31, 'Thursday', '07:00:00', '08:30:00', '1', '2025-2026', 'midterm', 'lecture'),
(29435, 780, 36, 23, 31, 'Thursday', '13:00:00', '14:30:00', '1', '2025-2026', 'midterm', 'lecture'),
(29436, 854, 33, 23, 31, 'Thursday', '10:00:00', '11:30:00', '1', '2025-2026', 'midterm', 'lecture'),
(29437, 856, 69, 22, 31, 'Thursday', '16:00:00', '17:30:00', '1', '2025-2026', 'midterm', 'lecture'),
(29438, 406, 41, 36, 32, 'Wednesday', '10:00:00', '11:30:00', '1', '2025-2026', 'midterm', 'pe'),
(29439, 771, 96, 24, 32, 'Thursday', '08:30:00', '10:00:00', '1', '2025-2026', 'midterm', 'lecture'),
(29440, 773, 38, 41, 32, 'Thursday', '07:00:00', '08:30:00', '1', '2025-2026', 'midterm', 'lecture'),
(29441, 774, 55, 24, 32, 'Thursday', '10:00:00', '11:30:00', '1', '2025-2026', 'midterm', 'lecture'),
(29442, 776, 57, 24, 32, 'Thursday', '13:00:00', '14:30:00', '1', '2025-2026', 'midterm', 'lecture'),
(29443, 778, 54, 23, 32, 'Thursday', '14:30:00', '16:00:00', '1', '2025-2026', 'midterm', 'lecture'),
(29444, 780, 36, 23, 32, 'Thursday', '16:00:00', '17:30:00', '1', '2025-2026', 'midterm', 'lecture'),
(29445, 854, 33, 22, 32, 'Friday', '07:00:00', '08:30:00', '1', '2025-2026', 'midterm', 'lecture'),
(29446, 856, 69, 22, 32, 'Friday', '08:30:00', '10:00:00', '1', '2025-2026', 'midterm', 'lecture'),
(29447, 406, 41, 36, 38, 'Wednesday', '13:00:00', '14:30:00', '1', '2025-2026', 'midterm', 'pe'),
(29448, 771, 96, 25, 38, 'Thursday', '10:00:00', '11:30:00', '1', '2025-2026', 'midterm', 'lecture'),
(29449, 773, 38, 25, 38, 'Thursday', '08:30:00', '10:00:00', '1', '2025-2026', 'midterm', 'lecture'),
(29450, 774, 55, 25, 38, 'Thursday', '13:00:00', '14:30:00', '1', '2025-2026', 'midterm', 'lecture'),
(29451, 776, 57, 24, 38, 'Thursday', '14:30:00', '16:00:00', '1', '2025-2026', 'midterm', 'lecture'),
(29452, 778, 54, 24, 38, 'Thursday', '16:00:00', '17:30:00', '1', '2025-2026', 'midterm', 'lecture'),
(29453, 780, 38, 23, 38, 'Friday', '07:00:00', '08:30:00', '1', '2025-2026', 'midterm', 'lecture'),
(29454, 854, 33, 23, 38, 'Friday', '08:30:00', '10:00:00', '1', '2025-2026', 'midterm', 'lecture'),
(29455, 856, 69, 22, 38, 'Friday', '10:00:00', '11:30:00', '1', '2025-2026', 'midterm', 'lecture'),
(29456, 406, 41, 36, 57, 'Wednesday', '14:30:00', '16:00:00', '1', '2025-2026', 'midterm', 'pe'),
(29457, 393, 64, 21, 57, 'Thursday', '10:00:00', '11:30:00', '1', '2025-2026', 'midterm', 'lecture'),
(29458, 395, 94, 21, 57, 'Thursday', '13:00:00', '14:30:00', '1', '2025-2026', 'midterm', 'lecture'),
(29459, 397, 67, 21, 57, 'Thursday', '14:30:00', '16:00:00', '1', '2025-2026', 'midterm', 'lecture'),
(29460, 399, 59, 21, 57, 'Thursday', '16:00:00', '17:30:00', '1', '2025-2026', 'midterm', 'lecture'),
(29461, 401, 68, 19, 57, 'Friday', '07:00:00', '08:30:00', '1', '2025-2026', 'midterm', 'lecture'),
(29462, 402, 68, 19, 57, 'Friday', '08:30:00', '10:00:00', '1', '2025-2026', 'midterm', 'lecture'),
(29463, 403, 91, 18, 57, 'Friday', '10:00:00', '11:30:00', '1', '2025-2026', 'midterm', 'lecture'),
(29464, 880, 95, 18, 57, 'Friday', '13:00:00', '14:30:00', '1', '2025-2026', 'midterm', 'lecture'),
(29465, 406, 41, 36, 58, 'Wednesday', '16:00:00', '17:30:00', '1', '2025-2026', 'midterm', 'pe'),
(29466, 393, 64, 39, 58, 'Thursday', '13:00:00', '14:30:00', '1', '2025-2026', 'midterm', 'lecture'),
(29467, 395, 94, 39, 58, 'Thursday', '10:00:00', '11:30:00', '1', '2025-2026', 'midterm', 'lecture'),
(29468, 397, 67, 39, 58, 'Thursday', '16:00:00', '17:30:00', '1', '2025-2026', 'midterm', 'lecture'),
(29469, 399, 61, 39, 58, 'Thursday', '14:30:00', '16:00:00', '1', '2025-2026', 'midterm', 'lecture'),
(29470, 401, 68, 19, 58, 'Friday', '10:00:00', '11:30:00', '1', '2025-2026', 'midterm', 'lecture'),
(29471, 402, 68, 19, 58, 'Friday', '13:00:00', '14:30:00', '1', '2025-2026', 'midterm', 'lecture'),
(29472, 403, 91, 21, 58, 'Friday', '07:00:00', '08:30:00', '1', '2025-2026', 'midterm', 'lecture'),
(29473, 880, 95, 21, 58, 'Friday', '08:30:00', '10:00:00', '1', '2025-2026', 'midterm', 'lecture'),
(29474, 406, 41, 36, 59, 'Thursday', '07:00:00', '08:30:00', '1', '2025-2026', 'midterm', 'pe'),
(29475, 393, 64, 39, 59, 'Friday', '07:00:00', '08:30:00', '1', '2025-2026', 'midterm', 'lecture'),
(29476, 395, 94, 39, 59, 'Friday', '08:30:00', '10:00:00', '1', '2025-2026', 'midterm', 'lecture'),
(29477, 397, 67, 21, 59, 'Friday', '10:00:00', '11:30:00', '1', '2025-2026', 'midterm', 'lecture'),
(29478, 399, 61, 21, 59, 'Friday', '13:00:00', '14:30:00', '1', '2025-2026', 'midterm', 'lecture'),
(29479, 401, 68, 18, 59, 'Friday', '14:30:00', '16:00:00', '1', '2025-2026', 'midterm', 'lecture'),
(29480, 402, 68, 18, 59, 'Friday', '16:00:00', '17:30:00', '1', '2025-2026', 'midterm', 'lecture'),
(29481, 403, 91, 16, 59, 'Thursday', '16:00:00', '17:30:00', '1', '2025-2026', 'midterm', 'lecture'),
(29482, 880, 95, 16, 59, 'Thursday', '14:30:00', '16:00:00', '1', '2025-2026', 'midterm', 'lecture'),
(29483, 406, 41, 36, 76, 'Thursday', '08:30:00', '10:00:00', '1', '2025-2026', 'midterm', 'pe'),
(29484, 698, 32, 34, 76, 'Wednesday', '08:30:00', '10:00:00', '1', '2025-2026', 'midterm', 'lecture'),
(29485, 700, 95, 34, 76, 'Wednesday', '07:00:00', '08:30:00', '1', '2025-2026', 'midterm', 'lecture'),
(29486, 701, 27, 34, 76, 'Wednesday', '13:00:00', '14:30:00', '1', '2025-2026', 'midterm', 'lecture'),
(29487, 702, 21, 34, 76, 'Wednesday', '10:00:00', '11:30:00', '1', '2025-2026', 'midterm', 'lecture'),
(29488, 703, 26, 34, 76, 'Wednesday', '14:30:00', '16:00:00', '1', '2025-2026', 'midterm', 'lecture'),
(29489, 704, 26, 34, 76, 'Wednesday', '16:00:00', '17:30:00', '1', '2025-2026', 'midterm', 'lecture'),
(29490, 705, 47, 17, 76, 'Thursday', '10:00:00', '11:30:00', '1', '2025-2026', 'midterm', 'lecture'),
(29491, 841, 21, 34, 76, 'Thursday', '07:00:00', '08:30:00', '1', '2025-2026', 'midterm', 'lecture'),
(29492, 406, 41, 36, 87, 'Thursday', '10:00:00', '11:30:00', '1', '2025-2026', 'midterm', 'pe'),
(29493, 598, 21, 33, 87, 'Wednesday', '07:00:00', '08:30:00', '1', '2025-2026', 'midterm', 'lecture'),
(29494, 599, 95, 33, 87, 'Wednesday', '08:30:00', '10:00:00', '1', '2025-2026', 'midterm', 'lecture'),
(29495, 600, 27, 32, 87, 'Wednesday', '16:00:00', '17:30:00', '1', '2025-2026', 'midterm', 'lecture'),
(29496, 601, 47, 33, 87, 'Wednesday', '10:00:00', '11:30:00', '1', '2025-2026', 'midterm', 'lecture'),
(29497, 608, 44, 32, 87, 'Wednesday', '14:30:00', '16:00:00', '1', '2025-2026', 'midterm', 'lecture'),
(29498, 673, 44, 32, 87, 'Thursday', '08:30:00', '10:00:00', '1', '2025-2026', 'midterm', 'lecture'),
(29499, 675, 45, 32, 87, 'Wednesday', '13:00:00', '14:30:00', '1', '2025-2026', 'midterm', 'lecture'),
(29500, 677, 44, 31, 87, 'Thursday', '13:00:00', '14:30:00', '1', '2025-2026', 'midterm', 'lecture'),
(29501, 406, 41, 36, 89, 'Thursday', '13:00:00', '14:30:00', '1', '2025-2026', 'midterm', 'pe'),
(29502, 598, 21, 33, 89, 'Wednesday', '07:00:00', '08:30:00', '1', '2025-2026', 'midterm', 'lecture'),
(29503, 599, 95, 33, 89, 'Wednesday', '08:30:00', '10:00:00', '1', '2025-2026', 'midterm', 'lecture'),
(29504, 600, 27, 32, 89, 'Wednesday', '16:00:00', '17:30:00', '1', '2025-2026', 'midterm', 'lecture'),
(29505, 601, 47, 33, 89, 'Wednesday', '10:00:00', '11:30:00', '1', '2025-2026', 'midterm', 'lecture'),
(29506, 608, 44, 32, 89, 'Wednesday', '14:30:00', '16:00:00', '1', '2025-2026', 'midterm', 'lecture'),
(29507, 650, 47, 33, 89, 'Wednesday', '13:00:00', '14:30:00', '1', '2025-2026', 'midterm', 'lecture'),
(29508, 652, 46, 33, 89, 'Thursday', '07:00:00', '08:30:00', '1', '2025-2026', 'midterm', 'lecture'),
(29509, 653, 44, 33, 89, 'Thursday', '10:00:00', '11:30:00', '1', '2025-2026', 'midterm', 'lecture'),
(29510, 406, 41, 36, 99, 'Thursday', '14:30:00', '16:00:00', '1', '2025-2026', 'midterm', 'pe'),
(29511, 698, 32, 34, 99, 'Wednesday', '08:30:00', '10:00:00', '1', '2025-2026', 'midterm', 'lecture'),
(29512, 700, 95, 34, 99, 'Wednesday', '07:00:00', '08:30:00', '1', '2025-2026', 'midterm', 'lecture'),
(29513, 701, 27, 34, 99, 'Wednesday', '13:00:00', '14:30:00', '1', '2025-2026', 'midterm', 'lecture'),
(29514, 705, 47, 35, 99, 'Wednesday', '14:30:00', '16:00:00', '1', '2025-2026', 'midterm', 'lecture'),
(29515, 733, 39, 35, 99, 'Wednesday', '10:00:00', '11:30:00', '1', '2025-2026', 'midterm', 'lecture'),
(29516, 734, 29, 35, 99, 'Wednesday', '16:00:00', '17:30:00', '1', '2025-2026', 'midterm', 'lecture'),
(29517, 735, 31, 35, 99, 'Thursday', '07:00:00', '08:30:00', '1', '2025-2026', 'midterm', 'lecture'),
(29518, 841, 21, 34, 99, 'Thursday', '10:00:00', '11:30:00', '1', '2025-2026', 'midterm', 'lecture'),
(29519, 406, 41, 36, 100, 'Thursday', '16:00:00', '17:30:00', '1', '2025-2026', 'midterm', 'pe');
INSERT INTO `schedules` (`id`, `subject_id`, `teacher_id`, `classroom_id`, `section_id`, `day`, `start_time`, `end_time`, `semester`, `academic_year`, `exam_type`, `subject_type`) VALUES
(29520, 393, 64, 39, 100, 'Friday', '10:00:00', '11:30:00', '1', '2025-2026', 'midterm', 'lecture'),
(29521, 395, 94, 39, 100, 'Friday', '13:00:00', '14:30:00', '1', '2025-2026', 'midterm', 'lecture'),
(29522, 397, 67, 19, 100, 'Friday', '14:30:00', '16:00:00', '1', '2025-2026', 'midterm', 'lecture'),
(29523, 399, 61, 19, 100, 'Friday', '16:00:00', '17:30:00', '1', '2025-2026', 'midterm', 'lecture'),
(29524, 401, 68, 38, 100, 'Thursday', '14:30:00', '16:00:00', '1', '2025-2026', 'midterm', 'lecture'),
(29525, 402, 68, 16, 100, 'Thursday', '13:00:00', '14:30:00', '1', '2025-2026', 'midterm', 'lecture'),
(29526, 403, 91, 16, 100, 'Friday', '08:30:00', '10:00:00', '1', '2025-2026', 'midterm', 'lecture'),
(29527, 880, 95, 16, 100, 'Friday', '07:00:00', '08:30:00', '1', '2025-2026', 'midterm', 'lecture'),
(29528, 380, 42, 36, 19, 'Wednesday', '07:00:00', '08:30:00', '1', '2025-2026', 'midterm', 'pe'),
(29529, 757, 69, 41, 19, 'Thursday', '08:30:00', '10:00:00', '1', '2025-2026', 'midterm', 'lecture'),
(29530, 758, 40, 41, 19, 'Thursday', '10:00:00', '11:30:00', '1', '2025-2026', 'midterm', 'lecture'),
(29531, 759, 96, 41, 19, 'Thursday', '13:00:00', '14:30:00', '1', '2025-2026', 'midterm', 'lecture'),
(29532, 760, 51, 25, 19, 'Thursday', '14:30:00', '16:00:00', '1', '2025-2026', 'midterm', 'lecture'),
(29533, 762, 53, 25, 19, 'Thursday', '16:00:00', '17:30:00', '1', '2025-2026', 'midterm', 'lecture'),
(29534, 868, 35, 24, 19, 'Friday', '07:00:00', '08:30:00', '1', '2025-2026', 'midterm', 'lecture'),
(29535, 872, 40, 24, 19, 'Friday', '08:30:00', '10:00:00', '1', '2025-2026', 'midterm', 'lecture'),
(29536, 380, 42, 36, 21, 'Wednesday', '08:30:00', '10:00:00', '1', '2025-2026', 'midterm', 'pe'),
(29537, 757, 69, 25, 21, 'Friday', '07:00:00', '08:30:00', '1', '2025-2026', 'midterm', 'lecture'),
(29538, 758, 40, 41, 21, 'Thursday', '14:30:00', '16:00:00', '1', '2025-2026', 'midterm', 'lecture'),
(29539, 759, 96, 41, 21, 'Thursday', '16:00:00', '17:30:00', '1', '2025-2026', 'midterm', 'lecture'),
(29540, 760, 56, 25, 21, 'Friday', '08:30:00', '10:00:00', '1', '2025-2026', 'midterm', 'lecture'),
(29541, 762, 53, 23, 21, 'Friday', '10:00:00', '11:30:00', '1', '2025-2026', 'midterm', 'lecture'),
(29542, 868, 35, 22, 21, 'Friday', '13:00:00', '14:30:00', '1', '2025-2026', 'midterm', 'lecture'),
(29543, 872, 40, 22, 21, 'Friday', '14:30:00', '16:00:00', '1', '2025-2026', 'midterm', 'lecture'),
(29544, 380, 42, 36, 23, 'Wednesday', '10:00:00', '11:30:00', '1', '2025-2026', 'midterm', 'pe'),
(29545, 757, 69, 23, 23, 'Friday', '13:00:00', '14:30:00', '1', '2025-2026', 'midterm', 'lecture'),
(29546, 758, 40, 41, 23, 'Friday', '07:00:00', '08:30:00', '1', '2025-2026', 'midterm', 'lecture'),
(29547, 759, 96, 41, 23, 'Friday', '08:30:00', '10:00:00', '1', '2025-2026', 'midterm', 'lecture'),
(29548, 760, 56, 24, 23, 'Friday', '10:00:00', '11:30:00', '1', '2025-2026', 'midterm', 'lecture'),
(29549, 762, 53, 23, 23, 'Friday', '14:30:00', '16:00:00', '1', '2025-2026', 'midterm', 'lecture'),
(29550, 868, 35, 22, 23, 'Friday', '16:00:00', '17:30:00', '1', '2025-2026', 'midterm', 'lecture'),
(29551, 872, 40, 38, 23, 'Thursday', '16:00:00', '17:30:00', '1', '2025-2026', 'midterm', 'lecture'),
(29552, 380, 42, 36, 25, 'Wednesday', '13:00:00', '14:30:00', '1', '2025-2026', 'midterm', 'pe'),
(29553, 757, 69, 24, 25, 'Friday', '14:30:00', '16:00:00', '1', '2025-2026', 'midterm', 'lecture'),
(29554, 758, 40, 25, 25, 'Friday', '10:00:00', '11:30:00', '1', '2025-2026', 'midterm', 'lecture'),
(29555, 759, 96, 24, 25, 'Friday', '13:00:00', '14:30:00', '1', '2025-2026', 'midterm', 'lecture'),
(29556, 760, 54, 23, 25, 'Friday', '16:00:00', '17:30:00', '1', '2025-2026', 'midterm', 'lecture'),
(29557, 762, 53, 38, 25, 'Friday', '08:30:00', '10:00:00', '1', '2025-2026', 'midterm', 'lecture'),
(29558, 868, 38, 35, 25, 'Thursday', '16:00:00', '17:30:00', '1', '2025-2026', 'midterm', 'lecture'),
(29559, 872, 40, 38, 25, 'Thursday', '13:00:00', '14:30:00', '1', '2025-2026', 'midterm', 'lecture'),
(29560, 380, 42, 36, 49, 'Wednesday', '14:30:00', '16:00:00', '1', '2025-2026', 'midterm', 'pe'),
(29561, 368, 64, 21, 49, 'Friday', '14:30:00', '16:00:00', '1', '2025-2026', 'midterm', 'lecture'),
(29562, 369, 67, 21, 49, 'Friday', '16:00:00', '17:30:00', '1', '2025-2026', 'midterm', 'lecture'),
(29563, 371, 65, 16, 49, 'Friday', '13:00:00', '14:30:00', '1', '2025-2026', 'midterm', 'lecture'),
(29564, 373, 65, 16, 49, 'Friday', '10:00:00', '11:30:00', '1', '2025-2026', 'midterm', 'lecture'),
(29565, 375, 94, 38, 49, 'Friday', '07:00:00', '08:30:00', '1', '2025-2026', 'midterm', 'lecture'),
(29566, 861, 43, 35, 49, 'Friday', '08:30:00', '10:00:00', '1', '2025-2026', 'midterm', 'lecture'),
(29567, 864, 32, 34, 49, 'Thursday', '16:00:00', '17:30:00', '1', '2025-2026', 'midterm', 'lecture'),
(29568, 867, 26, 35, 49, 'Thursday', '14:30:00', '16:00:00', '1', '2025-2026', 'midterm', 'lecture'),
(29569, 380, 42, 36, 50, 'Wednesday', '16:00:00', '17:30:00', '1', '2025-2026', 'midterm', 'pe'),
(29570, 368, 64, 39, 50, 'Friday', '16:00:00', '17:30:00', '1', '2025-2026', 'midterm', 'lecture'),
(29571, 369, 67, 38, 50, 'Friday', '13:00:00', '14:30:00', '1', '2025-2026', 'midterm', 'lecture'),
(29572, 371, 65, 39, 50, 'Friday', '14:30:00', '16:00:00', '1', '2025-2026', 'midterm', 'lecture'),
(29573, 373, 65, 34, 50, 'Friday', '08:30:00', '10:00:00', '1', '2025-2026', 'midterm', 'lecture'),
(29574, 375, 94, 38, 50, 'Friday', '10:00:00', '11:30:00', '1', '2025-2026', 'midterm', 'lecture'),
(29575, 861, 43, 35, 50, 'Friday', '07:00:00', '08:30:00', '1', '2025-2026', 'midterm', 'lecture'),
(29576, 864, 32, 34, 50, 'Thursday', '14:30:00', '16:00:00', '1', '2025-2026', 'midterm', 'lecture'),
(29577, 867, 26, 33, 50, 'Thursday', '16:00:00', '17:30:00', '1', '2025-2026', 'midterm', 'lecture'),
(29578, 380, 42, 36, 51, 'Thursday', '07:00:00', '08:30:00', '1', '2025-2026', 'midterm', 'pe'),
(29579, 368, 64, 35, 51, 'Friday', '13:00:00', '14:30:00', '1', '2025-2026', 'midterm', 'lecture'),
(29580, 369, 67, 33, 51, 'Friday', '08:30:00', '10:00:00', '1', '2025-2026', 'midterm', 'lecture'),
(29581, 371, 65, 16, 51, 'Friday', '16:00:00', '17:30:00', '1', '2025-2026', 'midterm', 'lecture'),
(29582, 373, 65, 34, 51, 'Friday', '07:00:00', '08:30:00', '1', '2025-2026', 'midterm', 'lecture'),
(29583, 375, 39, 16, 51, 'Friday', '14:30:00', '16:00:00', '1', '2025-2026', 'midterm', 'lecture'),
(29584, 861, 43, 35, 51, 'Friday', '10:00:00', '11:30:00', '1', '2025-2026', 'midterm', 'lecture'),
(29585, 864, 32, 35, 51, 'Thursday', '13:00:00', '14:30:00', '1', '2025-2026', 'midterm', 'lecture'),
(29586, 867, 26, 38, 51, 'Thursday', '10:00:00', '11:30:00', '1', '2025-2026', 'midterm', 'lecture'),
(29587, 380, 42, 36, 74, 'Thursday', '08:30:00', '10:00:00', '1', '2025-2026', 'midterm', 'pe'),
(29588, 377, 43, 35, 74, 'Wednesday', '07:00:00', '08:30:00', '1', '2025-2026', 'midterm', 'lecture'),
(29589, 378, 31, 35, 74, 'Wednesday', '08:30:00', '10:00:00', '1', '2025-2026', 'midterm', 'lecture'),
(29590, 379, 28, 35, 74, 'Thursday', '10:00:00', '11:30:00', '1', '2025-2026', 'midterm', 'lecture'),
(29591, 428, 95, 35, 74, 'Wednesday', '13:00:00', '14:30:00', '1', '2025-2026', 'midterm', 'lecture'),
(29592, 694, 32, 17, 74, 'Friday', '07:00:00', '08:30:00', '1', '2025-2026', 'midterm', 'lecture'),
(29593, 695, 27, 17, 74, 'Thursday', '13:00:00', '14:30:00', '1', '2025-2026', 'midterm', 'lecture'),
(29594, 886, 33, 17, 74, 'Thursday', '14:30:00', '16:00:00', '1', '2025-2026', 'midterm', 'lecture'),
(29595, 380, 42, 36, 85, 'Thursday', '10:00:00', '11:30:00', '1', '2025-2026', 'midterm', 'pe'),
(29596, 593, 27, 38, 85, 'Wednesday', '07:00:00', '08:30:00', '1', '2025-2026', 'midterm', 'lecture'),
(29597, 594, 26, 38, 85, 'Wednesday', '08:30:00', '10:00:00', '1', '2025-2026', 'midterm', 'lecture'),
(29598, 595, 42, 32, 85, 'Thursday', '13:00:00', '14:30:00', '1', '2025-2026', 'midterm', 'lecture'),
(29599, 843, 35, 38, 85, 'Wednesday', '10:00:00', '11:30:00', '1', '2025-2026', 'midterm', 'lecture'),
(29600, 844, 40, 38, 85, 'Wednesday', '13:00:00', '14:30:00', '1', '2025-2026', 'midterm', 'lecture'),
(29601, 853, 33, 33, 85, 'Wednesday', '14:30:00', '16:00:00', '1', '2025-2026', 'midterm', 'lecture'),
(29602, 855, 78, 33, 85, 'Wednesday', '16:00:00', '17:30:00', '1', '2025-2026', 'midterm', 'lecture'),
(29603, 820, 51, 22, 42, 'Wednesday', '07:00:00', '08:30:00', '1', '2025-2026', 'final', 'lecture'),
(29604, 821, 53, 22, 42, 'Wednesday', '08:30:00', '10:00:00', '1', '2025-2026', 'final', 'lecture'),
(29605, 823, 57, 22, 42, 'Wednesday', '10:00:00', '11:30:00', '1', '2025-2026', 'final', 'lecture'),
(29606, 825, 50, 22, 42, 'Wednesday', '13:00:00', '14:30:00', '1', '2025-2026', 'final', 'lecture'),
(29607, 820, 51, 23, 43, 'Wednesday', '08:30:00', '10:00:00', '1', '2025-2026', 'final', 'lecture'),
(29608, 821, 89, 23, 43, 'Wednesday', '07:00:00', '08:30:00', '1', '2025-2026', 'final', 'lecture'),
(29609, 823, 55, 23, 43, 'Wednesday', '10:00:00', '11:30:00', '1', '2025-2026', 'final', 'lecture'),
(29610, 825, 50, 22, 43, 'Wednesday', '14:30:00', '16:00:00', '1', '2025-2026', 'final', 'lecture'),
(29611, 515, 58, 18, 70, 'Wednesday', '07:00:00', '08:30:00', '1', '2025-2026', 'final', 'lecture'),
(29612, 517, 62, 18, 70, 'Wednesday', '08:30:00', '10:00:00', '1', '2025-2026', 'final', 'lecture'),
(29613, 519, 92, 18, 70, 'Wednesday', '10:00:00', '11:30:00', '1', '2025-2026', 'final', 'lecture'),
(29614, 521, 68, 18, 70, 'Wednesday', '13:00:00', '14:30:00', '1', '2025-2026', 'final', 'lecture'),
(29615, 522, 61, 18, 70, 'Wednesday', '14:30:00', '16:00:00', '1', '2025-2026', 'final', 'lecture'),
(29616, 829, 63, 18, 70, 'Wednesday', '16:00:00', '17:30:00', '1', '2025-2026', 'final', 'lecture'),
(29617, 515, 58, 19, 71, 'Wednesday', '08:30:00', '10:00:00', '1', '2025-2026', 'final', 'lecture'),
(29618, 517, 62, 19, 71, 'Wednesday', '07:00:00', '08:30:00', '1', '2025-2026', 'final', 'lecture'),
(29619, 519, 92, 19, 71, 'Wednesday', '13:00:00', '14:30:00', '1', '2025-2026', 'final', 'lecture'),
(29620, 521, 68, 19, 71, 'Wednesday', '10:00:00', '11:30:00', '1', '2025-2026', 'final', 'lecture'),
(29621, 522, 61, 19, 71, 'Wednesday', '16:00:00', '17:30:00', '1', '2025-2026', 'final', 'lecture'),
(29622, 829, 63, 19, 71, 'Wednesday', '14:30:00', '16:00:00', '1', '2025-2026', 'final', 'lecture'),
(29623, 732, 29, 16, 84, 'Wednesday', '07:00:00', '08:30:00', '1', '2025-2026', 'final', 'lecture'),
(29624, 756, 29, 16, 84, 'Wednesday', '08:30:00', '10:00:00', '1', '2025-2026', 'final', 'lecture'),
(29625, 833, 28, 16, 84, 'Wednesday', '10:00:00', '11:30:00', '1', '2025-2026', 'final', 'lecture'),
(29626, 648, 97, 31, 98, 'Wednesday', '07:00:00', '08:30:00', '1', '2025-2026', 'final', 'lecture'),
(29627, 649, 97, 31, 98, 'Wednesday', '08:30:00', '10:00:00', '1', '2025-2026', 'final', 'lecture'),
(29628, 887, 97, 31, 98, 'Wednesday', '10:00:00', '11:30:00', '1', '2025-2026', 'final', 'lecture'),
(29629, 515, 58, 21, 102, 'Wednesday', '10:00:00', '11:30:00', '1', '2025-2026', 'final', 'lecture'),
(29630, 517, 62, 21, 102, 'Wednesday', '13:00:00', '14:30:00', '1', '2025-2026', 'final', 'lecture'),
(29631, 519, 92, 21, 102, 'Wednesday', '07:00:00', '08:30:00', '1', '2025-2026', 'final', 'lecture'),
(29632, 521, 68, 21, 102, 'Wednesday', '08:30:00', '10:00:00', '1', '2025-2026', 'final', 'lecture'),
(29633, 522, 61, 18, 102, 'Thursday', '07:00:00', '08:30:00', '1', '2025-2026', 'final', 'lecture'),
(29634, 829, 63, 18, 102, 'Thursday', '08:30:00', '10:00:00', '1', '2025-2026', 'final', 'lecture'),
(29635, 820, 51, 24, 104, 'Wednesday', '10:00:00', '11:30:00', '1', '2025-2026', 'final', 'lecture'),
(29636, 821, 89, 24, 104, 'Wednesday', '08:30:00', '10:00:00', '1', '2025-2026', 'final', 'lecture'),
(29637, 823, 57, 24, 104, 'Wednesday', '07:00:00', '08:30:00', '1', '2025-2026', 'final', 'lecture'),
(29638, 825, 50, 22, 104, 'Wednesday', '16:00:00', '17:30:00', '1', '2025-2026', 'final', 'lecture'),
(29639, 796, 72, 25, 36, 'Wednesday', '07:00:00', '08:30:00', '1', '2025-2026', 'final', 'lecture'),
(29640, 798, 55, 25, 36, 'Wednesday', '08:30:00', '10:00:00', '1', '2025-2026', 'final', 'lecture'),
(29641, 800, 50, 25, 36, 'Wednesday', '10:00:00', '11:30:00', '1', '2025-2026', 'final', 'lecture'),
(29642, 802, 56, 23, 36, 'Wednesday', '13:00:00', '14:30:00', '1', '2025-2026', 'final', 'lecture'),
(29643, 804, 56, 23, 36, 'Wednesday', '14:30:00', '16:00:00', '1', '2025-2026', 'final', 'lecture'),
(29644, 806, 89, 23, 36, 'Wednesday', '16:00:00', '17:30:00', '1', '2025-2026', 'final', 'lecture'),
(29645, 808, 89, 22, 36, 'Thursday', '07:00:00', '08:30:00', '1', '2025-2026', 'final', 'lecture'),
(29646, 796, 72, 41, 37, 'Wednesday', '08:30:00', '10:00:00', '1', '2025-2026', 'final', 'lecture'),
(29647, 798, 54, 41, 37, 'Wednesday', '07:00:00', '08:30:00', '1', '2025-2026', 'final', 'lecture'),
(29648, 800, 50, 23, 37, 'Thursday', '07:00:00', '08:30:00', '1', '2025-2026', 'final', 'lecture'),
(29649, 802, 56, 41, 37, 'Wednesday', '10:00:00', '11:30:00', '1', '2025-2026', 'final', 'lecture'),
(29650, 804, 56, 24, 37, 'Wednesday', '16:00:00', '17:30:00', '1', '2025-2026', 'final', 'lecture'),
(29651, 806, 89, 24, 37, 'Wednesday', '13:00:00', '14:30:00', '1', '2025-2026', 'final', 'lecture'),
(29652, 808, 89, 24, 37, 'Wednesday', '14:30:00', '16:00:00', '1', '2025-2026', 'final', 'lecture'),
(29653, 484, 96, 39, 63, 'Wednesday', '07:00:00', '08:30:00', '1', '2025-2026', 'final', 'lecture'),
(29654, 485, 62, 39, 63, 'Wednesday', '10:00:00', '11:30:00', '1', '2025-2026', 'final', 'lecture'),
(29655, 487, 92, 39, 63, 'Wednesday', '08:30:00', '10:00:00', '1', '2025-2026', 'final', 'lecture'),
(29656, 489, 63, 39, 63, 'Wednesday', '13:00:00', '14:30:00', '1', '2025-2026', 'final', 'lecture'),
(29657, 490, 63, 19, 63, 'Thursday', '07:00:00', '08:30:00', '1', '2025-2026', 'final', 'lecture'),
(29658, 491, 59, 21, 63, 'Wednesday', '14:30:00', '16:00:00', '1', '2025-2026', 'final', 'lecture'),
(29659, 493, 66, 21, 63, 'Wednesday', '16:00:00', '17:30:00', '1', '2025-2026', 'final', 'lecture'),
(29660, 495, 66, 19, 63, 'Thursday', '08:30:00', '10:00:00', '1', '2025-2026', 'final', 'lecture'),
(29661, 484, 96, 39, 64, 'Wednesday', '14:30:00', '16:00:00', '1', '2025-2026', 'final', 'lecture'),
(29662, 485, 62, 39, 64, 'Wednesday', '16:00:00', '17:30:00', '1', '2025-2026', 'final', 'lecture'),
(29663, 487, 92, 21, 64, 'Thursday', '07:00:00', '08:30:00', '1', '2025-2026', 'final', 'lecture'),
(29664, 489, 63, 18, 64, 'Thursday', '10:00:00', '11:30:00', '1', '2025-2026', 'final', 'lecture'),
(29665, 490, 63, 18, 64, 'Thursday', '13:00:00', '14:30:00', '1', '2025-2026', 'final', 'lecture'),
(29666, 491, 59, 21, 64, 'Thursday', '08:30:00', '10:00:00', '1', '2025-2026', 'final', 'lecture'),
(29667, 493, 66, 18, 64, 'Thursday', '14:30:00', '16:00:00', '1', '2025-2026', 'final', 'lecture'),
(29668, 495, 66, 18, 64, 'Thursday', '16:00:00', '17:30:00', '1', '2025-2026', 'final', 'lecture'),
(29669, 484, 96, 39, 66, 'Thursday', '07:00:00', '08:30:00', '1', '2025-2026', 'final', 'lecture'),
(29670, 485, 62, 39, 66, 'Thursday', '08:30:00', '10:00:00', '1', '2025-2026', 'final', 'lecture'),
(29671, 487, 92, 19, 66, 'Thursday', '10:00:00', '11:30:00', '1', '2025-2026', 'final', 'lecture'),
(29672, 489, 63, 19, 66, 'Thursday', '14:30:00', '16:00:00', '1', '2025-2026', 'final', 'lecture'),
(29673, 490, 63, 19, 66, 'Thursday', '16:00:00', '17:30:00', '1', '2025-2026', 'final', 'lecture'),
(29674, 491, 59, 19, 66, 'Thursday', '13:00:00', '14:30:00', '1', '2025-2026', 'final', 'lecture'),
(29675, 493, 66, 18, 66, 'Friday', '07:00:00', '08:30:00', '1', '2025-2026', 'final', 'lecture'),
(29676, 495, 66, 18, 66, 'Friday', '08:30:00', '10:00:00', '1', '2025-2026', 'final', 'lecture'),
(29677, 715, 32, 17, 80, 'Wednesday', '07:00:00', '08:30:00', '1', '2025-2026', 'final', 'lecture'),
(29678, 716, 36, 17, 80, 'Wednesday', '08:30:00', '10:00:00', '1', '2025-2026', 'final', 'lecture'),
(29679, 721, 27, 17, 80, 'Wednesday', '10:00:00', '11:30:00', '1', '2025-2026', 'final', 'lecture'),
(29680, 739, 33, 16, 80, 'Wednesday', '13:00:00', '14:30:00', '1', '2025-2026', 'final', 'lecture'),
(29681, 740, 39, 16, 80, 'Wednesday', '14:30:00', '16:00:00', '1', '2025-2026', 'final', 'lecture'),
(29682, 741, 31, 16, 80, 'Wednesday', '16:00:00', '17:30:00', '1', '2025-2026', 'final', 'lecture'),
(29683, 742, 39, 16, 80, 'Thursday', '07:00:00', '08:30:00', '1', '2025-2026', 'final', 'lecture'),
(29684, 743, 32, 16, 80, 'Thursday', '08:30:00', '10:00:00', '1', '2025-2026', 'final', 'lecture'),
(29685, 744, 95, 16, 80, 'Thursday', '10:00:00', '11:30:00', '1', '2025-2026', 'final', 'lecture'),
(29686, 715, 32, 17, 81, 'Wednesday', '07:00:00', '08:30:00', '1', '2025-2026', 'final', 'lecture'),
(29687, 716, 36, 17, 81, 'Wednesday', '08:30:00', '10:00:00', '1', '2025-2026', 'final', 'lecture'),
(29688, 717, 28, 17, 81, 'Wednesday', '13:00:00', '14:30:00', '1', '2025-2026', 'final', 'lecture'),
(29689, 718, 27, 17, 81, 'Wednesday', '14:30:00', '16:00:00', '1', '2025-2026', 'final', 'lecture'),
(29690, 719, 28, 17, 81, 'Wednesday', '16:00:00', '17:30:00', '1', '2025-2026', 'final', 'lecture'),
(29691, 720, 27, 17, 81, 'Thursday', '07:00:00', '08:30:00', '1', '2025-2026', 'final', 'lecture'),
(29692, 721, 27, 17, 81, 'Wednesday', '10:00:00', '11:30:00', '1', '2025-2026', 'final', 'lecture'),
(29693, 832, 21, 17, 81, 'Thursday', '08:30:00', '10:00:00', '1', '2025-2026', 'final', 'lecture'),
(29694, 624, 48, 32, 91, 'Wednesday', '07:00:00', '08:30:00', '1', '2025-2026', 'final', 'lecture'),
(29695, 625, 37, 32, 91, 'Wednesday', '08:30:00', '10:00:00', '1', '2025-2026', 'final', 'lecture'),
(29696, 626, 36, 32, 91, 'Wednesday', '10:00:00', '11:30:00', '1', '2025-2026', 'final', 'lecture'),
(29697, 631, 44, 31, 91, 'Wednesday', '13:00:00', '14:30:00', '1', '2025-2026', 'final', 'lecture'),
(29698, 632, 64, 31, 91, 'Wednesday', '14:30:00', '16:00:00', '1', '2025-2026', 'final', 'lecture'),
(29699, 633, 45, 31, 91, 'Wednesday', '16:00:00', '17:30:00', '1', '2025-2026', 'final', 'lecture'),
(29700, 634, 27, 31, 91, 'Thursday', '08:30:00', '10:00:00', '1', '2025-2026', 'final', 'lecture'),
(29701, 686, 44, 31, 91, 'Thursday', '07:00:00', '08:30:00', '1', '2025-2026', 'final', 'lecture'),
(29702, 834, 45, 31, 91, 'Thursday', '10:00:00', '11:30:00', '1', '2025-2026', 'final', 'lecture'),
(29703, 624, 48, 32, 93, 'Wednesday', '07:00:00', '08:30:00', '1', '2025-2026', 'final', 'lecture'),
(29704, 625, 37, 32, 93, 'Wednesday', '08:30:00', '10:00:00', '1', '2025-2026', 'final', 'lecture'),
(29705, 626, 36, 32, 93, 'Wednesday', '10:00:00', '11:30:00', '1', '2025-2026', 'final', 'lecture'),
(29706, 631, 44, 31, 93, 'Wednesday', '13:00:00', '14:30:00', '1', '2025-2026', 'final', 'lecture'),
(29707, 632, 64, 31, 93, 'Wednesday', '14:30:00', '16:00:00', '1', '2025-2026', 'final', 'lecture'),
(29708, 633, 45, 31, 93, 'Wednesday', '16:00:00', '17:30:00', '1', '2025-2026', 'final', 'lecture'),
(29709, 634, 27, 31, 93, 'Thursday', '08:30:00', '10:00:00', '1', '2025-2026', 'final', 'lecture'),
(29710, 663, 47, 32, 93, 'Thursday', '07:00:00', '08:30:00', '1', '2025-2026', 'final', 'lecture'),
(29711, 665, 46, 32, 93, 'Thursday', '10:00:00', '11:30:00', '1', '2025-2026', 'final', 'lecture'),
(29712, 406, 41, 36, 30, 'Wednesday', '07:00:00', '08:30:00', '1', '2025-2026', 'final', 'pe'),
(29713, 771, 96, 25, 30, 'Wednesday', '13:00:00', '14:30:00', '1', '2025-2026', 'final', 'lecture'),
(29714, 773, 38, 25, 30, 'Wednesday', '14:30:00', '16:00:00', '1', '2025-2026', 'final', 'lecture'),
(29715, 774, 55, 25, 30, 'Wednesday', '16:00:00', '17:30:00', '1', '2025-2026', 'final', 'lecture'),
(29716, 776, 57, 24, 30, 'Thursday', '07:00:00', '08:30:00', '1', '2025-2026', 'final', 'lecture'),
(29717, 778, 54, 22, 30, 'Thursday', '08:30:00', '10:00:00', '1', '2025-2026', 'final', 'lecture'),
(29718, 780, 36, 22, 30, 'Thursday', '10:00:00', '11:30:00', '1', '2025-2026', 'final', 'lecture'),
(29719, 854, 33, 22, 30, 'Thursday', '13:00:00', '14:30:00', '1', '2025-2026', 'final', 'lecture'),
(29720, 856, 69, 22, 30, 'Thursday', '14:30:00', '16:00:00', '1', '2025-2026', 'final', 'lecture'),
(29721, 406, 41, 36, 31, 'Wednesday', '08:30:00', '10:00:00', '1', '2025-2026', 'final', 'pe'),
(29722, 771, 96, 41, 31, 'Wednesday', '16:00:00', '17:30:00', '1', '2025-2026', 'final', 'lecture'),
(29723, 773, 38, 41, 31, 'Wednesday', '13:00:00', '14:30:00', '1', '2025-2026', 'final', 'lecture'),
(29724, 774, 55, 41, 31, 'Wednesday', '14:30:00', '16:00:00', '1', '2025-2026', 'final', 'lecture'),
(29725, 776, 57, 23, 31, 'Thursday', '08:30:00', '10:00:00', '1', '2025-2026', 'final', 'lecture'),
(29726, 778, 54, 25, 31, 'Thursday', '07:00:00', '08:30:00', '1', '2025-2026', 'final', 'lecture'),
(29727, 780, 36, 23, 31, 'Thursday', '13:00:00', '14:30:00', '1', '2025-2026', 'final', 'lecture'),
(29728, 854, 33, 23, 31, 'Thursday', '10:00:00', '11:30:00', '1', '2025-2026', 'final', 'lecture'),
(29729, 856, 69, 22, 31, 'Thursday', '16:00:00', '17:30:00', '1', '2025-2026', 'final', 'lecture'),
(29730, 406, 41, 36, 32, 'Wednesday', '10:00:00', '11:30:00', '1', '2025-2026', 'final', 'pe'),
(29731, 771, 96, 24, 32, 'Thursday', '08:30:00', '10:00:00', '1', '2025-2026', 'final', 'lecture'),
(29732, 773, 38, 41, 32, 'Thursday', '07:00:00', '08:30:00', '1', '2025-2026', 'final', 'lecture'),
(29733, 774, 55, 24, 32, 'Thursday', '10:00:00', '11:30:00', '1', '2025-2026', 'final', 'lecture'),
(29734, 776, 57, 24, 32, 'Thursday', '13:00:00', '14:30:00', '1', '2025-2026', 'final', 'lecture'),
(29735, 778, 54, 23, 32, 'Thursday', '14:30:00', '16:00:00', '1', '2025-2026', 'final', 'lecture'),
(29736, 780, 36, 23, 32, 'Thursday', '16:00:00', '17:30:00', '1', '2025-2026', 'final', 'lecture'),
(29737, 854, 33, 22, 32, 'Friday', '07:00:00', '08:30:00', '1', '2025-2026', 'final', 'lecture'),
(29738, 856, 69, 22, 32, 'Friday', '08:30:00', '10:00:00', '1', '2025-2026', 'final', 'lecture'),
(29739, 406, 41, 36, 38, 'Wednesday', '13:00:00', '14:30:00', '1', '2025-2026', 'final', 'pe'),
(29740, 771, 96, 25, 38, 'Thursday', '10:00:00', '11:30:00', '1', '2025-2026', 'final', 'lecture'),
(29741, 773, 38, 25, 38, 'Thursday', '08:30:00', '10:00:00', '1', '2025-2026', 'final', 'lecture'),
(29742, 774, 55, 25, 38, 'Thursday', '13:00:00', '14:30:00', '1', '2025-2026', 'final', 'lecture'),
(29743, 776, 57, 24, 38, 'Thursday', '14:30:00', '16:00:00', '1', '2025-2026', 'final', 'lecture'),
(29744, 778, 54, 24, 38, 'Thursday', '16:00:00', '17:30:00', '1', '2025-2026', 'final', 'lecture'),
(29745, 780, 38, 23, 38, 'Friday', '07:00:00', '08:30:00', '1', '2025-2026', 'final', 'lecture'),
(29746, 854, 33, 23, 38, 'Friday', '08:30:00', '10:00:00', '1', '2025-2026', 'final', 'lecture'),
(29747, 856, 69, 22, 38, 'Friday', '10:00:00', '11:30:00', '1', '2025-2026', 'final', 'lecture'),
(29748, 406, 41, 36, 57, 'Wednesday', '14:30:00', '16:00:00', '1', '2025-2026', 'final', 'pe'),
(29749, 393, 64, 21, 57, 'Thursday', '10:00:00', '11:30:00', '1', '2025-2026', 'final', 'lecture'),
(29750, 395, 94, 21, 57, 'Thursday', '13:00:00', '14:30:00', '1', '2025-2026', 'final', 'lecture'),
(29751, 397, 67, 21, 57, 'Thursday', '14:30:00', '16:00:00', '1', '2025-2026', 'final', 'lecture'),
(29752, 399, 59, 21, 57, 'Thursday', '16:00:00', '17:30:00', '1', '2025-2026', 'final', 'lecture'),
(29753, 401, 68, 19, 57, 'Friday', '07:00:00', '08:30:00', '1', '2025-2026', 'final', 'lecture'),
(29754, 402, 68, 19, 57, 'Friday', '08:30:00', '10:00:00', '1', '2025-2026', 'final', 'lecture'),
(29755, 403, 91, 18, 57, 'Friday', '10:00:00', '11:30:00', '1', '2025-2026', 'final', 'lecture'),
(29756, 880, 95, 18, 57, 'Friday', '13:00:00', '14:30:00', '1', '2025-2026', 'final', 'lecture'),
(29757, 406, 41, 36, 58, 'Wednesday', '16:00:00', '17:30:00', '1', '2025-2026', 'final', 'pe'),
(29758, 393, 64, 39, 58, 'Thursday', '13:00:00', '14:30:00', '1', '2025-2026', 'final', 'lecture'),
(29759, 395, 94, 39, 58, 'Thursday', '10:00:00', '11:30:00', '1', '2025-2026', 'final', 'lecture'),
(29760, 397, 67, 39, 58, 'Thursday', '16:00:00', '17:30:00', '1', '2025-2026', 'final', 'lecture'),
(29761, 399, 61, 39, 58, 'Thursday', '14:30:00', '16:00:00', '1', '2025-2026', 'final', 'lecture'),
(29762, 401, 68, 19, 58, 'Friday', '10:00:00', '11:30:00', '1', '2025-2026', 'final', 'lecture'),
(29763, 402, 68, 19, 58, 'Friday', '13:00:00', '14:30:00', '1', '2025-2026', 'final', 'lecture'),
(29764, 403, 91, 21, 58, 'Friday', '07:00:00', '08:30:00', '1', '2025-2026', 'final', 'lecture'),
(29765, 880, 95, 21, 58, 'Friday', '08:30:00', '10:00:00', '1', '2025-2026', 'final', 'lecture'),
(29766, 406, 41, 36, 59, 'Thursday', '07:00:00', '08:30:00', '1', '2025-2026', 'final', 'pe'),
(29767, 393, 64, 39, 59, 'Friday', '07:00:00', '08:30:00', '1', '2025-2026', 'final', 'lecture'),
(29768, 395, 94, 39, 59, 'Friday', '08:30:00', '10:00:00', '1', '2025-2026', 'final', 'lecture'),
(29769, 397, 67, 21, 59, 'Friday', '10:00:00', '11:30:00', '1', '2025-2026', 'final', 'lecture'),
(29770, 399, 61, 21, 59, 'Friday', '13:00:00', '14:30:00', '1', '2025-2026', 'final', 'lecture'),
(29771, 401, 68, 18, 59, 'Friday', '14:30:00', '16:00:00', '1', '2025-2026', 'final', 'lecture'),
(29772, 402, 68, 18, 59, 'Friday', '16:00:00', '17:30:00', '1', '2025-2026', 'final', 'lecture'),
(29773, 403, 91, 16, 59, 'Thursday', '16:00:00', '17:30:00', '1', '2025-2026', 'final', 'lecture'),
(29774, 880, 95, 16, 59, 'Thursday', '14:30:00', '16:00:00', '1', '2025-2026', 'final', 'lecture'),
(29775, 406, 41, 36, 76, 'Thursday', '08:30:00', '10:00:00', '1', '2025-2026', 'final', 'pe'),
(29776, 698, 32, 34, 76, 'Wednesday', '08:30:00', '10:00:00', '1', '2025-2026', 'final', 'lecture'),
(29777, 700, 95, 34, 76, 'Wednesday', '07:00:00', '08:30:00', '1', '2025-2026', 'final', 'lecture'),
(29778, 701, 27, 34, 76, 'Wednesday', '13:00:00', '14:30:00', '1', '2025-2026', 'final', 'lecture'),
(29779, 702, 21, 34, 76, 'Wednesday', '10:00:00', '11:30:00', '1', '2025-2026', 'final', 'lecture'),
(29780, 703, 26, 34, 76, 'Wednesday', '14:30:00', '16:00:00', '1', '2025-2026', 'final', 'lecture'),
(29781, 704, 26, 34, 76, 'Wednesday', '16:00:00', '17:30:00', '1', '2025-2026', 'final', 'lecture'),
(29782, 705, 47, 17, 76, 'Thursday', '10:00:00', '11:30:00', '1', '2025-2026', 'final', 'lecture'),
(29783, 841, 21, 34, 76, 'Thursday', '07:00:00', '08:30:00', '1', '2025-2026', 'final', 'lecture'),
(29784, 406, 41, 36, 87, 'Thursday', '10:00:00', '11:30:00', '1', '2025-2026', 'final', 'pe'),
(29785, 598, 21, 33, 87, 'Wednesday', '07:00:00', '08:30:00', '1', '2025-2026', 'final', 'lecture'),
(29786, 599, 95, 33, 87, 'Wednesday', '08:30:00', '10:00:00', '1', '2025-2026', 'final', 'lecture'),
(29787, 600, 27, 32, 87, 'Wednesday', '16:00:00', '17:30:00', '1', '2025-2026', 'final', 'lecture'),
(29788, 601, 47, 33, 87, 'Wednesday', '10:00:00', '11:30:00', '1', '2025-2026', 'final', 'lecture'),
(29789, 608, 44, 32, 87, 'Wednesday', '14:30:00', '16:00:00', '1', '2025-2026', 'final', 'lecture'),
(29790, 673, 44, 32, 87, 'Thursday', '08:30:00', '10:00:00', '1', '2025-2026', 'final', 'lecture'),
(29791, 675, 45, 32, 87, 'Wednesday', '13:00:00', '14:30:00', '1', '2025-2026', 'final', 'lecture'),
(29792, 677, 44, 31, 87, 'Thursday', '13:00:00', '14:30:00', '1', '2025-2026', 'final', 'lecture'),
(29793, 406, 41, 36, 89, 'Thursday', '13:00:00', '14:30:00', '1', '2025-2026', 'final', 'pe'),
(29794, 598, 21, 33, 89, 'Wednesday', '07:00:00', '08:30:00', '1', '2025-2026', 'final', 'lecture'),
(29795, 599, 95, 33, 89, 'Wednesday', '08:30:00', '10:00:00', '1', '2025-2026', 'final', 'lecture'),
(29796, 600, 27, 32, 89, 'Wednesday', '16:00:00', '17:30:00', '1', '2025-2026', 'final', 'lecture'),
(29797, 601, 47, 33, 89, 'Wednesday', '10:00:00', '11:30:00', '1', '2025-2026', 'final', 'lecture'),
(29798, 608, 44, 32, 89, 'Wednesday', '14:30:00', '16:00:00', '1', '2025-2026', 'final', 'lecture'),
(29799, 650, 47, 33, 89, 'Wednesday', '13:00:00', '14:30:00', '1', '2025-2026', 'final', 'lecture'),
(29800, 652, 46, 33, 89, 'Thursday', '07:00:00', '08:30:00', '1', '2025-2026', 'final', 'lecture'),
(29801, 653, 44, 33, 89, 'Thursday', '10:00:00', '11:30:00', '1', '2025-2026', 'final', 'lecture'),
(29802, 406, 41, 36, 99, 'Thursday', '14:30:00', '16:00:00', '1', '2025-2026', 'final', 'pe'),
(29803, 698, 32, 34, 99, 'Wednesday', '08:30:00', '10:00:00', '1', '2025-2026', 'final', 'lecture'),
(29804, 700, 95, 34, 99, 'Wednesday', '07:00:00', '08:30:00', '1', '2025-2026', 'final', 'lecture'),
(29805, 701, 27, 34, 99, 'Wednesday', '13:00:00', '14:30:00', '1', '2025-2026', 'final', 'lecture'),
(29806, 705, 47, 35, 99, 'Wednesday', '14:30:00', '16:00:00', '1', '2025-2026', 'final', 'lecture'),
(29807, 733, 39, 35, 99, 'Wednesday', '10:00:00', '11:30:00', '1', '2025-2026', 'final', 'lecture'),
(29808, 734, 29, 35, 99, 'Wednesday', '16:00:00', '17:30:00', '1', '2025-2026', 'final', 'lecture'),
(29809, 735, 31, 35, 99, 'Thursday', '07:00:00', '08:30:00', '1', '2025-2026', 'final', 'lecture'),
(29810, 841, 21, 34, 99, 'Thursday', '10:00:00', '11:30:00', '1', '2025-2026', 'final', 'lecture'),
(29811, 406, 41, 36, 100, 'Thursday', '16:00:00', '17:30:00', '1', '2025-2026', 'final', 'pe'),
(29812, 393, 64, 39, 100, 'Friday', '10:00:00', '11:30:00', '1', '2025-2026', 'final', 'lecture'),
(29813, 395, 94, 39, 100, 'Friday', '13:00:00', '14:30:00', '1', '2025-2026', 'final', 'lecture'),
(29814, 397, 67, 19, 100, 'Friday', '14:30:00', '16:00:00', '1', '2025-2026', 'final', 'lecture'),
(29815, 399, 61, 19, 100, 'Friday', '16:00:00', '17:30:00', '1', '2025-2026', 'final', 'lecture'),
(29816, 401, 68, 38, 100, 'Thursday', '14:30:00', '16:00:00', '1', '2025-2026', 'final', 'lecture'),
(29817, 402, 68, 16, 100, 'Thursday', '13:00:00', '14:30:00', '1', '2025-2026', 'final', 'lecture'),
(29818, 403, 91, 16, 100, 'Friday', '08:30:00', '10:00:00', '1', '2025-2026', 'final', 'lecture'),
(29819, 880, 95, 16, 100, 'Friday', '07:00:00', '08:30:00', '1', '2025-2026', 'final', 'lecture'),
(29820, 380, 42, 36, 19, 'Wednesday', '07:00:00', '08:30:00', '1', '2025-2026', 'final', 'pe'),
(29821, 757, 69, 41, 19, 'Thursday', '08:30:00', '10:00:00', '1', '2025-2026', 'final', 'lecture'),
(29822, 758, 40, 41, 19, 'Thursday', '10:00:00', '11:30:00', '1', '2025-2026', 'final', 'lecture'),
(29823, 759, 96, 41, 19, 'Thursday', '13:00:00', '14:30:00', '1', '2025-2026', 'final', 'lecture'),
(29824, 760, 51, 25, 19, 'Thursday', '14:30:00', '16:00:00', '1', '2025-2026', 'final', 'lecture'),
(29825, 762, 53, 25, 19, 'Thursday', '16:00:00', '17:30:00', '1', '2025-2026', 'final', 'lecture'),
(29826, 868, 35, 24, 19, 'Friday', '07:00:00', '08:30:00', '1', '2025-2026', 'final', 'lecture'),
(29827, 872, 40, 24, 19, 'Friday', '08:30:00', '10:00:00', '1', '2025-2026', 'final', 'lecture'),
(29828, 380, 42, 36, 21, 'Wednesday', '08:30:00', '10:00:00', '1', '2025-2026', 'final', 'pe'),
(29829, 757, 69, 25, 21, 'Friday', '07:00:00', '08:30:00', '1', '2025-2026', 'final', 'lecture'),
(29830, 758, 40, 41, 21, 'Thursday', '14:30:00', '16:00:00', '1', '2025-2026', 'final', 'lecture'),
(29831, 759, 96, 41, 21, 'Thursday', '16:00:00', '17:30:00', '1', '2025-2026', 'final', 'lecture'),
(29832, 760, 56, 25, 21, 'Friday', '08:30:00', '10:00:00', '1', '2025-2026', 'final', 'lecture'),
(29833, 762, 53, 23, 21, 'Friday', '10:00:00', '11:30:00', '1', '2025-2026', 'final', 'lecture'),
(29834, 868, 35, 22, 21, 'Friday', '13:00:00', '14:30:00', '1', '2025-2026', 'final', 'lecture'),
(29835, 872, 40, 22, 21, 'Friday', '14:30:00', '16:00:00', '1', '2025-2026', 'final', 'lecture'),
(29836, 380, 42, 36, 23, 'Wednesday', '10:00:00', '11:30:00', '1', '2025-2026', 'final', 'pe'),
(29837, 757, 69, 23, 23, 'Friday', '13:00:00', '14:30:00', '1', '2025-2026', 'final', 'lecture'),
(29838, 758, 40, 41, 23, 'Friday', '07:00:00', '08:30:00', '1', '2025-2026', 'final', 'lecture'),
(29839, 759, 96, 41, 23, 'Friday', '08:30:00', '10:00:00', '1', '2025-2026', 'final', 'lecture'),
(29840, 760, 56, 24, 23, 'Friday', '10:00:00', '11:30:00', '1', '2025-2026', 'final', 'lecture'),
(29841, 762, 53, 23, 23, 'Friday', '14:30:00', '16:00:00', '1', '2025-2026', 'final', 'lecture'),
(29842, 868, 35, 22, 23, 'Friday', '16:00:00', '17:30:00', '1', '2025-2026', 'final', 'lecture'),
(29843, 872, 40, 38, 23, 'Thursday', '16:00:00', '17:30:00', '1', '2025-2026', 'final', 'lecture'),
(29844, 380, 42, 36, 25, 'Wednesday', '13:00:00', '14:30:00', '1', '2025-2026', 'final', 'pe'),
(29845, 757, 69, 24, 25, 'Friday', '14:30:00', '16:00:00', '1', '2025-2026', 'final', 'lecture'),
(29846, 758, 40, 25, 25, 'Friday', '10:00:00', '11:30:00', '1', '2025-2026', 'final', 'lecture'),
(29847, 759, 96, 24, 25, 'Friday', '13:00:00', '14:30:00', '1', '2025-2026', 'final', 'lecture'),
(29848, 760, 54, 23, 25, 'Friday', '16:00:00', '17:30:00', '1', '2025-2026', 'final', 'lecture'),
(29849, 762, 53, 38, 25, 'Friday', '08:30:00', '10:00:00', '1', '2025-2026', 'final', 'lecture'),
(29850, 868, 38, 35, 25, 'Thursday', '16:00:00', '17:30:00', '1', '2025-2026', 'final', 'lecture'),
(29851, 872, 40, 38, 25, 'Thursday', '13:00:00', '14:30:00', '1', '2025-2026', 'final', 'lecture'),
(29852, 380, 42, 36, 49, 'Wednesday', '14:30:00', '16:00:00', '1', '2025-2026', 'final', 'pe'),
(29853, 368, 64, 21, 49, 'Friday', '14:30:00', '16:00:00', '1', '2025-2026', 'final', 'lecture'),
(29854, 369, 67, 21, 49, 'Friday', '16:00:00', '17:30:00', '1', '2025-2026', 'final', 'lecture'),
(29855, 371, 65, 16, 49, 'Friday', '13:00:00', '14:30:00', '1', '2025-2026', 'final', 'lecture'),
(29856, 373, 65, 16, 49, 'Friday', '10:00:00', '11:30:00', '1', '2025-2026', 'final', 'lecture'),
(29857, 375, 94, 38, 49, 'Friday', '07:00:00', '08:30:00', '1', '2025-2026', 'final', 'lecture'),
(29858, 861, 43, 35, 49, 'Friday', '08:30:00', '10:00:00', '1', '2025-2026', 'final', 'lecture'),
(29859, 864, 32, 34, 49, 'Thursday', '16:00:00', '17:30:00', '1', '2025-2026', 'final', 'lecture'),
(29860, 867, 26, 35, 49, 'Thursday', '14:30:00', '16:00:00', '1', '2025-2026', 'final', 'lecture'),
(29861, 380, 42, 36, 50, 'Wednesday', '16:00:00', '17:30:00', '1', '2025-2026', 'final', 'pe'),
(29862, 368, 64, 39, 50, 'Friday', '16:00:00', '17:30:00', '1', '2025-2026', 'final', 'lecture'),
(29863, 369, 67, 38, 50, 'Friday', '13:00:00', '14:30:00', '1', '2025-2026', 'final', 'lecture'),
(29864, 371, 65, 39, 50, 'Friday', '14:30:00', '16:00:00', '1', '2025-2026', 'final', 'lecture'),
(29865, 373, 65, 34, 50, 'Friday', '08:30:00', '10:00:00', '1', '2025-2026', 'final', 'lecture'),
(29866, 375, 94, 38, 50, 'Friday', '10:00:00', '11:30:00', '1', '2025-2026', 'final', 'lecture'),
(29867, 861, 43, 35, 50, 'Friday', '07:00:00', '08:30:00', '1', '2025-2026', 'final', 'lecture'),
(29868, 864, 32, 34, 50, 'Thursday', '14:30:00', '16:00:00', '1', '2025-2026', 'final', 'lecture'),
(29869, 867, 26, 33, 50, 'Thursday', '16:00:00', '17:30:00', '1', '2025-2026', 'final', 'lecture'),
(29870, 380, 42, 36, 51, 'Thursday', '07:00:00', '08:30:00', '1', '2025-2026', 'final', 'pe'),
(29871, 368, 64, 35, 51, 'Friday', '13:00:00', '14:30:00', '1', '2025-2026', 'final', 'lecture'),
(29872, 369, 67, 33, 51, 'Friday', '08:30:00', '10:00:00', '1', '2025-2026', 'final', 'lecture'),
(29873, 371, 65, 16, 51, 'Friday', '16:00:00', '17:30:00', '1', '2025-2026', 'final', 'lecture'),
(29874, 373, 65, 34, 51, 'Friday', '07:00:00', '08:30:00', '1', '2025-2026', 'final', 'lecture'),
(29875, 375, 39, 16, 51, 'Friday', '14:30:00', '16:00:00', '1', '2025-2026', 'final', 'lecture'),
(29876, 861, 43, 35, 51, 'Friday', '10:00:00', '11:30:00', '1', '2025-2026', 'final', 'lecture'),
(29877, 864, 32, 35, 51, 'Thursday', '13:00:00', '14:30:00', '1', '2025-2026', 'final', 'lecture'),
(29878, 867, 26, 38, 51, 'Thursday', '10:00:00', '11:30:00', '1', '2025-2026', 'final', 'lecture'),
(29879, 380, 42, 36, 74, 'Thursday', '08:30:00', '10:00:00', '1', '2025-2026', 'final', 'pe'),
(29880, 377, 43, 35, 74, 'Wednesday', '07:00:00', '08:30:00', '1', '2025-2026', 'final', 'lecture'),
(29881, 378, 31, 35, 74, 'Wednesday', '08:30:00', '10:00:00', '1', '2025-2026', 'final', 'lecture'),
(29882, 379, 28, 35, 74, 'Thursday', '10:00:00', '11:30:00', '1', '2025-2026', 'final', 'lecture'),
(29883, 428, 95, 35, 74, 'Wednesday', '13:00:00', '14:30:00', '1', '2025-2026', 'final', 'lecture'),
(29884, 694, 32, 17, 74, 'Friday', '07:00:00', '08:30:00', '1', '2025-2026', 'final', 'lecture'),
(29885, 695, 27, 17, 74, 'Thursday', '13:00:00', '14:30:00', '1', '2025-2026', 'final', 'lecture'),
(29886, 886, 33, 17, 74, 'Thursday', '14:30:00', '16:00:00', '1', '2025-2026', 'final', 'lecture'),
(29887, 380, 42, 36, 85, 'Thursday', '10:00:00', '11:30:00', '1', '2025-2026', 'final', 'pe'),
(29888, 593, 27, 38, 85, 'Wednesday', '07:00:00', '08:30:00', '1', '2025-2026', 'final', 'lecture'),
(29889, 594, 26, 38, 85, 'Wednesday', '08:30:00', '10:00:00', '1', '2025-2026', 'final', 'lecture'),
(29890, 595, 42, 32, 85, 'Thursday', '13:00:00', '14:30:00', '1', '2025-2026', 'final', 'lecture'),
(29891, 843, 35, 38, 85, 'Wednesday', '10:00:00', '11:30:00', '1', '2025-2026', 'final', 'lecture'),
(29892, 844, 40, 38, 85, 'Wednesday', '13:00:00', '14:30:00', '1', '2025-2026', 'final', 'lecture'),
(29893, 853, 33, 33, 85, 'Wednesday', '14:30:00', '16:00:00', '1', '2025-2026', 'final', 'lecture'),
(29894, 855, 78, 33, 85, 'Wednesday', '16:00:00', '17:30:00', '1', '2025-2026', 'final', 'lecture'),
(30717, 822, 53, 26, 42, 'Wednesday', '07:00:00', '10:00:00', '1', '2025-2026', 'none', 'lab'),
(30718, 824, 57, 26, 42, 'Tuesday', '07:00:00', '10:00:00', '1', '2025-2026', 'none', 'lab'),
(30719, 826, 50, 26, 42, 'Friday', '07:00:00', '10:00:00', '1', '2025-2026', 'none', 'lab'),
(30720, 822, 89, 26, 43, 'Tuesday', '13:00:00', '16:00:00', '1', '2025-2026', 'none', 'lab'),
(30721, 824, 55, 26, 43, 'Friday', '13:00:00', '16:00:00', '1', '2025-2026', 'none', 'lab'),
(30722, 826, 50, 26, 43, 'Wednesday', '13:00:00', '16:00:00', '1', '2025-2026', 'none', 'lab'),
(30723, 822, 89, 26, 104, 'Thursday', '07:00:00', '10:00:00', '1', '2025-2026', 'none', 'lab'),
(30724, 824, 57, 26, 104, 'Monday', '08:00:00', '11:00:00', '1', '2025-2026', 'none', 'lab'),
(30725, 826, 50, 26, 104, 'Monday', '13:00:00', '16:00:00', '1', '2025-2026', 'none', 'lab'),
(30726, 516, 58, 20, 70, 'Monday', '08:00:00', '11:00:00', '1', '2025-2026', 'none', 'lab'),
(30727, 518, 62, 20, 70, 'Thursday', '07:00:00', '10:00:00', '1', '2025-2026', 'none', 'lab'),
(30728, 520, 92, 20, 70, 'Wednesday', '07:00:00', '10:00:00', '1', '2025-2026', 'none', 'lab'),
(30729, 523, 61, 20, 70, 'Thursday', '13:00:00', '16:00:00', '1', '2025-2026', 'none', 'lab'),
(30730, 830, 63, 20, 70, 'Friday', '07:00:00', '10:00:00', '1', '2025-2026', 'none', 'lab'),
(30731, 516, 58, 20, 71, 'Tuesday', '07:00:00', '10:00:00', '1', '2025-2026', 'none', 'lab'),
(30732, 518, 62, 40, 71, 'Wednesday', '07:00:00', '10:00:00', '1', '2025-2026', 'none', 'lab'),
(30733, 520, 92, 20, 71, 'Wednesday', '13:00:00', '16:00:00', '1', '2025-2026', 'none', 'lab'),
(30734, 523, 61, 20, 71, 'Monday', '13:00:00', '16:00:00', '1', '2025-2026', 'none', 'lab'),
(30735, 830, 63, 40, 71, 'Thursday', '07:00:00', '10:00:00', '1', '2025-2026', 'none', 'lab'),
(30736, 516, 58, 20, 102, 'Friday', '13:00:00', '16:00:00', '1', '2025-2026', 'none', 'lab'),
(30737, 518, 62, 20, 102, 'Tuesday', '13:00:00', '16:00:00', '1', '2025-2026', 'none', 'lab'),
(30738, 520, 92, 40, 102, 'Monday', '08:00:00', '11:00:00', '1', '2025-2026', 'none', 'lab'),
(30739, 523, 61, 40, 102, 'Friday', '08:00:00', '11:00:00', '1', '2025-2026', 'none', 'lab'),
(30740, 830, 63, 40, 102, 'Thursday', '13:00:00', '16:00:00', '1', '2025-2026', 'none', 'lab'),
(30741, 635, 27, 30, 91, 'Tuesday', '07:00:00', '10:00:00', '1', '2025-2026', 'none', 'lab'),
(30742, 687, 44, 30, 91, 'Thursday', '07:00:00', '10:00:00', '1', '2025-2026', 'none', 'lab'),
(30743, 835, 45, 30, 91, 'Friday', '07:00:00', '10:00:00', '1', '2025-2026', 'none', 'lab'),
(30744, 635, 27, 30, 93, 'Tuesday', '13:00:00', '16:00:00', '1', '2025-2026', 'none', 'lab'),
(30745, 664, 47, 30, 93, 'Monday', '08:00:00', '11:00:00', '1', '2025-2026', 'none', 'lab'),
(30746, 666, 46, 30, 93, 'Wednesday', '07:00:00', '10:00:00', '1', '2025-2026', 'none', 'lab'),
(30747, 797, 72, 27, 36, 'Tuesday', '07:00:00', '10:00:00', '1', '2025-2026', 'none', 'lab'),
(30748, 799, 55, 27, 36, 'Tuesday', '13:00:00', '16:00:00', '1', '2025-2026', 'none', 'lab'),
(30749, 801, 50, 26, 36, 'Thursday', '13:00:00', '16:00:00', '1', '2025-2026', 'none', 'lab'),
(30750, 803, 56, 27, 36, 'Wednesday', '07:00:00', '10:00:00', '1', '2025-2026', 'none', 'lab'),
(30751, 805, 56, 27, 36, 'Friday', '07:00:00', '10:00:00', '1', '2025-2026', 'none', 'lab'),
(30752, 807, 89, 27, 36, 'Wednesday', '13:00:00', '16:00:00', '1', '2025-2026', 'none', 'lab'),
(30753, 809, 89, 27, 36, 'Monday', '08:00:00', '10:00:00', '1', '2025-2026', 'none', 'lab'),
(30754, 809, 89, 27, 36, 'Monday', '10:00:00', '12:00:00', '1', '2025-2026', 'none', 'lab'),
(30755, 797, 72, 27, 37, 'Thursday', '07:00:00', '10:00:00', '1', '2025-2026', 'none', 'lab'),
(30756, 799, 54, 27, 37, 'Thursday', '13:00:00', '16:00:00', '1', '2025-2026', 'none', 'lab'),
(30757, 801, 50, 28, 37, 'Friday', '13:00:00', '16:00:00', '1', '2025-2026', 'none', 'lab'),
(30758, 803, 56, 28, 37, 'Monday', '08:00:00', '11:00:00', '1', '2025-2026', 'none', 'lab'),
(30759, 805, 56, 28, 37, 'Tuesday', '07:00:00', '10:00:00', '1', '2025-2026', 'none', 'lab'),
(30760, 807, 89, 28, 37, 'Wednesday', '07:00:00', '10:00:00', '1', '2025-2026', 'none', 'lab'),
(30761, 809, 89, 27, 37, 'Monday', '13:00:00', '16:00:00', '1', '2025-2026', 'none', 'lab'),
(30762, 722, 27, 16, 81, 'Thursday', '07:00:00', '10:00:00', '1', '2025-2026', 'none', 'lab'),
(30763, 722, 27, 16, 80, 'Monday', '08:00:00', '11:00:00', '1', '2025-2026', 'none', 'lab'),
(30764, 486, 62, 40, 63, 'Tuesday', '07:00:00', '10:00:00', '1', '2025-2026', 'none', 'lab'),
(30765, 488, 92, 40, 63, 'Monday', '13:00:00', '16:00:00', '1', '2025-2026', 'none', 'lab'),
(30766, 492, 59, 40, 63, 'Tuesday', '13:00:00', '16:00:00', '1', '2025-2026', 'none', 'lab'),
(30767, 494, 66, 40, 63, 'Friday', '13:00:00', '16:00:00', '1', '2025-2026', 'none', 'lab'),
(30768, 496, 66, 18, 63, 'Thursday', '07:00:00', '10:00:00', '1', '2025-2026', 'none', 'lab'),
(30769, 486, 62, 40, 64, 'Wednesday', '13:00:00', '16:00:00', '1', '2025-2026', 'none', 'lab'),
(30770, 488, 92, 19, 64, 'Tuesday', '07:00:00', '10:00:00', '1', '2025-2026', 'none', 'lab'),
(30771, 492, 59, 18, 64, 'Friday', '07:00:00', '10:00:00', '1', '2025-2026', 'none', 'lab'),
(30772, 494, 66, 18, 64, 'Wednesday', '07:00:00', '10:00:00', '1', '2025-2026', 'none', 'lab'),
(30773, 496, 66, 19, 64, 'Monday', '08:00:00', '11:00:00', '1', '2025-2026', 'none', 'lab'),
(30774, 486, 62, 18, 66, 'Monday', '08:00:00', '11:00:00', '1', '2025-2026', 'none', 'lab'),
(30775, 488, 92, 18, 66, 'Friday', '13:00:00', '16:00:00', '1', '2025-2026', 'none', 'lab'),
(30776, 492, 59, 18, 66, 'Tuesday', '07:00:00', '10:00:00', '1', '2025-2026', 'none', 'lab'),
(30777, 494, 66, 18, 66, 'Thursday', '13:00:00', '16:00:00', '1', '2025-2026', 'none', 'lab'),
(30778, 496, 66, 18, 66, 'Tuesday', '13:00:00', '16:00:00', '1', '2025-2026', 'none', 'lab'),
(30779, 609, 44, 30, 87, 'Thursday', '13:00:00', '16:00:00', '1', '2025-2026', 'none', 'lab'),
(30780, 674, 44, 30, 87, 'Friday', '13:00:00', '16:00:00', '1', '2025-2026', 'none', 'lab'),
(30781, 676, 45, 31, 87, 'Tuesday', '07:00:00', '10:00:00', '1', '2025-2026', 'none', 'lab'),
(30782, 678, 44, 30, 87, 'Wednesday', '13:00:00', '16:00:00', '1', '2025-2026', 'none', 'lab'),
(30783, 609, 44, 31, 89, 'Tuesday', '13:00:00', '16:00:00', '1', '2025-2026', 'none', 'lab'),
(30784, 651, 47, 31, 89, 'Monday', '13:00:00', '16:00:00', '1', '2025-2026', 'none', 'lab'),
(30785, 654, 44, 31, 89, 'Monday', '08:00:00', '11:00:00', '1', '2025-2026', 'none', 'lab'),
(30786, 772, 96, 28, 30, 'Tuesday', '13:00:00', '16:00:00', '1', '2025-2026', 'none', 'lab'),
(30787, 775, 55, 28, 30, 'Friday', '07:00:00', '10:00:00', '1', '2025-2026', 'none', 'lab'),
(30788, 777, 57, 28, 30, 'Thursday', '07:00:00', '10:00:00', '1', '2025-2026', 'none', 'lab'),
(30789, 779, 54, 29, 30, 'Tuesday', '07:00:00', '10:00:00', '1', '2025-2026', 'none', 'lab'),
(30790, 772, 96, 27, 31, 'Friday', '13:00:00', '16:00:00', '1', '2025-2026', 'none', 'lab'),
(30791, 775, 55, 28, 31, 'Monday', '13:00:00', '16:00:00', '1', '2025-2026', 'none', 'lab'),
(30792, 777, 57, 29, 31, 'Friday', '07:00:00', '10:00:00', '1', '2025-2026', 'none', 'lab'),
(30793, 779, 54, 29, 31, 'Thursday', '07:00:00', '09:00:00', '1', '2025-2026', 'none', 'lab'),
(30794, 779, 54, 29, 31, 'Thursday', '09:00:00', '11:00:00', '1', '2025-2026', 'none', 'lab'),
(30795, 772, 96, 28, 32, 'Wednesday', '13:00:00', '16:00:00', '1', '2025-2026', 'none', 'lab'),
(30796, 775, 55, 29, 32, 'Thursday', '13:00:00', '16:00:00', '1', '2025-2026', 'none', 'lab'),
(30797, 777, 57, 29, 32, 'Tuesday', '13:00:00', '16:00:00', '1', '2025-2026', 'none', 'lab'),
(30798, 779, 54, 29, 32, 'Monday', '08:00:00', '11:00:00', '1', '2025-2026', 'none', 'lab'),
(30799, 772, 96, 29, 38, 'Wednesday', '07:00:00', '09:00:00', '1', '2025-2026', 'none', 'lab'),
(30800, 772, 96, 29, 38, 'Wednesday', '09:00:00', '11:00:00', '1', '2025-2026', 'none', 'lab'),
(30801, 775, 55, 22, 38, 'Thursday', '07:00:00', '10:00:00', '1', '2025-2026', 'none', 'lab'),
(30802, 777, 57, 29, 38, 'Monday', '13:00:00', '16:00:00', '1', '2025-2026', 'none', 'lab'),
(30803, 779, 54, 29, 38, 'Wednesday', '13:00:00', '16:00:00', '1', '2025-2026', 'none', 'lab'),
(30804, 706, 47, 16, 76, 'Friday', '07:00:00', '10:00:00', '1', '2025-2026', 'none', 'lab'),
(30805, 706, 47, 16, 99, 'Wednesday', '07:00:00', '10:00:00', '1', '2025-2026', 'none', 'lab'),
(30806, 394, 64, 18, 57, 'Monday', '13:00:00', '16:00:00', '1', '2025-2026', 'none', 'lab'),
(30807, 396, 94, 19, 57, 'Friday', '08:00:00', '11:00:00', '1', '2025-2026', 'none', 'lab'),
(30808, 398, 67, 19, 57, 'Thursday', '07:00:00', '10:00:00', '1', '2025-2026', 'none', 'lab'),
(30809, 400, 59, 19, 57, 'Wednesday', '07:00:00', '10:00:00', '1', '2025-2026', 'none', 'lab'),
(30810, 404, 91, 19, 57, 'Tuesday', '13:00:00', '16:00:00', '1', '2025-2026', 'none', 'lab'),
(30811, 394, 64, 19, 58, 'Wednesday', '13:00:00', '16:00:00', '1', '2025-2026', 'none', 'lab'),
(30812, 396, 94, 19, 58, 'Friday', '13:00:00', '16:00:00', '1', '2025-2026', 'none', 'lab'),
(30813, 398, 67, 21, 58, 'Wednesday', '07:00:00', '10:00:00', '1', '2025-2026', 'none', 'lab'),
(30814, 400, 61, 21, 58, 'Tuesday', '07:00:00', '10:00:00', '1', '2025-2026', 'none', 'lab'),
(30815, 404, 91, 39, 58, 'Thursday', '07:00:00', '10:00:00', '1', '2025-2026', 'none', 'lab'),
(30816, 394, 64, 21, 59, 'Thursday', '07:00:00', '10:00:00', '1', '2025-2026', 'none', 'lab'),
(30817, 396, 94, 21, 59, 'Thursday', '13:00:00', '16:00:00', '1', '2025-2026', 'none', 'lab'),
(30818, 398, 67, 39, 59, 'Tuesday', '07:00:00', '10:00:00', '1', '2025-2026', 'none', 'lab'),
(30819, 400, 61, 18, 59, 'Wednesday', '13:00:00', '16:00:00', '1', '2025-2026', 'none', 'lab'),
(30820, 404, 91, 19, 59, 'Monday', '13:00:00', '16:00:00', '1', '2025-2026', 'none', 'lab'),
(30821, 394, 64, 19, 100, 'Thursday', '13:00:00', '16:00:00', '1', '2025-2026', 'none', 'lab'),
(30822, 396, 94, 39, 100, 'Monday', '08:00:00', '11:00:00', '1', '2025-2026', 'none', 'lab'),
(30823, 398, 67, 21, 100, 'Wednesday', '13:00:00', '16:00:00', '1', '2025-2026', 'none', 'lab'),
(30824, 400, 61, 21, 100, 'Tuesday', '13:00:00', '16:00:00', '1', '2025-2026', 'none', 'lab'),
(30825, 404, 91, 39, 100, 'Wednesday', '07:00:00', '10:00:00', '1', '2025-2026', 'none', 'lab'),
(30826, 761, 51, 29, 19, 'Friday', '13:00:00', '16:00:00', '1', '2025-2026', 'none', 'lab'),
(30827, 763, 53, 28, 19, 'Thursday', '13:00:00', '16:00:00', '1', '2025-2026', 'none', 'lab'),
(30828, 761, 56, 22, 21, 'Monday', '13:00:00', '16:00:00', '1', '2025-2026', 'none', 'lab'),
(30829, 763, 53, 22, 21, 'Wednesday', '13:00:00', '16:00:00', '1', '2025-2026', 'none', 'lab'),
(30830, 761, 56, 22, 23, 'Tuesday', '13:00:00', '16:00:00', '1', '2025-2026', 'none', 'lab'),
(30831, 763, 53, 22, 23, 'Tuesday', '07:00:00', '10:00:00', '1', '2025-2026', 'none', 'lab'),
(30832, 761, 54, 23, 25, 'Wednesday', '07:00:00', '10:00:00', '1', '2025-2026', 'none', 'lab'),
(30833, 763, 53, 22, 25, 'Monday', '08:00:00', '11:00:00', '1', '2025-2026', 'none', 'lab'),
(30834, 370, 67, 21, 49, 'Monday', '08:00:00', '11:00:00', '1', '2025-2026', 'none', 'lab'),
(30835, 372, 65, 39, 49, 'Friday', '07:00:00', '10:00:00', '1', '2025-2026', 'none', 'lab'),
(30836, 374, 65, 21, 49, 'Friday', '13:00:00', '16:00:00', '1', '2025-2026', 'none', 'lab'),
(30837, 370, 67, 21, 50, 'Monday', '13:00:00', '16:00:00', '1', '2025-2026', 'none', 'lab'),
(30838, 372, 65, 39, 50, 'Tuesday', '13:00:00', '16:00:00', '1', '2025-2026', 'none', 'lab'),
(30839, 374, 65, 16, 50, 'Thursday', '13:00:00', '16:00:00', '1', '2025-2026', 'none', 'lab'),
(30840, 370, 67, 38, 51, 'Friday', '07:00:00', '10:00:00', '1', '2025-2026', 'none', 'lab'),
(30841, 372, 65, 39, 51, 'Wednesday', '13:00:00', '16:00:00', '1', '2025-2026', 'none', 'lab'),
(30842, 374, 65, 38, 51, 'Wednesday', '07:00:00', '10:00:00', '1', '2025-2026', 'none', 'lab'),
(30843, 406, 41, 36, 87, 'Tuesday', '13:00:00', '15:00:00', '1', '2025-2026', 'none', 'pe'),
(30844, 406, 41, 36, 89, 'Friday', '07:00:00', '09:00:00', '1', '2025-2026', 'none', 'pe'),
(30845, 406, 41, 36, 30, 'Monday', '08:00:00', '10:00:00', '1', '2025-2026', 'none', 'pe'),
(30846, 406, 41, 36, 31, 'Tuesday', '07:00:00', '09:00:00', '1', '2025-2026', 'none', 'pe'),
(30847, 406, 41, 36, 32, 'Friday', '09:00:00', '11:00:00', '1', '2025-2026', 'none', 'pe'),
(30848, 406, 41, 36, 38, 'Friday', '13:00:00', '15:00:00', '1', '2025-2026', 'none', 'pe'),
(30849, 406, 41, 36, 76, 'Thursday', '07:00:00', '09:00:00', '1', '2025-2026', 'none', 'pe'),
(30850, 406, 41, 36, 99, 'Thursday', '09:00:00', '11:00:00', '1', '2025-2026', 'none', 'pe'),
(30851, 406, 41, 36, 57, 'Wednesday', '13:00:00', '15:00:00', '1', '2025-2026', 'none', 'pe'),
(30852, 406, 41, 36, 58, 'Thursday', '13:00:00', '15:00:00', '1', '2025-2026', 'none', 'pe'),
(30853, 406, 41, 36, 59, 'Monday', '10:00:00', '12:00:00', '1', '2025-2026', 'none', 'pe'),
(30854, 406, 41, 36, 100, 'Tuesday', '09:00:00', '11:00:00', '1', '2025-2026', 'none', 'pe'),
(30855, 380, 42, 36, 85, 'Friday', '07:00:00', '09:00:00', '1', '2025-2026', 'none', 'pe'),
(30856, 380, 42, 36, 19, 'Thursday', '07:00:00', '09:00:00', '1', '2025-2026', 'none', 'pe'),
(30857, 380, 42, 36, 21, 'Friday', '09:00:00', '11:00:00', '1', '2025-2026', 'none', 'pe');
INSERT INTO `schedules` (`id`, `subject_id`, `teacher_id`, `classroom_id`, `section_id`, `day`, `start_time`, `end_time`, `semester`, `academic_year`, `exam_type`, `subject_type`) VALUES
(30858, 380, 42, 36, 23, 'Monday', '08:00:00', '10:00:00', '1', '2025-2026', 'none', 'pe'),
(30859, 380, 42, 36, 25, 'Monday', '13:00:00', '15:00:00', '1', '2025-2026', 'none', 'pe'),
(30860, 380, 42, 36, 74, 'Tuesday', '07:00:00', '09:00:00', '1', '2025-2026', 'none', 'pe'),
(30861, 380, 42, 36, 49, 'Wednesday', '07:00:00', '09:00:00', '1', '2025-2026', 'none', 'pe'),
(30862, 380, 42, 36, 50, 'Thursday', '09:00:00', '11:00:00', '1', '2025-2026', 'none', 'pe'),
(30863, 380, 42, 36, 51, 'Friday', '13:00:00', '15:00:00', '1', '2025-2026', 'none', 'pe'),
(30864, 648, 97, 31, 98, 'Friday', '07:00:00', '08:00:00', '1', '2025-2026', 'none', 'lecture'),
(30865, 648, 97, 31, 98, 'Thursday', '07:00:00', '08:00:00', '1', '2025-2026', 'none', 'lecture'),
(30866, 648, 97, 31, 98, 'Wednesday', '07:00:00', '08:00:00', '1', '2025-2026', 'none', 'lecture'),
(30867, 649, 97, 31, 98, 'Wednesday', '08:00:00', '09:00:00', '1', '2025-2026', 'none', 'lecture'),
(30868, 649, 97, 31, 98, 'Thursday', '08:00:00', '09:00:00', '1', '2025-2026', 'none', 'lecture'),
(30869, 649, 97, 31, 98, 'Friday', '08:00:00', '09:00:00', '1', '2025-2026', 'none', 'lecture'),
(30870, 887, 97, 31, 98, 'Tuesday', '10:00:00', '11:00:00', '1', '2025-2026', 'none', 'lecture'),
(30871, 887, 97, 31, 98, 'Thursday', '09:00:00', '10:00:00', '1', '2025-2026', 'none', 'lecture'),
(30872, 887, 97, 31, 98, 'Wednesday', '09:00:00', '10:00:00', '1', '2025-2026', 'none', 'lecture'),
(30873, 887, 97, 31, 98, 'Friday', '09:00:00', '10:00:00', '1', '2025-2026', 'none', 'lecture'),
(30874, 820, 51, 22, 42, 'Thursday', '10:00:00', '11:00:00', '1', '2025-2026', 'none', 'lecture'),
(30875, 820, 51, 22, 42, 'Tuesday', '10:00:00', '11:00:00', '1', '2025-2026', 'none', 'lecture'),
(30876, 820, 51, 22, 42, 'Monday', '11:00:00', '12:00:00', '1', '2025-2026', 'none', 'lecture'),
(30877, 821, 53, 22, 42, 'Friday', '10:00:00', '11:00:00', '1', '2025-2026', 'none', 'lecture'),
(30878, 821, 53, 22, 42, 'Wednesday', '10:00:00', '11:00:00', '1', '2025-2026', 'none', 'lecture'),
(30879, 823, 57, 22, 42, 'Wednesday', '11:00:00', '12:00:00', '1', '2025-2026', 'none', 'lecture'),
(30880, 823, 57, 22, 42, 'Tuesday', '11:00:00', '12:00:00', '1', '2025-2026', 'none', 'lecture'),
(30881, 825, 50, 22, 42, 'Monday', '16:00:00', '17:00:00', '1', '2025-2026', 'none', 'lecture'),
(30882, 825, 50, 22, 42, 'Friday', '11:00:00', '12:00:00', '1', '2025-2026', 'none', 'lecture'),
(30883, 820, 51, 22, 43, 'Friday', '07:00:00', '08:00:00', '1', '2025-2026', 'none', 'lecture'),
(30884, 820, 51, 22, 43, 'Tuesday', '16:00:00', '17:00:00', '1', '2025-2026', 'none', 'lecture'),
(30885, 820, 51, 22, 43, 'Wednesday', '07:00:00', '08:00:00', '1', '2025-2026', 'none', 'lecture'),
(30886, 821, 89, 22, 43, 'Wednesday', '16:00:00', '17:00:00', '1', '2025-2026', 'none', 'lecture'),
(30887, 821, 89, 22, 43, 'Friday', '08:00:00', '09:00:00', '1', '2025-2026', 'none', 'lecture'),
(30888, 823, 55, 22, 43, 'Thursday', '11:00:00', '12:00:00', '1', '2025-2026', 'none', 'lecture'),
(30889, 823, 55, 22, 43, 'Wednesday', '08:00:00', '09:00:00', '1', '2025-2026', 'none', 'lecture'),
(30890, 825, 50, 22, 43, 'Wednesday', '09:00:00', '10:00:00', '1', '2025-2026', 'none', 'lecture'),
(30891, 825, 50, 22, 43, 'Friday', '16:00:00', '17:00:00', '1', '2025-2026', 'none', 'lecture'),
(30892, 820, 51, 22, 104, 'Wednesday', '17:00:00', '18:00:00', '1', '2025-2026', 'none', 'lecture'),
(30893, 820, 51, 22, 104, 'Tuesday', '17:00:00', '18:00:00', '1', '2025-2026', 'none', 'lecture'),
(30894, 820, 51, 22, 104, 'Monday', '17:00:00', '18:00:00', '1', '2025-2026', 'none', 'lecture'),
(30895, 821, 89, 23, 104, 'Monday', '16:00:00', '17:00:00', '1', '2025-2026', 'none', 'lecture'),
(30896, 821, 89, 22, 104, 'Thursday', '13:00:00', '14:00:00', '1', '2025-2026', 'none', 'lecture'),
(30897, 823, 57, 22, 104, 'Friday', '13:00:00', '14:00:00', '1', '2025-2026', 'none', 'lecture'),
(30898, 823, 57, 23, 104, 'Wednesday', '10:00:00', '11:00:00', '1', '2025-2026', 'none', 'lecture'),
(30899, 825, 50, 23, 104, 'Monday', '11:00:00', '12:00:00', '1', '2025-2026', 'none', 'lecture'),
(30900, 825, 50, 22, 104, 'Thursday', '16:00:00', '17:00:00', '1', '2025-2026', 'none', 'lecture'),
(30901, 732, 29, 16, 84, 'Wednesday', '10:00:00', '11:00:00', '1', '2025-2026', 'none', 'lecture'),
(30902, 732, 29, 16, 84, 'Tuesday', '07:00:00', '08:00:00', '1', '2025-2026', 'none', 'lecture'),
(30903, 732, 29, 16, 84, 'Monday', '11:00:00', '12:00:00', '1', '2025-2026', 'none', 'lecture'),
(30904, 756, 29, 16, 84, 'Friday', '10:00:00', '11:00:00', '1', '2025-2026', 'none', 'lecture'),
(30905, 756, 29, 16, 84, 'Tuesday', '08:00:00', '09:00:00', '1', '2025-2026', 'none', 'lecture'),
(30906, 756, 29, 16, 84, 'Thursday', '10:00:00', '11:00:00', '1', '2025-2026', 'none', 'lecture'),
(30907, 833, 28, 16, 84, 'Monday', '13:00:00', '14:00:00', '1', '2025-2026', 'none', 'lecture'),
(30908, 833, 28, 16, 84, 'Friday', '11:00:00', '12:00:00', '1', '2025-2026', 'none', 'lecture'),
(30909, 833, 28, 16, 84, 'Wednesday', '11:00:00', '12:00:00', '1', '2025-2026', 'none', 'lecture'),
(30910, 515, 58, 18, 70, 'Tuesday', '10:00:00', '11:00:00', '1', '2025-2026', 'none', 'lecture'),
(30911, 515, 58, 18, 70, 'Friday', '10:00:00', '11:00:00', '1', '2025-2026', 'none', 'lecture'),
(30912, 517, 62, 18, 70, 'Tuesday', '11:00:00', '12:00:00', '1', '2025-2026', 'none', 'lecture'),
(30913, 517, 62, 18, 70, 'Wednesday', '10:00:00', '11:00:00', '1', '2025-2026', 'none', 'lecture'),
(30914, 519, 92, 18, 70, 'Monday', '11:00:00', '12:00:00', '1', '2025-2026', 'none', 'lecture'),
(30915, 519, 92, 18, 70, 'Wednesday', '11:00:00', '12:00:00', '1', '2025-2026', 'none', 'lecture'),
(30916, 521, 68, 18, 70, 'Tuesday', '16:00:00', '17:00:00', '1', '2025-2026', 'none', 'lecture'),
(30917, 521, 68, 18, 70, 'Wednesday', '16:00:00', '17:00:00', '1', '2025-2026', 'none', 'lecture'),
(30918, 521, 68, 18, 70, 'Monday', '16:00:00', '17:00:00', '1', '2025-2026', 'none', 'lecture'),
(30919, 522, 61, 18, 70, 'Thursday', '10:00:00', '11:00:00', '1', '2025-2026', 'none', 'lecture'),
(30920, 522, 61, 18, 70, 'Tuesday', '17:00:00', '18:00:00', '1', '2025-2026', 'none', 'lecture'),
(30921, 829, 63, 18, 70, 'Wednesday', '17:00:00', '18:00:00', '1', '2025-2026', 'none', 'lecture'),
(30922, 829, 63, 18, 70, 'Monday', '17:00:00', '18:00:00', '1', '2025-2026', 'none', 'lecture'),
(30923, 515, 58, 18, 71, 'Friday', '11:00:00', '12:00:00', '1', '2025-2026', 'none', 'lecture'),
(30924, 515, 58, 18, 71, 'Thursday', '11:00:00', '12:00:00', '1', '2025-2026', 'none', 'lecture'),
(30925, 517, 62, 19, 71, 'Tuesday', '10:00:00', '11:00:00', '1', '2025-2026', 'none', 'lecture'),
(30926, 517, 62, 19, 71, 'Wednesday', '11:00:00', '12:00:00', '1', '2025-2026', 'none', 'lecture'),
(30927, 519, 92, 19, 71, 'Tuesday', '11:00:00', '12:00:00', '1', '2025-2026', 'none', 'lecture'),
(30928, 519, 92, 19, 71, 'Wednesday', '10:00:00', '11:00:00', '1', '2025-2026', 'none', 'lecture'),
(30929, 521, 68, 19, 71, 'Wednesday', '17:00:00', '18:00:00', '1', '2025-2026', 'none', 'lecture'),
(30930, 521, 68, 19, 71, 'Monday', '11:00:00', '12:00:00', '1', '2025-2026', 'none', 'lecture'),
(30931, 521, 68, 18, 71, 'Friday', '16:00:00', '17:00:00', '1', '2025-2026', 'none', 'lecture'),
(30932, 522, 61, 19, 71, 'Tuesday', '16:00:00', '17:00:00', '1', '2025-2026', 'none', 'lecture'),
(30933, 522, 61, 18, 71, 'Friday', '17:00:00', '18:00:00', '1', '2025-2026', 'none', 'lecture'),
(30934, 829, 63, 19, 71, 'Wednesday', '16:00:00', '17:00:00', '1', '2025-2026', 'none', 'lecture'),
(30935, 829, 63, 19, 71, 'Monday', '16:00:00', '17:00:00', '1', '2025-2026', 'none', 'lecture'),
(30936, 515, 58, 21, 102, 'Wednesday', '10:00:00', '11:00:00', '1', '2025-2026', 'none', 'lecture'),
(30937, 515, 58, 19, 102, 'Tuesday', '17:00:00', '18:00:00', '1', '2025-2026', 'none', 'lecture'),
(30938, 517, 62, 21, 102, 'Tuesday', '16:00:00', '17:00:00', '1', '2025-2026', 'none', 'lecture'),
(30939, 517, 62, 21, 102, 'Wednesday', '16:00:00', '17:00:00', '1', '2025-2026', 'none', 'lecture'),
(30940, 519, 92, 19, 102, 'Monday', '17:00:00', '18:00:00', '1', '2025-2026', 'none', 'lecture'),
(30941, 519, 92, 19, 102, 'Friday', '07:00:00', '08:00:00', '1', '2025-2026', 'none', 'lecture'),
(30942, 521, 68, 21, 102, 'Tuesday', '10:00:00', '11:00:00', '1', '2025-2026', 'none', 'lecture'),
(30943, 521, 68, 19, 102, 'Friday', '11:00:00', '12:00:00', '1', '2025-2026', 'none', 'lecture'),
(30944, 521, 68, 18, 102, 'Thursday', '16:00:00', '17:00:00', '1', '2025-2026', 'none', 'lecture'),
(30945, 522, 61, 21, 102, 'Tuesday', '11:00:00', '12:00:00', '1', '2025-2026', 'none', 'lecture'),
(30946, 522, 61, 18, 102, 'Thursday', '17:00:00', '18:00:00', '1', '2025-2026', 'none', 'lecture'),
(30947, 829, 63, 19, 102, 'Friday', '16:00:00', '17:00:00', '1', '2025-2026', 'none', 'lecture'),
(30948, 829, 63, 21, 102, 'Wednesday', '11:00:00', '12:00:00', '1', '2025-2026', 'none', 'lecture'),
(30949, 624, 48, 31, 91, 'Thursday', '10:00:00', '11:00:00', '1', '2025-2026', 'none', 'lecture'),
(30950, 624, 48, 31, 91, 'Friday', '10:00:00', '11:00:00', '1', '2025-2026', 'none', 'lecture'),
(30951, 624, 48, 31, 91, 'Wednesday', '10:00:00', '11:00:00', '1', '2025-2026', 'none', 'lecture'),
(30952, 625, 37, 31, 91, 'Thursday', '11:00:00', '12:00:00', '1', '2025-2026', 'none', 'lecture'),
(30953, 625, 37, 31, 91, 'Wednesday', '11:00:00', '12:00:00', '1', '2025-2026', 'none', 'lecture'),
(30954, 625, 37, 31, 91, 'Tuesday', '11:00:00', '12:00:00', '1', '2025-2026', 'none', 'lecture'),
(30955, 626, 36, 31, 91, 'Tuesday', '16:00:00', '17:00:00', '1', '2025-2026', 'none', 'lecture'),
(30956, 626, 36, 31, 91, 'Thursday', '13:00:00', '14:00:00', '1', '2025-2026', 'none', 'lecture'),
(30957, 626, 36, 31, 91, 'Monday', '11:00:00', '12:00:00', '1', '2025-2026', 'none', 'lecture'),
(30958, 631, 44, 31, 91, 'Tuesday', '17:00:00', '18:00:00', '1', '2025-2026', 'none', 'lecture'),
(30959, 631, 44, 31, 91, 'Friday', '11:00:00', '12:00:00', '1', '2025-2026', 'none', 'lecture'),
(30960, 631, 44, 31, 91, 'Thursday', '16:00:00', '17:00:00', '1', '2025-2026', 'none', 'lecture'),
(30961, 632, 64, 31, 91, 'Thursday', '17:00:00', '18:00:00', '1', '2025-2026', 'none', 'lecture'),
(30962, 632, 64, 31, 91, 'Monday', '16:00:00', '17:00:00', '1', '2025-2026', 'none', 'lecture'),
(30963, 632, 64, 31, 91, 'Friday', '13:00:00', '14:00:00', '1', '2025-2026', 'none', 'lecture'),
(30964, 633, 45, 31, 91, 'Monday', '17:00:00', '18:00:00', '1', '2025-2026', 'none', 'lecture'),
(30965, 633, 45, 31, 91, 'Wednesday', '13:00:00', '14:00:00', '1', '2025-2026', 'none', 'lecture'),
(30966, 633, 45, 31, 91, 'Thursday', '14:00:00', '15:00:00', '1', '2025-2026', 'none', 'lecture'),
(30967, 634, 27, 31, 91, 'Wednesday', '14:00:00', '15:00:00', '1', '2025-2026', 'none', 'lecture'),
(30968, 686, 44, 31, 91, 'Friday', '16:00:00', '17:00:00', '1', '2025-2026', 'none', 'lecture'),
(30969, 686, 44, 31, 91, 'Wednesday', '16:00:00', '17:00:00', '1', '2025-2026', 'none', 'lecture'),
(30970, 834, 45, 31, 91, 'Friday', '14:00:00', '15:00:00', '1', '2025-2026', 'none', 'lecture'),
(30971, 834, 45, 32, 91, 'Monday', '08:00:00', '09:00:00', '1', '2025-2026', 'none', 'lecture'),
(30972, 834, 45, 31, 91, 'Wednesday', '15:00:00', '16:00:00', '1', '2025-2026', 'none', 'lecture'),
(30973, 624, 48, 31, 93, 'Thursday', '10:00:00', '11:00:00', '1', '2025-2026', 'none', 'lecture'),
(30974, 624, 48, 31, 93, 'Wednesday', '10:00:00', '11:00:00', '1', '2025-2026', 'none', 'lecture'),
(30975, 624, 48, 32, 93, 'Monday', '11:00:00', '12:00:00', '1', '2025-2026', 'none', 'lecture'),
(30976, 625, 37, 31, 93, 'Tuesday', '11:00:00', '12:00:00', '1', '2025-2026', 'none', 'lecture'),
(30977, 625, 37, 31, 93, 'Friday', '15:00:00', '16:00:00', '1', '2025-2026', 'none', 'lecture'),
(30978, 625, 37, 31, 93, 'Wednesday', '11:00:00', '12:00:00', '1', '2025-2026', 'none', 'lecture'),
(30979, 626, 36, 31, 93, 'Thursday', '13:00:00', '14:00:00', '1', '2025-2026', 'none', 'lecture'),
(30980, 626, 36, 31, 93, 'Wednesday', '17:00:00', '18:00:00', '1', '2025-2026', 'none', 'lecture'),
(30981, 626, 36, 31, 93, 'Tuesday', '16:00:00', '17:00:00', '1', '2025-2026', 'none', 'lecture'),
(30982, 631, 44, 31, 93, 'Thursday', '16:00:00', '17:00:00', '1', '2025-2026', 'none', 'lecture'),
(30983, 631, 44, 32, 93, 'Monday', '13:00:00', '14:00:00', '1', '2025-2026', 'none', 'lecture'),
(30984, 631, 44, 31, 93, 'Tuesday', '17:00:00', '18:00:00', '1', '2025-2026', 'none', 'lecture'),
(30985, 632, 64, 31, 93, 'Friday', '13:00:00', '14:00:00', '1', '2025-2026', 'none', 'lecture'),
(30986, 632, 64, 31, 93, 'Thursday', '17:00:00', '18:00:00', '1', '2025-2026', 'none', 'lecture'),
(30987, 632, 64, 32, 93, 'Tuesday', '07:00:00', '08:00:00', '1', '2025-2026', 'none', 'lecture'),
(30988, 633, 45, 32, 93, 'Tuesday', '10:00:00', '11:00:00', '1', '2025-2026', 'none', 'lecture'),
(30989, 633, 45, 31, 93, 'Monday', '17:00:00', '18:00:00', '1', '2025-2026', 'none', 'lecture'),
(30990, 633, 45, 31, 93, 'Thursday', '14:00:00', '15:00:00', '1', '2025-2026', 'none', 'lecture'),
(30991, 634, 27, 32, 93, 'Monday', '14:00:00', '15:00:00', '1', '2025-2026', 'none', 'lecture'),
(30992, 663, 47, 32, 93, 'Wednesday', '13:00:00', '14:00:00', '1', '2025-2026', 'none', 'lecture'),
(30993, 663, 47, 32, 93, 'Tuesday', '08:00:00', '09:00:00', '1', '2025-2026', 'none', 'lecture'),
(30994, 665, 46, 32, 93, 'Tuesday', '09:00:00', '10:00:00', '1', '2025-2026', 'none', 'lecture'),
(30995, 665, 46, 32, 93, 'Wednesday', '14:00:00', '15:00:00', '1', '2025-2026', 'none', 'lecture'),
(30996, 796, 72, 22, 36, 'Thursday', '17:00:00', '18:00:00', '1', '2025-2026', 'none', 'lecture'),
(30997, 798, 55, 23, 36, 'Wednesday', '11:00:00', '12:00:00', '1', '2025-2026', 'none', 'lecture'),
(30998, 798, 55, 23, 36, 'Tuesday', '10:00:00', '11:00:00', '1', '2025-2026', 'none', 'lecture'),
(30999, 800, 50, 23, 36, 'Tuesday', '11:00:00', '12:00:00', '1', '2025-2026', 'none', 'lecture'),
(31000, 800, 50, 23, 36, 'Monday', '17:00:00', '18:00:00', '1', '2025-2026', 'none', 'lecture'),
(31001, 802, 56, 24, 36, 'Monday', '16:00:00', '17:00:00', '1', '2025-2026', 'none', 'lecture'),
(31002, 802, 56, 23, 36, 'Thursday', '07:00:00', '08:00:00', '1', '2025-2026', 'none', 'lecture'),
(31003, 804, 56, 22, 36, 'Friday', '14:00:00', '15:00:00', '1', '2025-2026', 'none', 'lecture'),
(31004, 804, 56, 23, 36, 'Tuesday', '16:00:00', '17:00:00', '1', '2025-2026', 'none', 'lecture'),
(31005, 806, 89, 22, 36, 'Friday', '15:00:00', '16:00:00', '1', '2025-2026', 'none', 'lecture'),
(31006, 806, 89, 23, 36, 'Tuesday', '17:00:00', '18:00:00', '1', '2025-2026', 'none', 'lecture'),
(31007, 808, 89, 23, 36, 'Thursday', '10:00:00', '11:00:00', '1', '2025-2026', 'none', 'lecture'),
(31008, 808, 89, 22, 36, 'Friday', '17:00:00', '18:00:00', '1', '2025-2026', 'none', 'lecture'),
(31009, 796, 72, 23, 37, 'Wednesday', '13:00:00', '14:00:00', '1', '2025-2026', 'none', 'lecture'),
(31010, 798, 54, 23, 37, 'Thursday', '11:00:00', '12:00:00', '1', '2025-2026', 'none', 'lecture'),
(31011, 798, 54, 23, 37, 'Tuesday', '13:00:00', '14:00:00', '1', '2025-2026', 'none', 'lecture'),
(31012, 800, 50, 23, 37, 'Wednesday', '16:00:00', '17:00:00', '1', '2025-2026', 'none', 'lecture'),
(31013, 800, 50, 23, 37, 'Tuesday', '14:00:00', '15:00:00', '1', '2025-2026', 'none', 'lecture'),
(31014, 802, 56, 23, 37, 'Thursday', '16:00:00', '17:00:00', '1', '2025-2026', 'none', 'lecture'),
(31015, 802, 56, 24, 37, 'Monday', '11:00:00', '12:00:00', '1', '2025-2026', 'none', 'lecture'),
(31016, 804, 56, 23, 37, 'Thursday', '17:00:00', '18:00:00', '1', '2025-2026', 'none', 'lecture'),
(31017, 804, 56, 24, 37, 'Tuesday', '10:00:00', '11:00:00', '1', '2025-2026', 'none', 'lecture'),
(31018, 806, 89, 24, 37, 'Monday', '17:00:00', '18:00:00', '1', '2025-2026', 'none', 'lecture'),
(31019, 806, 89, 24, 37, 'Tuesday', '11:00:00', '12:00:00', '1', '2025-2026', 'none', 'lecture'),
(31020, 808, 89, 24, 37, 'Tuesday', '16:00:00', '17:00:00', '1', '2025-2026', 'none', 'lecture'),
(31021, 808, 89, 23, 37, 'Wednesday', '17:00:00', '18:00:00', '1', '2025-2026', 'none', 'lecture'),
(31022, 715, 32, 16, 81, 'Wednesday', '13:00:00', '14:00:00', '1', '2025-2026', 'none', 'lecture'),
(31023, 715, 32, 16, 81, 'Thursday', '11:00:00', '12:00:00', '1', '2025-2026', 'none', 'lecture'),
(31024, 715, 32, 16, 81, 'Tuesday', '09:00:00', '10:00:00', '1', '2025-2026', 'none', 'lecture'),
(31025, 716, 36, 16, 81, 'Tuesday', '10:00:00', '11:00:00', '1', '2025-2026', 'none', 'lecture'),
(31026, 716, 36, 16, 81, 'Thursday', '16:00:00', '17:00:00', '1', '2025-2026', 'none', 'lecture'),
(31027, 716, 36, 16, 81, 'Friday', '13:00:00', '14:00:00', '1', '2025-2026', 'none', 'lecture'),
(31028, 717, 28, 16, 81, 'Wednesday', '14:00:00', '15:00:00', '1', '2025-2026', 'none', 'lecture'),
(31029, 717, 28, 16, 81, 'Tuesday', '11:00:00', '12:00:00', '1', '2025-2026', 'none', 'lecture'),
(31030, 717, 28, 16, 81, 'Monday', '14:00:00', '15:00:00', '1', '2025-2026', 'none', 'lecture'),
(31031, 718, 27, 16, 81, 'Monday', '15:00:00', '16:00:00', '1', '2025-2026', 'none', 'lecture'),
(31032, 718, 27, 16, 81, 'Thursday', '17:00:00', '18:00:00', '1', '2025-2026', 'none', 'lecture'),
(31033, 718, 27, 16, 81, 'Tuesday', '16:00:00', '17:00:00', '1', '2025-2026', 'none', 'lecture'),
(31034, 719, 28, 16, 81, 'Monday', '16:00:00', '17:00:00', '1', '2025-2026', 'none', 'lecture'),
(31035, 719, 28, 17, 81, 'Thursday', '10:00:00', '11:00:00', '1', '2025-2026', 'none', 'lecture'),
(31036, 719, 28, 16, 81, 'Wednesday', '15:00:00', '16:00:00', '1', '2025-2026', 'none', 'lecture'),
(31037, 720, 27, 16, 81, 'Tuesday', '17:00:00', '18:00:00', '1', '2025-2026', 'none', 'lecture'),
(31038, 720, 27, 17, 81, 'Thursday', '13:00:00', '14:00:00', '1', '2025-2026', 'none', 'lecture'),
(31039, 720, 27, 16, 81, 'Monday', '17:00:00', '18:00:00', '1', '2025-2026', 'none', 'lecture'),
(31040, 721, 27, 17, 81, 'Monday', '11:00:00', '12:00:00', '1', '2025-2026', 'none', 'lecture'),
(31041, 832, 21, 17, 81, 'Thursday', '14:00:00', '15:00:00', '1', '2025-2026', 'none', 'lecture'),
(31042, 832, 21, 16, 81, 'Tuesday', '13:00:00', '14:00:00', '1', '2025-2026', 'none', 'lecture'),
(31043, 832, 21, 16, 81, 'Friday', '14:00:00', '15:00:00', '1', '2025-2026', 'none', 'lecture'),
(31044, 715, 32, 16, 80, 'Wednesday', '13:00:00', '14:00:00', '1', '2025-2026', 'none', 'lecture'),
(31045, 715, 32, 16, 80, 'Friday', '15:00:00', '16:00:00', '1', '2025-2026', 'none', 'lecture'),
(31046, 715, 32, 17, 80, 'Monday', '13:00:00', '14:00:00', '1', '2025-2026', 'none', 'lecture'),
(31047, 716, 36, 16, 80, 'Thursday', '16:00:00', '17:00:00', '1', '2025-2026', 'none', 'lecture'),
(31048, 716, 36, 16, 80, 'Friday', '13:00:00', '14:00:00', '1', '2025-2026', 'none', 'lecture'),
(31049, 716, 36, 17, 80, 'Monday', '14:00:00', '15:00:00', '1', '2025-2026', 'none', 'lecture'),
(31050, 721, 27, 17, 80, 'Tuesday', '10:00:00', '11:00:00', '1', '2025-2026', 'none', 'lecture'),
(31051, 739, 33, 16, 80, 'Friday', '16:00:00', '17:00:00', '1', '2025-2026', 'none', 'lecture'),
(31052, 739, 33, 17, 80, 'Monday', '15:00:00', '16:00:00', '1', '2025-2026', 'none', 'lecture'),
(31053, 739, 33, 16, 80, 'Wednesday', '16:00:00', '17:00:00', '1', '2025-2026', 'none', 'lecture'),
(31054, 740, 39, 16, 80, 'Friday', '17:00:00', '18:00:00', '1', '2025-2026', 'none', 'lecture'),
(31055, 740, 39, 17, 80, 'Monday', '16:00:00', '17:00:00', '1', '2025-2026', 'none', 'lecture'),
(31056, 740, 39, 17, 80, 'Thursday', '07:00:00', '08:00:00', '1', '2025-2026', 'none', 'lecture'),
(31057, 741, 31, 17, 80, 'Friday', '07:00:00', '08:00:00', '1', '2025-2026', 'none', 'lecture'),
(31058, 741, 31, 16, 80, 'Tuesday', '14:00:00', '15:00:00', '1', '2025-2026', 'none', 'lecture'),
(31059, 741, 31, 17, 80, 'Monday', '17:00:00', '18:00:00', '1', '2025-2026', 'none', 'lecture'),
(31060, 742, 39, 16, 80, 'Tuesday', '15:00:00', '16:00:00', '1', '2025-2026', 'none', 'lecture'),
(31061, 742, 39, 17, 80, 'Thursday', '08:00:00', '09:00:00', '1', '2025-2026', 'none', 'lecture'),
(31062, 742, 39, 17, 80, 'Friday', '08:00:00', '09:00:00', '1', '2025-2026', 'none', 'lecture'),
(31063, 743, 32, 17, 80, 'Friday', '09:00:00', '10:00:00', '1', '2025-2026', 'none', 'lecture'),
(31064, 743, 32, 17, 80, 'Tuesday', '07:00:00', '08:00:00', '1', '2025-2026', 'none', 'lecture'),
(31065, 743, 32, 16, 80, 'Wednesday', '17:00:00', '18:00:00', '1', '2025-2026', 'none', 'lecture'),
(31066, 744, 95, 17, 80, 'Friday', '10:00:00', '11:00:00', '1', '2025-2026', 'none', 'lecture'),
(31067, 744, 95, 17, 80, 'Tuesday', '08:00:00', '09:00:00', '1', '2025-2026', 'none', 'lecture'),
(31068, 744, 95, 17, 80, 'Wednesday', '07:00:00', '08:00:00', '1', '2025-2026', 'none', 'lecture'),
(31069, 484, 96, 19, 63, 'Thursday', '10:00:00', '11:00:00', '1', '2025-2026', 'none', 'lecture'),
(31070, 484, 96, 19, 63, 'Friday', '17:00:00', '18:00:00', '1', '2025-2026', 'none', 'lecture'),
(31071, 484, 96, 21, 63, 'Monday', '11:00:00', '12:00:00', '1', '2025-2026', 'none', 'lecture'),
(31072, 485, 62, 19, 63, 'Thursday', '11:00:00', '12:00:00', '1', '2025-2026', 'none', 'lecture'),
(31073, 485, 62, 21, 63, 'Tuesday', '17:00:00', '18:00:00', '1', '2025-2026', 'none', 'lecture'),
(31074, 487, 92, 19, 63, 'Thursday', '16:00:00', '17:00:00', '1', '2025-2026', 'none', 'lecture'),
(31075, 487, 92, 39, 63, 'Tuesday', '10:00:00', '11:00:00', '1', '2025-2026', 'none', 'lecture'),
(31076, 489, 63, 21, 63, 'Friday', '10:00:00', '11:00:00', '1', '2025-2026', 'none', 'lecture'),
(31077, 489, 63, 39, 63, 'Tuesday', '11:00:00', '12:00:00', '1', '2025-2026', 'none', 'lecture'),
(31078, 490, 63, 39, 63, 'Tuesday', '16:00:00', '17:00:00', '1', '2025-2026', 'none', 'lecture'),
(31079, 490, 63, 39, 63, 'Wednesday', '10:00:00', '11:00:00', '1', '2025-2026', 'none', 'lecture'),
(31080, 490, 63, 21, 63, 'Friday', '11:00:00', '12:00:00', '1', '2025-2026', 'none', 'lecture'),
(31081, 491, 59, 19, 63, 'Thursday', '17:00:00', '18:00:00', '1', '2025-2026', 'none', 'lecture'),
(31082, 491, 59, 21, 63, 'Wednesday', '17:00:00', '18:00:00', '1', '2025-2026', 'none', 'lecture'),
(31083, 493, 66, 39, 63, 'Wednesday', '11:00:00', '12:00:00', '1', '2025-2026', 'none', 'lecture'),
(31084, 493, 66, 21, 63, 'Friday', '07:00:00', '08:00:00', '1', '2025-2026', 'none', 'lecture'),
(31085, 495, 66, 39, 63, 'Wednesday', '16:00:00', '17:00:00', '1', '2025-2026', 'none', 'lecture'),
(31086, 495, 66, 21, 63, 'Friday', '08:00:00', '09:00:00', '1', '2025-2026', 'none', 'lecture'),
(31087, 484, 96, 21, 64, 'Friday', '16:00:00', '17:00:00', '1', '2025-2026', 'none', 'lecture'),
(31088, 484, 96, 21, 64, 'Thursday', '11:00:00', '12:00:00', '1', '2025-2026', 'none', 'lecture'),
(31089, 484, 96, 39, 64, 'Wednesday', '17:00:00', '18:00:00', '1', '2025-2026', 'none', 'lecture'),
(31090, 485, 62, 21, 64, 'Monday', '16:00:00', '17:00:00', '1', '2025-2026', 'none', 'lecture'),
(31091, 485, 62, 21, 64, 'Thursday', '10:00:00', '11:00:00', '1', '2025-2026', 'none', 'lecture'),
(31092, 487, 92, 21, 64, 'Friday', '17:00:00', '18:00:00', '1', '2025-2026', 'none', 'lecture'),
(31093, 487, 92, 39, 64, 'Tuesday', '17:00:00', '18:00:00', '1', '2025-2026', 'none', 'lecture'),
(31094, 489, 63, 39, 64, 'Monday', '11:00:00', '12:00:00', '1', '2025-2026', 'none', 'lecture'),
(31095, 489, 63, 21, 64, 'Thursday', '16:00:00', '17:00:00', '1', '2025-2026', 'none', 'lecture'),
(31096, 490, 63, 39, 64, 'Monday', '13:00:00', '14:00:00', '1', '2025-2026', 'none', 'lecture'),
(31097, 490, 63, 21, 64, 'Thursday', '17:00:00', '18:00:00', '1', '2025-2026', 'none', 'lecture'),
(31098, 490, 63, 39, 64, 'Friday', '13:00:00', '14:00:00', '1', '2025-2026', 'none', 'lecture'),
(31099, 491, 59, 21, 64, 'Monday', '17:00:00', '18:00:00', '1', '2025-2026', 'none', 'lecture'),
(31100, 491, 59, 39, 64, 'Friday', '10:00:00', '11:00:00', '1', '2025-2026', 'none', 'lecture'),
(31101, 493, 66, 39, 64, 'Friday', '11:00:00', '12:00:00', '1', '2025-2026', 'none', 'lecture'),
(31102, 493, 66, 39, 64, 'Monday', '14:00:00', '15:00:00', '1', '2025-2026', 'none', 'lecture'),
(31103, 495, 66, 39, 64, 'Monday', '15:00:00', '16:00:00', '1', '2025-2026', 'none', 'lecture'),
(31104, 484, 96, 39, 66, 'Thursday', '16:00:00', '17:00:00', '1', '2025-2026', 'none', 'lecture'),
(31105, 484, 96, 39, 66, 'Monday', '16:00:00', '17:00:00', '1', '2025-2026', 'none', 'lecture'),
(31106, 484, 96, 21, 66, 'Friday', '09:00:00', '10:00:00', '1', '2025-2026', 'none', 'lecture'),
(31107, 485, 62, 39, 66, 'Friday', '16:00:00', '17:00:00', '1', '2025-2026', 'none', 'lecture'),
(31108, 485, 62, 39, 66, 'Thursday', '17:00:00', '18:00:00', '1', '2025-2026', 'none', 'lecture'),
(31109, 487, 92, 39, 66, 'Thursday', '10:00:00', '11:00:00', '1', '2025-2026', 'none', 'lecture'),
(31110, 489, 63, 39, 66, 'Thursday', '11:00:00', '12:00:00', '1', '2025-2026', 'none', 'lecture'),
(31111, 489, 63, 39, 66, 'Friday', '17:00:00', '18:00:00', '1', '2025-2026', 'none', 'lecture'),
(31112, 493, 66, 39, 66, 'Monday', '17:00:00', '18:00:00', '1', '2025-2026', 'none', 'lecture'),
(31113, 598, 21, 32, 87, 'Tuesday', '11:00:00', '12:00:00', '1', '2025-2026', 'none', 'lecture'),
(31114, 598, 21, 31, 87, 'Friday', '17:00:00', '18:00:00', '1', '2025-2026', 'none', 'lecture'),
(31115, 598, 21, 32, 87, 'Wednesday', '07:00:00', '08:00:00', '1', '2025-2026', 'none', 'lecture'),
(31116, 599, 95, 32, 87, 'Friday', '07:00:00', '08:00:00', '1', '2025-2026', 'none', 'lecture'),
(31117, 599, 95, 32, 87, 'Wednesday', '08:00:00', '09:00:00', '1', '2025-2026', 'none', 'lecture'),
(31118, 599, 95, 32, 87, 'Tuesday', '15:00:00', '16:00:00', '1', '2025-2026', 'none', 'lecture'),
(31119, 600, 27, 32, 87, 'Wednesday', '09:00:00', '10:00:00', '1', '2025-2026', 'none', 'lecture'),
(31120, 600, 27, 32, 87, 'Monday', '16:00:00', '17:00:00', '1', '2025-2026', 'none', 'lecture'),
(31121, 600, 27, 32, 87, 'Thursday', '10:00:00', '11:00:00', '1', '2025-2026', 'none', 'lecture'),
(31122, 601, 47, 32, 87, 'Monday', '17:00:00', '18:00:00', '1', '2025-2026', 'none', 'lecture'),
(31123, 601, 47, 32, 87, 'Wednesday', '10:00:00', '11:00:00', '1', '2025-2026', 'none', 'lecture'),
(31124, 601, 47, 32, 87, 'Friday', '10:00:00', '11:00:00', '1', '2025-2026', 'none', 'lecture'),
(31125, 608, 44, 32, 87, 'Wednesday', '11:00:00', '12:00:00', '1', '2025-2026', 'none', 'lecture'),
(31126, 673, 44, 32, 87, 'Monday', '15:00:00', '16:00:00', '1', '2025-2026', 'none', 'lecture'),
(31127, 673, 44, 32, 87, 'Tuesday', '16:00:00', '17:00:00', '1', '2025-2026', 'none', 'lecture'),
(31128, 675, 45, 32, 87, 'Friday', '11:00:00', '12:00:00', '1', '2025-2026', 'none', 'lecture'),
(31129, 675, 45, 32, 87, 'Tuesday', '17:00:00', '18:00:00', '1', '2025-2026', 'none', 'lecture'),
(31130, 677, 44, 33, 87, 'Monday', '11:00:00', '12:00:00', '1', '2025-2026', 'none', 'lecture'),
(31131, 677, 44, 33, 87, 'Tuesday', '10:00:00', '11:00:00', '1', '2025-2026', 'none', 'lecture'),
(31132, 598, 21, 32, 89, 'Wednesday', '07:00:00', '08:00:00', '1', '2025-2026', 'none', 'lecture'),
(31133, 598, 21, 31, 89, 'Friday', '17:00:00', '18:00:00', '1', '2025-2026', 'none', 'lecture'),
(31134, 598, 21, 31, 89, 'Thursday', '15:00:00', '16:00:00', '1', '2025-2026', 'none', 'lecture'),
(31135, 599, 95, 33, 89, 'Tuesday', '07:00:00', '08:00:00', '1', '2025-2026', 'none', 'lecture'),
(31136, 599, 95, 32, 89, 'Wednesday', '08:00:00', '09:00:00', '1', '2025-2026', 'none', 'lecture'),
(31137, 599, 95, 32, 89, 'Friday', '09:00:00', '10:00:00', '1', '2025-2026', 'none', 'lecture'),
(31138, 600, 27, 32, 89, 'Wednesday', '09:00:00', '10:00:00', '1', '2025-2026', 'none', 'lecture'),
(31139, 600, 27, 32, 89, 'Monday', '16:00:00', '17:00:00', '1', '2025-2026', 'none', 'lecture'),
(31140, 600, 27, 32, 89, 'Thursday', '10:00:00', '11:00:00', '1', '2025-2026', 'none', 'lecture'),
(31141, 601, 47, 32, 89, 'Thursday', '07:00:00', '08:00:00', '1', '2025-2026', 'none', 'lecture'),
(31142, 601, 47, 32, 89, 'Monday', '17:00:00', '18:00:00', '1', '2025-2026', 'none', 'lecture'),
(31143, 601, 47, 33, 89, 'Tuesday', '09:00:00', '10:00:00', '1', '2025-2026', 'none', 'lecture'),
(31144, 608, 44, 32, 89, 'Thursday', '11:00:00', '12:00:00', '1', '2025-2026', 'none', 'lecture'),
(31145, 650, 47, 33, 89, 'Tuesday', '11:00:00', '12:00:00', '1', '2025-2026', 'none', 'lecture'),
(31146, 650, 47, 32, 89, 'Wednesday', '15:00:00', '16:00:00', '1', '2025-2026', 'none', 'lecture'),
(31147, 652, 46, 33, 89, 'Tuesday', '08:00:00', '09:00:00', '1', '2025-2026', 'none', 'lecture'),
(31148, 652, 46, 32, 89, 'Friday', '13:00:00', '14:00:00', '1', '2025-2026', 'none', 'lecture'),
(31149, 653, 44, 32, 89, 'Thursday', '17:00:00', '18:00:00', '1', '2025-2026', 'none', 'lecture'),
(31150, 653, 44, 33, 89, 'Friday', '10:00:00', '11:00:00', '1', '2025-2026', 'none', 'lecture'),
(31151, 771, 96, 24, 30, 'Wednesday', '11:00:00', '12:00:00', '1', '2025-2026', 'none', 'lecture'),
(31152, 773, 38, 24, 30, 'Tuesday', '17:00:00', '18:00:00', '1', '2025-2026', 'none', 'lecture'),
(31153, 773, 38, 23, 30, 'Friday', '10:00:00', '11:00:00', '1', '2025-2026', 'none', 'lecture'),
(31154, 773, 38, 22, 30, 'Thursday', '14:00:00', '15:00:00', '1', '2025-2026', 'none', 'lecture'),
(31155, 774, 55, 23, 30, 'Wednesday', '14:00:00', '15:00:00', '1', '2025-2026', 'none', 'lecture'),
(31156, 774, 55, 23, 30, 'Friday', '11:00:00', '12:00:00', '1', '2025-2026', 'none', 'lecture'),
(31157, 776, 57, 25, 30, 'Tuesday', '10:00:00', '11:00:00', '1', '2025-2026', 'none', 'lecture'),
(31158, 776, 57, 25, 30, 'Monday', '11:00:00', '12:00:00', '1', '2025-2026', 'none', 'lecture'),
(31159, 778, 54, 24, 30, 'Thursday', '16:00:00', '17:00:00', '1', '2025-2026', 'none', 'lecture'),
(31160, 778, 54, 24, 30, 'Wednesday', '10:00:00', '11:00:00', '1', '2025-2026', 'none', 'lecture'),
(31161, 780, 36, 23, 30, 'Monday', '10:00:00', '11:00:00', '1', '2025-2026', 'none', 'lecture'),
(31162, 780, 36, 22, 30, 'Thursday', '15:00:00', '16:00:00', '1', '2025-2026', 'none', 'lecture'),
(31163, 780, 36, 23, 30, 'Wednesday', '15:00:00', '16:00:00', '1', '2025-2026', 'none', 'lecture'),
(31164, 854, 33, 24, 30, 'Wednesday', '07:00:00', '08:00:00', '1', '2025-2026', 'none', 'lecture'),
(31165, 854, 33, 23, 30, 'Thursday', '13:00:00', '14:00:00', '1', '2025-2026', 'none', 'lecture'),
(31166, 854, 33, 25, 30, 'Tuesday', '11:00:00', '12:00:00', '1', '2025-2026', 'none', 'lecture'),
(31167, 856, 69, 25, 30, 'Tuesday', '16:00:00', '17:00:00', '1', '2025-2026', 'none', 'lecture'),
(31168, 856, 69, 23, 30, 'Monday', '13:00:00', '14:00:00', '1', '2025-2026', 'none', 'lecture'),
(31169, 856, 69, 23, 30, 'Friday', '13:00:00', '14:00:00', '1', '2025-2026', 'none', 'lecture'),
(31170, 771, 96, 23, 31, 'Thursday', '14:00:00', '15:00:00', '1', '2025-2026', 'none', 'lecture'),
(31171, 773, 38, 24, 31, 'Wednesday', '08:00:00', '09:00:00', '1', '2025-2026', 'none', 'lecture'),
(31172, 773, 38, 23, 31, 'Monday', '08:00:00', '09:00:00', '1', '2025-2026', 'none', 'lecture'),
(31173, 773, 38, 23, 31, 'Tuesday', '09:00:00', '10:00:00', '1', '2025-2026', 'none', 'lecture'),
(31174, 774, 55, 25, 31, 'Tuesday', '17:00:00', '18:00:00', '1', '2025-2026', 'none', 'lecture'),
(31175, 774, 55, 23, 31, 'Monday', '09:00:00', '10:00:00', '1', '2025-2026', 'none', 'lecture'),
(31176, 776, 57, 41, 31, 'Tuesday', '16:00:00', '17:00:00', '1', '2025-2026', 'none', 'lecture'),
(31177, 776, 57, 24, 31, 'Wednesday', '09:00:00', '10:00:00', '1', '2025-2026', 'none', 'lecture'),
(31178, 778, 54, 24, 31, 'Wednesday', '16:00:00', '17:00:00', '1', '2025-2026', 'none', 'lecture'),
(31179, 778, 54, 23, 31, 'Tuesday', '15:00:00', '16:00:00', '1', '2025-2026', 'none', 'lecture'),
(31180, 780, 36, 24, 31, 'Tuesday', '13:00:00', '14:00:00', '1', '2025-2026', 'none', 'lecture'),
(31181, 780, 36, 23, 31, 'Friday', '16:00:00', '17:00:00', '1', '2025-2026', 'none', 'lecture'),
(31182, 780, 36, 25, 31, 'Monday', '16:00:00', '17:00:00', '1', '2025-2026', 'none', 'lecture'),
(31183, 854, 33, 24, 31, 'Tuesday', '14:00:00', '15:00:00', '1', '2025-2026', 'none', 'lecture'),
(31184, 854, 33, 24, 31, 'Monday', '10:00:00', '11:00:00', '1', '2025-2026', 'none', 'lecture'),
(31185, 854, 33, 23, 31, 'Friday', '17:00:00', '18:00:00', '1', '2025-2026', 'none', 'lecture'),
(31186, 856, 69, 41, 31, 'Tuesday', '10:00:00', '11:00:00', '1', '2025-2026', 'none', 'lecture'),
(31187, 856, 69, 24, 31, 'Friday', '10:00:00', '11:00:00', '1', '2025-2026', 'none', 'lecture'),
(31188, 856, 69, 23, 31, 'Thursday', '15:00:00', '16:00:00', '1', '2025-2026', 'none', 'lecture'),
(31189, 771, 96, 25, 32, 'Wednesday', '16:00:00', '17:00:00', '1', '2025-2026', 'none', 'lecture'),
(31190, 773, 38, 23, 32, 'Thursday', '08:00:00', '09:00:00', '1', '2025-2026', 'none', 'lecture'),
(31191, 773, 38, 23, 32, 'Tuesday', '07:00:00', '08:00:00', '1', '2025-2026', 'none', 'lecture'),
(31192, 773, 38, 23, 32, 'Friday', '07:00:00', '08:00:00', '1', '2025-2026', 'none', 'lecture'),
(31193, 774, 55, 24, 32, 'Friday', '16:00:00', '17:00:00', '1', '2025-2026', 'none', 'lecture'),
(31194, 774, 55, 23, 32, 'Tuesday', '08:00:00', '09:00:00', '1', '2025-2026', 'none', 'lecture'),
(31195, 776, 57, 25, 32, 'Monday', '17:00:00', '18:00:00', '1', '2025-2026', 'none', 'lecture'),
(31196, 776, 57, 41, 32, 'Tuesday', '17:00:00', '18:00:00', '1', '2025-2026', 'none', 'lecture'),
(31197, 778, 54, 24, 32, 'Thursday', '17:00:00', '18:00:00', '1', '2025-2026', 'none', 'lecture'),
(31198, 778, 54, 24, 32, 'Wednesday', '17:00:00', '18:00:00', '1', '2025-2026', 'none', 'lecture'),
(31199, 780, 36, 25, 32, 'Wednesday', '07:00:00', '08:00:00', '1', '2025-2026', 'none', 'lecture'),
(31200, 780, 36, 24, 32, 'Tuesday', '09:00:00', '10:00:00', '1', '2025-2026', 'none', 'lecture'),
(31201, 780, 36, 23, 32, 'Friday', '08:00:00', '09:00:00', '1', '2025-2026', 'none', 'lecture'),
(31202, 854, 33, 23, 32, 'Thursday', '09:00:00', '10:00:00', '1', '2025-2026', 'none', 'lecture'),
(31203, 854, 33, 23, 32, 'Monday', '14:00:00', '15:00:00', '1', '2025-2026', 'none', 'lecture'),
(31204, 854, 33, 25, 32, 'Wednesday', '08:00:00', '09:00:00', '1', '2025-2026', 'none', 'lecture'),
(31205, 856, 69, 23, 32, 'Friday', '14:00:00', '15:00:00', '1', '2025-2026', 'none', 'lecture'),
(31206, 856, 69, 24, 32, 'Thursday', '07:00:00', '08:00:00', '1', '2025-2026', 'none', 'lecture'),
(31207, 856, 69, 41, 32, 'Tuesday', '11:00:00', '12:00:00', '1', '2025-2026', 'none', 'lecture'),
(31208, 771, 96, 24, 38, 'Thursday', '13:00:00', '14:00:00', '1', '2025-2026', 'none', 'lecture'),
(31209, 773, 38, 25, 38, 'Wednesday', '11:00:00', '12:00:00', '1', '2025-2026', 'none', 'lecture'),
(31210, 773, 38, 22, 38, 'Friday', '09:00:00', '10:00:00', '1', '2025-2026', 'none', 'lecture'),
(31211, 773, 38, 24, 38, 'Tuesday', '08:00:00', '09:00:00', '1', '2025-2026', 'none', 'lecture'),
(31212, 774, 55, 24, 38, 'Friday', '17:00:00', '18:00:00', '1', '2025-2026', 'none', 'lecture'),
(31213, 774, 55, 25, 38, 'Wednesday', '17:00:00', '18:00:00', '1', '2025-2026', 'none', 'lecture'),
(31214, 776, 57, 23, 38, 'Friday', '15:00:00', '16:00:00', '1', '2025-2026', 'none', 'lecture'),
(31215, 776, 57, 24, 38, 'Thursday', '10:00:00', '11:00:00', '1', '2025-2026', 'none', 'lecture'),
(31216, 778, 54, 24, 38, 'Friday', '07:00:00', '08:00:00', '1', '2025-2026', 'none', 'lecture'),
(31217, 778, 54, 41, 38, 'Monday', '11:00:00', '12:00:00', '1', '2025-2026', 'none', 'lecture'),
(31218, 780, 38, 41, 38, 'Wednesday', '16:00:00', '17:00:00', '1', '2025-2026', 'none', 'lecture'),
(31219, 780, 38, 24, 38, 'Thursday', '11:00:00', '12:00:00', '1', '2025-2026', 'none', 'lecture'),
(31220, 780, 38, 24, 38, 'Monday', '09:00:00', '10:00:00', '1', '2025-2026', 'none', 'lecture'),
(31221, 854, 33, 24, 38, 'Thursday', '14:00:00', '15:00:00', '1', '2025-2026', 'none', 'lecture'),
(31222, 854, 33, 24, 38, 'Monday', '08:00:00', '09:00:00', '1', '2025-2026', 'none', 'lecture'),
(31223, 854, 33, 24, 38, 'Friday', '08:00:00', '09:00:00', '1', '2025-2026', 'none', 'lecture'),
(31224, 856, 69, 25, 38, 'Thursday', '16:00:00', '17:00:00', '1', '2025-2026', 'none', 'lecture'),
(31225, 856, 69, 24, 38, 'Tuesday', '07:00:00', '08:00:00', '1', '2025-2026', 'none', 'lecture'),
(31226, 856, 69, 25, 38, 'Monday', '10:00:00', '11:00:00', '1', '2025-2026', 'none', 'lecture'),
(31227, 698, 32, 17, 76, 'Thursday', '09:00:00', '10:00:00', '1', '2025-2026', 'none', 'lecture'),
(31228, 698, 32, 17, 76, 'Friday', '11:00:00', '12:00:00', '1', '2025-2026', 'none', 'lecture'),
(31229, 698, 32, 17, 76, 'Tuesday', '11:00:00', '12:00:00', '1', '2025-2026', 'none', 'lecture'),
(31230, 700, 95, 17, 76, 'Wednesday', '09:00:00', '10:00:00', '1', '2025-2026', 'none', 'lecture'),
(31231, 700, 95, 17, 76, 'Friday', '13:00:00', '14:00:00', '1', '2025-2026', 'none', 'lecture'),
(31232, 700, 95, 17, 76, 'Thursday', '11:00:00', '12:00:00', '1', '2025-2026', 'none', 'lecture'),
(31233, 701, 27, 34, 76, 'Monday', '13:00:00', '14:00:00', '1', '2025-2026', 'none', 'lecture'),
(31234, 701, 27, 17, 76, 'Thursday', '15:00:00', '16:00:00', '1', '2025-2026', 'none', 'lecture'),
(31235, 701, 27, 17, 76, 'Friday', '14:00:00', '15:00:00', '1', '2025-2026', 'none', 'lecture'),
(31236, 702, 21, 17, 76, 'Thursday', '16:00:00', '17:00:00', '1', '2025-2026', 'none', 'lecture'),
(31237, 702, 21, 17, 76, 'Monday', '08:00:00', '09:00:00', '1', '2025-2026', 'none', 'lecture'),
(31238, 702, 21, 17, 76, 'Friday', '15:00:00', '16:00:00', '1', '2025-2026', 'none', 'lecture'),
(31239, 703, 26, 17, 76, 'Friday', '16:00:00', '17:00:00', '1', '2025-2026', 'none', 'lecture'),
(31240, 703, 26, 17, 76, 'Wednesday', '08:00:00', '09:00:00', '1', '2025-2026', 'none', 'lecture'),
(31241, 703, 26, 17, 76, 'Monday', '09:00:00', '10:00:00', '1', '2025-2026', 'none', 'lecture'),
(31242, 704, 26, 17, 76, 'Monday', '10:00:00', '11:00:00', '1', '2025-2026', 'none', 'lecture'),
(31243, 704, 26, 17, 76, 'Friday', '17:00:00', '18:00:00', '1', '2025-2026', 'none', 'lecture'),
(31244, 704, 26, 17, 76, 'Thursday', '17:00:00', '18:00:00', '1', '2025-2026', 'none', 'lecture'),
(31245, 705, 47, 34, 76, 'Thursday', '10:00:00', '11:00:00', '1', '2025-2026', 'none', 'lecture'),
(31246, 841, 21, 17, 76, 'Tuesday', '09:00:00', '10:00:00', '1', '2025-2026', 'none', 'lecture'),
(31247, 841, 21, 34, 76, 'Friday', '10:00:00', '11:00:00', '1', '2025-2026', 'none', 'lecture'),
(31248, 841, 21, 17, 76, 'Wednesday', '10:00:00', '11:00:00', '1', '2025-2026', 'none', 'lecture'),
(31249, 698, 32, 34, 99, 'Monday', '08:00:00', '09:00:00', '1', '2025-2026', 'none', 'lecture'),
(31250, 698, 32, 17, 99, 'Wednesday', '11:00:00', '12:00:00', '1', '2025-2026', 'none', 'lecture'),
(31251, 698, 32, 17, 99, 'Friday', '11:00:00', '12:00:00', '1', '2025-2026', 'none', 'lecture'),
(31252, 700, 95, 17, 99, 'Wednesday', '13:00:00', '14:00:00', '1', '2025-2026', 'none', 'lecture'),
(31253, 700, 95, 17, 99, 'Tuesday', '13:00:00', '14:00:00', '1', '2025-2026', 'none', 'lecture'),
(31254, 700, 95, 17, 99, 'Thursday', '11:00:00', '12:00:00', '1', '2025-2026', 'none', 'lecture'),
(31255, 701, 27, 17, 99, 'Thursday', '15:00:00', '16:00:00', '1', '2025-2026', 'none', 'lecture'),
(31256, 701, 27, 17, 99, 'Wednesday', '15:00:00', '16:00:00', '1', '2025-2026', 'none', 'lecture'),
(31257, 701, 27, 34, 99, 'Monday', '13:00:00', '14:00:00', '1', '2025-2026', 'none', 'lecture'),
(31258, 705, 47, 17, 99, 'Wednesday', '14:00:00', '15:00:00', '1', '2025-2026', 'none', 'lecture'),
(31259, 733, 39, 34, 99, 'Thursday', '13:00:00', '14:00:00', '1', '2025-2026', 'none', 'lecture'),
(31260, 733, 39, 34, 99, 'Monday', '09:00:00', '10:00:00', '1', '2025-2026', 'none', 'lecture'),
(31261, 733, 39, 17, 99, 'Wednesday', '16:00:00', '17:00:00', '1', '2025-2026', 'none', 'lecture'),
(31262, 734, 29, 34, 99, 'Thursday', '07:00:00', '08:00:00', '1', '2025-2026', 'none', 'lecture'),
(31263, 734, 29, 34, 99, 'Friday', '07:00:00', '08:00:00', '1', '2025-2026', 'none', 'lecture'),
(31264, 734, 29, 17, 99, 'Wednesday', '17:00:00', '18:00:00', '1', '2025-2026', 'none', 'lecture'),
(31265, 735, 31, 34, 99, 'Monday', '10:00:00', '11:00:00', '1', '2025-2026', 'none', 'lecture'),
(31266, 735, 31, 34, 99, 'Friday', '08:00:00', '09:00:00', '1', '2025-2026', 'none', 'lecture'),
(31267, 735, 31, 17, 99, 'Tuesday', '15:00:00', '16:00:00', '1', '2025-2026', 'none', 'lecture'),
(31268, 841, 21, 34, 99, 'Friday', '09:00:00', '10:00:00', '1', '2025-2026', 'none', 'lecture'),
(31269, 841, 21, 34, 99, 'Monday', '11:00:00', '12:00:00', '1', '2025-2026', 'none', 'lecture'),
(31270, 841, 21, 17, 99, 'Tuesday', '09:00:00', '10:00:00', '1', '2025-2026', 'none', 'lecture'),
(31271, 393, 64, 39, 57, 'Friday', '14:00:00', '15:00:00', '1', '2025-2026', 'none', 'lecture'),
(31272, 397, 67, 39, 57, 'Thursday', '13:00:00', '14:00:00', '1', '2025-2026', 'none', 'lecture'),
(31273, 397, 67, 39, 57, 'Friday', '15:00:00', '16:00:00', '1', '2025-2026', 'none', 'lecture'),
(31274, 399, 59, 39, 57, 'Thursday', '14:00:00', '15:00:00', '1', '2025-2026', 'none', 'lecture'),
(31275, 401, 68, 39, 57, 'Thursday', '15:00:00', '16:00:00', '1', '2025-2026', 'none', 'lecture'),
(31276, 593, 27, 38, 85, 'Tuesday', '11:00:00', '12:00:00', '1', '2025-2026', 'none', 'lecture'),
(31277, 593, 27, 32, 85, 'Thursday', '14:00:00', '15:00:00', '1', '2025-2026', 'none', 'lecture'),
(31278, 594, 26, 32, 85, 'Wednesday', '16:00:00', '17:00:00', '1', '2025-2026', 'none', 'lecture'),
(31279, 594, 26, 32, 85, 'Friday', '14:00:00', '15:00:00', '1', '2025-2026', 'none', 'lecture'),
(31280, 594, 26, 32, 85, 'Thursday', '08:00:00', '09:00:00', '1', '2025-2026', 'none', 'lecture'),
(31281, 595, 42, 32, 85, 'Tuesday', '13:00:00', '14:00:00', '1', '2025-2026', 'none', 'lecture'),
(31282, 595, 42, 32, 85, 'Thursday', '13:00:00', '14:00:00', '1', '2025-2026', 'none', 'lecture'),
(31283, 595, 42, 32, 85, 'Wednesday', '17:00:00', '18:00:00', '1', '2025-2026', 'none', 'lecture'),
(31284, 843, 35, 32, 85, 'Monday', '09:00:00', '10:00:00', '1', '2025-2026', 'none', 'lecture'),
(31285, 843, 35, 32, 85, 'Thursday', '09:00:00', '10:00:00', '1', '2025-2026', 'none', 'lecture'),
(31286, 843, 35, 32, 85, 'Friday', '15:00:00', '16:00:00', '1', '2025-2026', 'none', 'lecture'),
(31287, 844, 40, 32, 85, 'Thursday', '15:00:00', '16:00:00', '1', '2025-2026', 'none', 'lecture'),
(31288, 844, 40, 32, 85, 'Friday', '16:00:00', '17:00:00', '1', '2025-2026', 'none', 'lecture'),
(31289, 844, 40, 33, 85, 'Wednesday', '07:00:00', '08:00:00', '1', '2025-2026', 'none', 'lecture'),
(31290, 853, 33, 33, 85, 'Wednesday', '09:00:00', '10:00:00', '1', '2025-2026', 'none', 'lecture'),
(31291, 853, 33, 33, 85, 'Monday', '13:00:00', '14:00:00', '1', '2025-2026', 'none', 'lecture'),
(31292, 853, 33, 33, 85, 'Friday', '09:00:00', '10:00:00', '1', '2025-2026', 'none', 'lecture'),
(31293, 855, 78, 32, 85, 'Friday', '17:00:00', '18:00:00', '1', '2025-2026', 'none', 'lecture'),
(31294, 855, 78, 33, 85, 'Wednesday', '08:00:00', '09:00:00', '1', '2025-2026', 'none', 'lecture'),
(31295, 855, 78, 32, 85, 'Monday', '10:00:00', '11:00:00', '1', '2025-2026', 'none', 'lecture'),
(31296, 757, 69, 24, 19, 'Wednesday', '13:00:00', '14:00:00', '1', '2025-2026', 'none', 'lecture'),
(31297, 757, 69, 23, 19, 'Friday', '09:00:00', '10:00:00', '1', '2025-2026', 'none', 'lecture'),
(31298, 758, 40, 24, 19, 'Tuesday', '15:00:00', '16:00:00', '1', '2025-2026', 'none', 'lecture'),
(31299, 758, 40, 24, 19, 'Thursday', '09:00:00', '10:00:00', '1', '2025-2026', 'none', 'lecture'),
(31300, 758, 40, 24, 19, 'Wednesday', '14:00:00', '15:00:00', '1', '2025-2026', 'none', 'lecture'),
(31301, 759, 96, 24, 19, 'Friday', '11:00:00', '12:00:00', '1', '2025-2026', 'none', 'lecture'),
(31302, 759, 96, 25, 19, 'Thursday', '17:00:00', '18:00:00', '1', '2025-2026', 'none', 'lecture'),
(31303, 759, 96, 25, 19, 'Tuesday', '07:00:00', '08:00:00', '1', '2025-2026', 'none', 'lecture'),
(31304, 760, 51, 25, 19, 'Thursday', '11:00:00', '12:00:00', '1', '2025-2026', 'none', 'lecture'),
(31305, 760, 51, 25, 19, 'Friday', '08:00:00', '09:00:00', '1', '2025-2026', 'none', 'lecture'),
(31306, 762, 53, 25, 19, 'Friday', '07:00:00', '08:00:00', '1', '2025-2026', 'none', 'lecture'),
(31307, 762, 53, 23, 19, 'Monday', '15:00:00', '16:00:00', '1', '2025-2026', 'none', 'lecture'),
(31308, 868, 35, 24, 19, 'Monday', '13:00:00', '14:00:00', '1', '2025-2026', 'none', 'lecture'),
(31309, 868, 35, 24, 19, 'Wednesday', '15:00:00', '16:00:00', '1', '2025-2026', 'none', 'lecture'),
(31310, 868, 35, 25, 19, 'Tuesday', '08:00:00', '09:00:00', '1', '2025-2026', 'none', 'lecture'),
(31311, 872, 40, 25, 19, 'Tuesday', '09:00:00', '10:00:00', '1', '2025-2026', 'none', 'lecture'),
(31312, 872, 40, 25, 19, 'Thursday', '10:00:00', '11:00:00', '1', '2025-2026', 'none', 'lecture'),
(31313, 872, 40, 25, 19, 'Wednesday', '09:00:00', '10:00:00', '1', '2025-2026', 'none', 'lecture'),
(31314, 757, 69, 25, 21, 'Wednesday', '10:00:00', '11:00:00', '1', '2025-2026', 'none', 'lecture'),
(31315, 757, 69, 24, 21, 'Thursday', '08:00:00', '09:00:00', '1', '2025-2026', 'none', 'lecture'),
(31316, 758, 40, 25, 21, 'Monday', '08:00:00', '09:00:00', '1', '2025-2026', 'none', 'lecture'),
(31317, 758, 40, 24, 21, 'Friday', '13:00:00', '14:00:00', '1', '2025-2026', 'none', 'lecture'),
(31318, 758, 40, 25, 21, 'Thursday', '07:00:00', '08:00:00', '1', '2025-2026', 'none', 'lecture'),
(31319, 759, 96, 25, 21, 'Monday', '09:00:00', '10:00:00', '1', '2025-2026', 'none', 'lecture'),
(31320, 759, 96, 41, 21, 'Friday', '07:00:00', '08:00:00', '1', '2025-2026', 'none', 'lecture'),
(31321, 759, 96, 41, 21, 'Tuesday', '08:00:00', '09:00:00', '1', '2025-2026', 'none', 'lecture'),
(31322, 760, 56, 24, 21, 'Friday', '15:00:00', '16:00:00', '1', '2025-2026', 'none', 'lecture'),
(31323, 760, 56, 26, 21, 'Tuesday', '11:00:00', '12:00:00', '1', '2025-2026', 'none', 'lecture'),
(31324, 762, 53, 25, 21, 'Thursday', '09:00:00', '10:00:00', '1', '2025-2026', 'none', 'lecture'),
(31325, 762, 53, 41, 21, 'Wednesday', '11:00:00', '12:00:00', '1', '2025-2026', 'none', 'lecture'),
(31326, 868, 35, 24, 21, 'Thursday', '15:00:00', '16:00:00', '1', '2025-2026', 'none', 'lecture'),
(31327, 868, 35, 24, 21, 'Friday', '14:00:00', '15:00:00', '1', '2025-2026', 'none', 'lecture'),
(31328, 868, 35, 25, 21, 'Tuesday', '13:00:00', '14:00:00', '1', '2025-2026', 'none', 'lecture'),
(31329, 872, 40, 25, 21, 'Thursday', '13:00:00', '14:00:00', '1', '2025-2026', 'none', 'lecture'),
(31330, 872, 40, 41, 21, 'Wednesday', '08:00:00', '09:00:00', '1', '2025-2026', 'none', 'lecture'),
(31331, 872, 40, 25, 21, 'Friday', '11:00:00', '12:00:00', '1', '2025-2026', 'none', 'lecture'),
(31332, 757, 69, 25, 23, 'Thursday', '14:00:00', '15:00:00', '1', '2025-2026', 'none', 'lecture'),
(31333, 757, 69, 25, 23, 'Wednesday', '14:00:00', '15:00:00', '1', '2025-2026', 'none', 'lecture'),
(31334, 758, 40, 24, 23, 'Monday', '14:00:00', '15:00:00', '1', '2025-2026', 'none', 'lecture'),
(31335, 758, 40, 25, 23, 'Thursday', '08:00:00', '09:00:00', '1', '2025-2026', 'none', 'lecture'),
(31336, 758, 40, 26, 23, 'Tuesday', '10:00:00', '11:00:00', '1', '2025-2026', 'none', 'lecture'),
(31337, 759, 96, 25, 23, 'Friday', '10:00:00', '11:00:00', '1', '2025-2026', 'none', 'lecture'),
(31338, 759, 96, 24, 23, 'Monday', '15:00:00', '16:00:00', '1', '2025-2026', 'none', 'lecture'),
(31339, 759, 96, 26, 23, 'Tuesday', '16:00:00', '17:00:00', '1', '2025-2026', 'none', 'lecture'),
(31340, 760, 56, 41, 23, 'Monday', '17:00:00', '18:00:00', '1', '2025-2026', 'none', 'lecture'),
(31341, 760, 56, 25, 23, 'Friday', '13:00:00', '14:00:00', '1', '2025-2026', 'none', 'lecture'),
(31342, 762, 53, 41, 23, 'Wednesday', '17:00:00', '18:00:00', '1', '2025-2026', 'none', 'lecture'),
(31343, 762, 53, 24, 23, 'Friday', '09:00:00', '10:00:00', '1', '2025-2026', 'none', 'lecture'),
(31344, 868, 35, 26, 23, 'Tuesday', '17:00:00', '18:00:00', '1', '2025-2026', 'none', 'lecture'),
(31345, 868, 35, 25, 23, 'Friday', '16:00:00', '17:00:00', '1', '2025-2026', 'none', 'lecture'),
(31346, 868, 35, 25, 23, 'Wednesday', '13:00:00', '14:00:00', '1', '2025-2026', 'none', 'lecture'),
(31347, 872, 40, 25, 23, 'Wednesday', '15:00:00', '16:00:00', '1', '2025-2026', 'none', 'lecture'),
(31348, 872, 40, 25, 23, 'Monday', '13:00:00', '14:00:00', '1', '2025-2026', 'none', 'lecture'),
(31349, 872, 40, 27, 23, 'Tuesday', '11:00:00', '12:00:00', '1', '2025-2026', 'none', 'lecture'),
(31350, 757, 69, 25, 25, 'Tuesday', '14:00:00', '15:00:00', '1', '2025-2026', 'none', 'lecture'),
(31351, 757, 69, 41, 25, 'Thursday', '09:00:00', '10:00:00', '1', '2025-2026', 'none', 'lecture'),
(31352, 758, 40, 41, 25, 'Tuesday', '07:00:00', '08:00:00', '1', '2025-2026', 'none', 'lecture'),
(31353, 758, 40, 41, 25, 'Thursday', '11:00:00', '12:00:00', '1', '2025-2026', 'none', 'lecture'),
(31354, 758, 40, 25, 25, 'Monday', '15:00:00', '16:00:00', '1', '2025-2026', 'none', 'lecture'),
(31355, 759, 96, 41, 25, 'Tuesday', '09:00:00', '10:00:00', '1', '2025-2026', 'none', 'lecture'),
(31356, 759, 96, 26, 25, 'Monday', '17:00:00', '18:00:00', '1', '2025-2026', 'none', 'lecture'),
(31357, 759, 96, 41, 25, 'Friday', '08:00:00', '09:00:00', '1', '2025-2026', 'none', 'lecture'),
(31358, 760, 54, 25, 25, 'Friday', '09:00:00', '10:00:00', '1', '2025-2026', 'none', 'lecture'),
(31359, 760, 54, 41, 25, 'Monday', '16:00:00', '17:00:00', '1', '2025-2026', 'none', 'lecture'),
(31360, 762, 53, 25, 25, 'Friday', '14:00:00', '15:00:00', '1', '2025-2026', 'none', 'lecture'),
(31361, 762, 53, 26, 25, 'Monday', '11:00:00', '12:00:00', '1', '2025-2026', 'none', 'lecture'),
(31362, 868, 38, 25, 25, 'Friday', '15:00:00', '16:00:00', '1', '2025-2026', 'none', 'lecture'),
(31363, 868, 38, 25, 25, 'Tuesday', '15:00:00', '16:00:00', '1', '2025-2026', 'none', 'lecture'),
(31364, 868, 38, 41, 25, 'Wednesday', '10:00:00', '11:00:00', '1', '2025-2026', 'none', 'lecture'),
(31365, 872, 40, 41, 25, 'Wednesday', '13:00:00', '14:00:00', '1', '2025-2026', 'none', 'lecture'),
(31366, 872, 40, 41, 25, 'Tuesday', '13:00:00', '14:00:00', '1', '2025-2026', 'none', 'lecture'),
(31367, 872, 40, 41, 25, 'Thursday', '14:00:00', '15:00:00', '1', '2025-2026', 'none', 'lecture'),
(31368, 377, 43, 34, 74, 'Wednesday', '07:00:00', '08:00:00', '1', '2025-2026', 'none', 'lecture'),
(31369, 377, 43, 34, 74, 'Friday', '11:00:00', '12:00:00', '1', '2025-2026', 'none', 'lecture'),
(31370, 377, 43, 34, 74, 'Monday', '14:00:00', '15:00:00', '1', '2025-2026', 'none', 'lecture'),
(31371, 378, 31, 34, 74, 'Thursday', '08:00:00', '09:00:00', '1', '2025-2026', 'none', 'lecture'),
(31372, 378, 31, 34, 74, 'Friday', '13:00:00', '14:00:00', '1', '2025-2026', 'none', 'lecture'),
(31373, 378, 31, 34, 74, 'Wednesday', '08:00:00', '09:00:00', '1', '2025-2026', 'none', 'lecture'),
(31374, 379, 28, 34, 74, 'Friday', '14:00:00', '15:00:00', '1', '2025-2026', 'none', 'lecture');
INSERT INTO `schedules` (`id`, `subject_id`, `teacher_id`, `classroom_id`, `section_id`, `day`, `start_time`, `end_time`, `semester`, `academic_year`, `exam_type`, `subject_type`) VALUES
(31375, 379, 28, 34, 74, 'Thursday', '09:00:00', '10:00:00', '1', '2025-2026', 'none', 'lecture'),
(31376, 379, 28, 17, 74, 'Tuesday', '14:00:00', '15:00:00', '1', '2025-2026', 'none', 'lecture'),
(31377, 428, 95, 34, 74, 'Thursday', '14:00:00', '15:00:00', '1', '2025-2026', 'none', 'lecture'),
(31378, 428, 95, 34, 74, 'Friday', '15:00:00', '16:00:00', '1', '2025-2026', 'none', 'lecture'),
(31379, 428, 95, 17, 74, 'Tuesday', '16:00:00', '17:00:00', '1', '2025-2026', 'none', 'lecture'),
(31380, 694, 32, 34, 74, 'Wednesday', '09:00:00', '10:00:00', '1', '2025-2026', 'none', 'lecture'),
(31381, 694, 32, 34, 74, 'Thursday', '15:00:00', '16:00:00', '1', '2025-2026', 'none', 'lecture'),
(31382, 694, 32, 34, 74, 'Monday', '15:00:00', '16:00:00', '1', '2025-2026', 'none', 'lecture'),
(31383, 695, 27, 34, 74, 'Wednesday', '10:00:00', '11:00:00', '1', '2025-2026', 'none', 'lecture'),
(31384, 695, 27, 34, 74, 'Thursday', '11:00:00', '12:00:00', '1', '2025-2026', 'none', 'lecture'),
(31385, 886, 33, 35, 74, 'Friday', '07:00:00', '08:00:00', '1', '2025-2026', 'none', 'lecture'),
(31386, 886, 33, 34, 74, 'Wednesday', '11:00:00', '12:00:00', '1', '2025-2026', 'none', 'lecture'),
(31387, 886, 33, 34, 74, 'Monday', '16:00:00', '17:00:00', '1', '2025-2026', 'none', 'lecture'),
(31388, 495, 66, 38, 64, 'Wednesday', '10:00:00', '11:00:00', '1', '2025-2026', 'none', 'lecture'),
(31389, 495, 66, 38, 64, 'Tuesday', '10:00:00', '11:00:00', '1', '2025-2026', 'none', 'lecture'),
(31390, 487, 92, 38, 66, 'Tuesday', '16:00:00', '17:00:00', '1', '2025-2026', 'none', 'lecture'),
(31391, 487, 92, 38, 66, 'Wednesday', '16:00:00', '17:00:00', '1', '2025-2026', 'none', 'lecture'),
(31392, 490, 63, 38, 66, 'Tuesday', '17:00:00', '18:00:00', '1', '2025-2026', 'none', 'lecture'),
(31393, 490, 63, 38, 66, 'Monday', '14:00:00', '15:00:00', '1', '2025-2026', 'none', 'lecture'),
(31394, 490, 63, 38, 66, 'Wednesday', '13:00:00', '14:00:00', '1', '2025-2026', 'none', 'lecture'),
(31395, 491, 59, 38, 66, 'Monday', '11:00:00', '12:00:00', '1', '2025-2026', 'none', 'lecture'),
(31396, 491, 59, 38, 66, 'Thursday', '07:00:00', '08:00:00', '1', '2025-2026', 'none', 'lecture'),
(31397, 493, 66, 38, 66, 'Friday', '10:00:00', '11:00:00', '1', '2025-2026', 'none', 'lecture'),
(31398, 493, 66, 38, 66, 'Wednesday', '14:00:00', '15:00:00', '1', '2025-2026', 'none', 'lecture'),
(31399, 495, 66, 38, 66, 'Monday', '13:00:00', '14:00:00', '1', '2025-2026', 'none', 'lecture'),
(31400, 495, 66, 35, 66, 'Tuesday', '11:00:00', '12:00:00', '1', '2025-2026', 'none', 'lecture'),
(31401, 393, 64, 38, 57, 'Tuesday', '08:00:00', '09:00:00', '1', '2025-2026', 'none', 'lecture'),
(31402, 393, 64, 38, 57, 'Wednesday', '11:00:00', '12:00:00', '1', '2025-2026', 'none', 'lecture'),
(31403, 395, 94, 38, 57, 'Monday', '16:00:00', '17:00:00', '1', '2025-2026', 'none', 'lecture'),
(31404, 395, 94, 38, 57, 'Tuesday', '07:00:00', '08:00:00', '1', '2025-2026', 'none', 'lecture'),
(31405, 399, 59, 38, 57, 'Monday', '08:00:00', '09:00:00', '1', '2025-2026', 'none', 'lecture'),
(31406, 399, 59, 38, 57, 'Friday', '11:00:00', '12:00:00', '1', '2025-2026', 'none', 'lecture'),
(31407, 401, 68, 38, 57, 'Monday', '09:00:00', '10:00:00', '1', '2025-2026', 'none', 'lecture'),
(31408, 401, 68, 38, 57, 'Friday', '13:00:00', '14:00:00', '1', '2025-2026', 'none', 'lecture'),
(31409, 401, 68, 38, 57, 'Tuesday', '09:00:00', '10:00:00', '1', '2025-2026', 'none', 'lecture'),
(31410, 402, 68, 38, 57, 'Wednesday', '15:00:00', '16:00:00', '1', '2025-2026', 'none', 'lecture'),
(31411, 402, 68, 38, 57, 'Friday', '17:00:00', '18:00:00', '1', '2025-2026', 'none', 'lecture'),
(31412, 402, 68, 38, 57, 'Monday', '10:00:00', '11:00:00', '1', '2025-2026', 'none', 'lecture'),
(31413, 403, 91, 38, 57, 'Wednesday', '17:00:00', '18:00:00', '1', '2025-2026', 'none', 'lecture'),
(31414, 880, 95, 35, 57, 'Wednesday', '10:00:00', '11:00:00', '1', '2025-2026', 'none', 'lecture'),
(31415, 880, 95, 38, 57, 'Thursday', '10:00:00', '11:00:00', '1', '2025-2026', 'none', 'lecture'),
(31416, 880, 95, 38, 57, 'Monday', '17:00:00', '18:00:00', '1', '2025-2026', 'none', 'lecture'),
(31417, 393, 64, 35, 58, 'Monday', '08:00:00', '09:00:00', '1', '2025-2026', 'none', 'lecture'),
(31418, 393, 64, 38, 58, 'Thursday', '11:00:00', '12:00:00', '1', '2025-2026', 'none', 'lecture'),
(31419, 395, 94, 38, 58, 'Monday', '15:00:00', '16:00:00', '1', '2025-2026', 'none', 'lecture'),
(31420, 395, 94, 38, 58, 'Tuesday', '13:00:00', '14:00:00', '1', '2025-2026', 'none', 'lecture'),
(31421, 397, 67, 38, 58, 'Friday', '16:00:00', '17:00:00', '1', '2025-2026', 'none', 'lecture'),
(31422, 397, 67, 35, 58, 'Monday', '11:00:00', '12:00:00', '1', '2025-2026', 'none', 'lecture'),
(31423, 399, 61, 38, 58, 'Thursday', '16:00:00', '17:00:00', '1', '2025-2026', 'none', 'lecture'),
(31424, 399, 61, 35, 58, 'Tuesday', '10:00:00', '11:00:00', '1', '2025-2026', 'none', 'lecture'),
(31425, 401, 68, 35, 58, 'Monday', '13:00:00', '14:00:00', '1', '2025-2026', 'none', 'lecture'),
(31426, 401, 68, 35, 58, 'Wednesday', '11:00:00', '12:00:00', '1', '2025-2026', 'none', 'lecture'),
(31427, 401, 68, 38, 58, 'Tuesday', '14:00:00', '15:00:00', '1', '2025-2026', 'none', 'lecture'),
(31428, 402, 68, 33, 58, 'Wednesday', '10:00:00', '11:00:00', '1', '2025-2026', 'none', 'lecture'),
(31429, 402, 68, 35, 58, 'Friday', '08:00:00', '09:00:00', '1', '2025-2026', 'none', 'lecture'),
(31430, 402, 68, 38, 58, 'Tuesday', '15:00:00', '16:00:00', '1', '2025-2026', 'none', 'lecture'),
(31431, 403, 91, 35, 58, 'Wednesday', '16:00:00', '17:00:00', '1', '2025-2026', 'none', 'lecture'),
(31432, 880, 95, 35, 58, 'Friday', '11:00:00', '12:00:00', '1', '2025-2026', 'none', 'lecture'),
(31433, 880, 95, 35, 58, 'Monday', '09:00:00', '10:00:00', '1', '2025-2026', 'none', 'lecture'),
(31434, 880, 95, 35, 58, 'Tuesday', '17:00:00', '18:00:00', '1', '2025-2026', 'none', 'lecture'),
(31435, 393, 64, 35, 59, 'Monday', '17:00:00', '18:00:00', '1', '2025-2026', 'none', 'lecture'),
(31436, 393, 64, 35, 59, 'Tuesday', '13:00:00', '14:00:00', '1', '2025-2026', 'none', 'lecture'),
(31437, 395, 94, 35, 59, 'Wednesday', '07:00:00', '08:00:00', '1', '2025-2026', 'none', 'lecture'),
(31438, 395, 94, 35, 59, 'Tuesday', '14:00:00', '15:00:00', '1', '2025-2026', 'none', 'lecture'),
(31439, 397, 67, 38, 59, 'Friday', '14:00:00', '15:00:00', '1', '2025-2026', 'none', 'lecture'),
(31440, 397, 67, 35, 59, 'Monday', '16:00:00', '17:00:00', '1', '2025-2026', 'none', 'lecture'),
(31441, 399, 61, 35, 59, 'Thursday', '11:00:00', '12:00:00', '1', '2025-2026', 'none', 'lecture'),
(31442, 399, 61, 38, 59, 'Friday', '15:00:00', '16:00:00', '1', '2025-2026', 'none', 'lecture'),
(31443, 401, 68, 38, 59, 'Thursday', '17:00:00', '18:00:00', '1', '2025-2026', 'none', 'lecture'),
(31444, 401, 68, 35, 59, 'Friday', '09:00:00', '10:00:00', '1', '2025-2026', 'none', 'lecture'),
(31445, 401, 68, 33, 59, 'Monday', '08:00:00', '09:00:00', '1', '2025-2026', 'none', 'lecture'),
(31446, 402, 68, 35, 59, 'Friday', '10:00:00', '11:00:00', '1', '2025-2026', 'none', 'lecture'),
(31447, 402, 68, 35, 59, 'Thursday', '10:00:00', '11:00:00', '1', '2025-2026', 'none', 'lecture'),
(31448, 402, 68, 35, 59, 'Wednesday', '08:00:00', '09:00:00', '1', '2025-2026', 'none', 'lecture'),
(31449, 403, 91, 35, 59, 'Thursday', '16:00:00', '17:00:00', '1', '2025-2026', 'none', 'lecture'),
(31450, 880, 95, 35, 59, 'Wednesday', '17:00:00', '18:00:00', '1', '2025-2026', 'none', 'lecture'),
(31451, 880, 95, 34, 59, 'Tuesday', '10:00:00', '11:00:00', '1', '2025-2026', 'none', 'lecture'),
(31452, 880, 95, 35, 59, 'Friday', '16:00:00', '17:00:00', '1', '2025-2026', 'none', 'lecture'),
(31453, 393, 64, 35, 100, 'Friday', '15:00:00', '16:00:00', '1', '2025-2026', 'none', 'lecture'),
(31454, 393, 64, 35, 100, 'Tuesday', '16:00:00', '17:00:00', '1', '2025-2026', 'none', 'lecture'),
(31455, 395, 94, 34, 100, 'Wednesday', '16:00:00', '17:00:00', '1', '2025-2026', 'none', 'lecture'),
(31456, 395, 94, 35, 100, 'Tuesday', '08:00:00', '09:00:00', '1', '2025-2026', 'none', 'lecture'),
(31457, 397, 67, 34, 100, 'Monday', '17:00:00', '18:00:00', '1', '2025-2026', 'none', 'lecture'),
(31458, 397, 67, 34, 100, 'Tuesday', '11:00:00', '12:00:00', '1', '2025-2026', 'none', 'lecture'),
(31459, 399, 61, 33, 100, 'Monday', '16:00:00', '17:00:00', '1', '2025-2026', 'none', 'lecture'),
(31460, 399, 61, 38, 100, 'Thursday', '08:00:00', '09:00:00', '1', '2025-2026', 'none', 'lecture'),
(31461, 401, 68, 35, 100, 'Friday', '14:00:00', '15:00:00', '1', '2025-2026', 'none', 'lecture'),
(31462, 401, 68, 35, 100, 'Monday', '14:00:00', '15:00:00', '1', '2025-2026', 'none', 'lecture'),
(31463, 401, 68, 35, 100, 'Tuesday', '07:00:00', '08:00:00', '1', '2025-2026', 'none', 'lecture'),
(31464, 402, 68, 33, 100, 'Friday', '07:00:00', '08:00:00', '1', '2025-2026', 'none', 'lecture'),
(31465, 402, 68, 34, 100, 'Tuesday', '17:00:00', '18:00:00', '1', '2025-2026', 'none', 'lecture'),
(31466, 402, 68, 38, 100, 'Thursday', '09:00:00', '10:00:00', '1', '2025-2026', 'none', 'lecture'),
(31467, 403, 91, 35, 100, 'Thursday', '17:00:00', '18:00:00', '1', '2025-2026', 'none', 'lecture'),
(31468, 880, 95, 35, 100, 'Thursday', '07:00:00', '08:00:00', '1', '2025-2026', 'none', 'lecture'),
(31469, 880, 95, 35, 100, 'Friday', '17:00:00', '18:00:00', '1', '2025-2026', 'none', 'lecture'),
(31470, 880, 95, 33, 100, 'Wednesday', '11:00:00', '12:00:00', '1', '2025-2026', 'none', 'lecture'),
(31471, 368, 64, 35, 49, 'Tuesday', '09:00:00', '10:00:00', '1', '2025-2026', 'none', 'lecture'),
(31472, 368, 64, 34, 49, 'Thursday', '16:00:00', '17:00:00', '1', '2025-2026', 'none', 'lecture'),
(31473, 368, 64, 35, 49, 'Wednesday', '09:00:00', '10:00:00', '1', '2025-2026', 'none', 'lecture'),
(31474, 369, 67, 38, 49, 'Thursday', '14:00:00', '15:00:00', '1', '2025-2026', 'none', 'lecture'),
(31475, 369, 67, 34, 49, 'Friday', '17:00:00', '18:00:00', '1', '2025-2026', 'none', 'lecture'),
(31476, 371, 65, 34, 49, 'Wednesday', '17:00:00', '18:00:00', '1', '2025-2026', 'none', 'lecture'),
(31477, 371, 65, 35, 49, 'Monday', '15:00:00', '16:00:00', '1', '2025-2026', 'none', 'lecture'),
(31478, 373, 65, 34, 49, 'Friday', '16:00:00', '17:00:00', '1', '2025-2026', 'none', 'lecture'),
(31479, 373, 65, 33, 49, 'Wednesday', '16:00:00', '17:00:00', '1', '2025-2026', 'none', 'lecture'),
(31480, 375, 94, 35, 49, 'Tuesday', '15:00:00', '16:00:00', '1', '2025-2026', 'none', 'lecture'),
(31481, 375, 94, 33, 49, 'Monday', '14:00:00', '15:00:00', '1', '2025-2026', 'none', 'lecture'),
(31482, 375, 94, 33, 49, 'Friday', '11:00:00', '12:00:00', '1', '2025-2026', 'none', 'lecture'),
(31483, 861, 43, 34, 49, 'Tuesday', '07:00:00', '08:00:00', '1', '2025-2026', 'none', 'lecture'),
(31484, 861, 43, 35, 49, 'Wednesday', '13:00:00', '14:00:00', '1', '2025-2026', 'none', 'lecture'),
(31485, 861, 43, 41, 49, 'Friday', '10:00:00', '11:00:00', '1', '2025-2026', 'none', 'lecture'),
(31486, 864, 32, 34, 49, 'Tuesday', '08:00:00', '09:00:00', '1', '2025-2026', 'none', 'lecture'),
(31487, 864, 32, 33, 49, 'Monday', '17:00:00', '18:00:00', '1', '2025-2026', 'none', 'lecture'),
(31488, 864, 32, 38, 49, 'Thursday', '13:00:00', '14:00:00', '1', '2025-2026', 'none', 'lecture'),
(31489, 867, 26, 35, 49, 'Wednesday', '14:00:00', '15:00:00', '1', '2025-2026', 'none', 'lecture'),
(31490, 867, 26, 41, 49, 'Monday', '13:00:00', '14:00:00', '1', '2025-2026', 'none', 'lecture'),
(31491, 867, 26, 34, 49, 'Tuesday', '13:00:00', '14:00:00', '1', '2025-2026', 'none', 'lecture'),
(31492, 368, 64, 33, 50, 'Tuesday', '17:00:00', '18:00:00', '1', '2025-2026', 'none', 'lecture'),
(31493, 368, 64, 35, 50, 'Monday', '10:00:00', '11:00:00', '1', '2025-2026', 'none', 'lecture'),
(31494, 368, 64, 33, 50, 'Friday', '08:00:00', '09:00:00', '1', '2025-2026', 'none', 'lecture'),
(31495, 369, 67, 34, 50, 'Tuesday', '16:00:00', '17:00:00', '1', '2025-2026', 'none', 'lecture'),
(31496, 369, 67, 34, 50, 'Thursday', '17:00:00', '18:00:00', '1', '2025-2026', 'none', 'lecture'),
(31497, 371, 65, 33, 50, 'Friday', '17:00:00', '18:00:00', '1', '2025-2026', 'none', 'lecture'),
(31498, 371, 65, 34, 50, 'Tuesday', '09:00:00', '10:00:00', '1', '2025-2026', 'none', 'lecture'),
(31499, 373, 65, 41, 50, 'Friday', '11:00:00', '12:00:00', '1', '2025-2026', 'none', 'lecture'),
(31500, 373, 65, 35, 50, 'Thursday', '08:00:00', '09:00:00', '1', '2025-2026', 'none', 'lecture'),
(31501, 375, 94, 35, 50, 'Wednesday', '15:00:00', '16:00:00', '1', '2025-2026', 'none', 'lecture'),
(31502, 375, 94, 33, 50, 'Friday', '16:00:00', '17:00:00', '1', '2025-2026', 'none', 'lecture'),
(31503, 375, 94, 33, 50, 'Thursday', '07:00:00', '08:00:00', '1', '2025-2026', 'none', 'lecture'),
(31504, 861, 43, 35, 50, 'Friday', '13:00:00', '14:00:00', '1', '2025-2026', 'none', 'lecture'),
(31505, 861, 43, 34, 50, 'Wednesday', '14:00:00', '15:00:00', '1', '2025-2026', 'none', 'lecture'),
(31506, 861, 43, 33, 50, 'Monday', '09:00:00', '10:00:00', '1', '2025-2026', 'none', 'lecture'),
(31507, 864, 32, 33, 50, 'Thursday', '16:00:00', '17:00:00', '1', '2025-2026', 'none', 'lecture'),
(31508, 864, 32, 41, 50, 'Wednesday', '07:00:00', '08:00:00', '1', '2025-2026', 'none', 'lecture'),
(31509, 864, 32, 33, 50, 'Friday', '14:00:00', '15:00:00', '1', '2025-2026', 'none', 'lecture'),
(31510, 867, 26, 34, 50, 'Wednesday', '13:00:00', '14:00:00', '1', '2025-2026', 'none', 'lecture'),
(31511, 867, 26, 33, 50, 'Friday', '15:00:00', '16:00:00', '1', '2025-2026', 'none', 'lecture'),
(31512, 867, 26, 41, 50, 'Monday', '08:00:00', '09:00:00', '1', '2025-2026', 'none', 'lecture'),
(31513, 368, 64, 33, 51, 'Thursday', '10:00:00', '11:00:00', '1', '2025-2026', 'none', 'lecture'),
(31514, 368, 64, 34, 51, 'Tuesday', '14:00:00', '15:00:00', '1', '2025-2026', 'none', 'lecture'),
(31515, 368, 64, 41, 51, 'Monday', '09:00:00', '10:00:00', '1', '2025-2026', 'none', 'lecture'),
(31516, 369, 67, 38, 51, 'Thursday', '15:00:00', '16:00:00', '1', '2025-2026', 'none', 'lecture'),
(31517, 369, 67, 34, 51, 'Tuesday', '15:00:00', '16:00:00', '1', '2025-2026', 'none', 'lecture'),
(31518, 371, 65, 33, 51, 'Monday', '10:00:00', '11:00:00', '1', '2025-2026', 'none', 'lecture'),
(31519, 371, 65, 35, 51, 'Thursday', '09:00:00', '10:00:00', '1', '2025-2026', 'none', 'lecture'),
(31520, 373, 65, 33, 51, 'Thursday', '11:00:00', '12:00:00', '1', '2025-2026', 'none', 'lecture'),
(31521, 373, 65, 25, 51, 'Monday', '14:00:00', '15:00:00', '1', '2025-2026', 'none', 'lecture'),
(31522, 375, 39, 41, 51, 'Friday', '15:00:00', '16:00:00', '1', '2025-2026', 'none', 'lecture'),
(31523, 375, 39, 35, 51, 'Thursday', '14:00:00', '15:00:00', '1', '2025-2026', 'none', 'lecture'),
(31524, 375, 39, 33, 51, 'Tuesday', '13:00:00', '14:00:00', '1', '2025-2026', 'none', 'lecture'),
(31525, 861, 43, 33, 51, 'Monday', '15:00:00', '16:00:00', '1', '2025-2026', 'none', 'lecture'),
(31526, 861, 43, 33, 51, 'Wednesday', '17:00:00', '18:00:00', '1', '2025-2026', 'none', 'lecture'),
(31527, 861, 43, 35, 51, 'Thursday', '13:00:00', '14:00:00', '1', '2025-2026', 'none', 'lecture'),
(31528, 864, 32, 33, 51, 'Tuesday', '16:00:00', '17:00:00', '1', '2025-2026', 'none', 'lecture'),
(31529, 864, 32, 25, 51, 'Friday', '17:00:00', '18:00:00', '1', '2025-2026', 'none', 'lecture'),
(31530, 864, 32, 33, 51, 'Thursday', '08:00:00', '09:00:00', '1', '2025-2026', 'none', 'lecture'),
(31531, 867, 26, 17, 51, 'Tuesday', '17:00:00', '18:00:00', '1', '2025-2026', 'none', 'lecture'),
(31532, 867, 26, 32, 51, 'Thursday', '16:00:00', '17:00:00', '1', '2025-2026', 'none', 'lecture'),
(31533, 885, 58, 36, 70, 'Monday', '13:00:00', '15:40:00', '1', '2025-2026', 'none', 'lab'),
(31534, 885, 58, 36, 71, 'Tuesday', '13:00:00', '15:40:00', '1', '2025-2026', 'none', 'lab'),
(31535, 885, 58, 36, 102, 'Wednesday', '07:00:00', '09:40:00', '1', '2025-2026', 'none', 'lab'),
(31536, 376, 94, 36, 49, 'Thursday', '09:00:00', '11:00:00', '1', '2025-2026', 'none', 'lab'),
(31537, 376, 94, 36, 50, 'Wednesday', '09:00:00', '11:00:00', '1', '2025-2026', 'none', 'lab'),
(31538, 376, 39, 36, 51, 'Tuesday', '07:00:00', '09:00:00', '1', '2025-2026', 'none', 'lab'),
(31539, 867, 26, 36, 51, 'Monday', '11:00:00', '12:00:00', '1', '2025-2026', 'none', 'lecture'),
(31540, 867, 26, 36, 51, 'Monday', '16:00:00', '17:00:00', '1', '2025-2026', 'none', 'lecture'),
(31541, 867, 26, 36, 51, 'Monday', '17:00:00', '18:00:00', '1', '2025-2026', 'none', 'lecture');

-- --------------------------------------------------------

--
-- Table structure for table `sections`
--

CREATE TABLE `sections` (
  `id` int(11) NOT NULL,
  `section_name` varchar(50) NOT NULL,
  `year_level` int(11) NOT NULL,
  `semester` enum('1','2','midyear') NOT NULL,
  `academic_year` varchar(9) NOT NULL,
  `student_count` int(11) NOT NULL DEFAULT 0,
  `department` enum('BSIT','BSED_Mathematics','BSED_Social_Studies','BTVTED_Garments','BTVTED_Electronics','BTVTED_Electrical','Diploma_Agricultural_Sciences','BAT_Crops_Production','BSA_Agronomy','General_Education','BTVTED_All','BSED_All') DEFAULT NULL
) ENGINE=InnoDB DEFAULT CHARSET=utf8mb4 COLLATE=utf8mb4_general_ci;

--
-- Dumping data for table `sections`
--

INSERT INTO `sections` (`id`, `section_name`, `year_level`, `semester`, `academic_year`, `student_count`, `department`) VALUES
(19, 'BSIT-1A', 1, '1', '2025-2026', 0, 'BSIT'),
(21, 'BSIT-1B', 1, '1', '2025-2026', 0, 'BSIT'),
(23, 'BSIT-1C', 1, '1', '2025-2026', 0, 'BSIT'),
(25, 'BSIT-1D', 1, '1', '2025-2026', 0, 'BSIT'),
(26, '*BSIT -1A', 1, '2', '2025-2026', 0, 'BSIT'),
(27, '*BSIT -1B', 1, '2', '2025-2026', 0, 'BSIT'),
(28, '*BSIT -1C', 1, '2', '2025-2026', 0, 'BSIT'),
(29, '*BSIT -1D', 1, '2', '2025-2026', 0, 'BSIT'),
(30, 'BSIT-2A', 2, '1', '2025-2026', 0, 'BSIT'),
(31, 'BSIT-2B', 2, '1', '2025-2026', 0, 'BSIT'),
(32, 'BSIT-2C', 2, '1', '2025-2026', 0, 'BSIT'),
(33, '*BSIT -2A', 2, '2', '2025-2026', 0, 'BSIT'),
(34, '*BSIT -2B', 2, '2', '2025-2026', 0, 'BSIT'),
(35, '*BSIT -2C', 2, '2', '2025-2026', 0, 'BSIT'),
(36, 'BSIT-3A', 3, '1', '2025-2026', 0, 'BSIT'),
(37, 'BSIT-3B', 3, '1', '2025-2026', 0, 'BSIT'),
(38, 'BSIT-2D', 2, '1', '2025-2026', 0, 'BSIT'),
(39, '*BSIT -3A', 3, '2', '2025-2026', 0, 'BSIT'),
(40, '*BSIT -3B', 3, '2', '2025-2026', 0, 'BSIT'),
(41, '*BSIT -2D', 2, '2', '2025-2026', 0, 'BSIT'),
(42, 'BSIT-4A', 4, '1', '2025-2026', 0, 'BSIT'),
(43, 'BSIT-4B', 4, '1', '2025-2026', 0, 'BSIT'),
(44, '*BSIT -4A', 4, '2', '2025-2026', 0, 'BSIT'),
(45, '*BSIT -4B', 4, '2', '2025-2026', 0, 'BSIT'),
(46, '^BSIT-2A', 2, 'midyear', '2025-2026', 0, 'BSIT'),
(47, '^BSIT-2B', 2, 'midyear', '2025-2026', 0, 'BSIT'),
(48, '^BSIT-2C', 2, 'midyear', '2025-2026', 0, 'BSIT'),
(49, 'BSA-1A', 1, '1', '2025-2026', 0, 'BSA_Agronomy'),
(50, 'BSA-1B', 1, '1', '2025-2026', 0, 'BSA_Agronomy'),
(51, 'BSA-1C', 1, '1', '2025-2026', 0, 'BSA_Agronomy'),
(53, '*BSA-1A', 1, '2', '2025-2026', 0, 'BSA_Agronomy'),
(54, '*BSA-1B', 1, '2', '2025-2026', 0, 'BSA_Agronomy'),
(55, '*BSA-1C', 1, '2', '2025-2026', 0, 'BSA_Agronomy'),
(57, 'BSA-2A', 2, '1', '2025-2026', 0, 'BSA_Agronomy'),
(58, 'BSA-2B', 2, '1', '2025-2026', 0, 'BSA_Agronomy'),
(59, 'BSA-2C', 2, '1', '2025-2026', 0, 'BSA_Agronomy'),
(60, '*BSA-2A', 2, '2', '2025-2026', 0, 'BSA_Agronomy'),
(61, '*BSA-2B', 2, '2', '2025-2026', 0, 'BSA_Agronomy'),
(62, '*BSA-2C', 2, '2', '2025-2026', 0, 'BSA_Agronomy'),
(63, 'BAT-3A', 3, '1', '2025-2026', 0, 'BAT_Crops_Production'),
(64, 'BAT-3B', 3, '1', '2025-2026', 0, 'BAT_Crops_Production'),
(66, 'BAT-3C', 3, '1', '2025-2026', 0, 'BAT_Crops_Production'),
(67, '*BAT-3A', 3, '2', '2025-2026', 0, 'BAT_Crops_Production'),
(68, '*BAT-3B', 3, '2', '2025-2026', 0, 'BAT_Crops_Production'),
(69, '*BAT-3C', 3, '2', '2025-2026', 0, 'BAT_Crops_Production'),
(70, 'BAT-4A', 4, '1', '2025-2026', 0, 'BAT_Crops_Production'),
(71, 'BAT-4B', 4, '1', '2025-2026', 0, 'BAT_Crops_Production'),
(72, '*BAT-4A', 4, '2', '2025-2026', 0, 'BAT_Crops_Production'),
(73, '*BAT-4B', 4, '2', '2025-2026', 0, 'BAT_Crops_Production'),
(74, 'BSE-1', 1, '1', '2025-2026', 1, 'BSED_All'),
(76, 'BSE 2- Math', 2, '1', '2025-2026', 0, 'BSED_Mathematics'),
(77, '*BSE-1', 1, '2', '2025-2026', 0, 'BSED_All'),
(78, '*BSE 2-Soc Sci', 2, '2', '2025-2026', 0, 'BSED_Social_Studies'),
(79, '*BSE 2-Math', 2, '2', '2025-2026', 0, 'BSED_Mathematics'),
(80, 'BSE 3-Soc Sci', 3, '1', '2025-2026', 0, 'BSED_Social_Studies'),
(81, 'BSE 3-Math', 3, '1', '2025-2026', 0, 'BSED_Mathematics'),
(82, '*BSE 3-Soc Sci', 3, '2', '2025-2026', 0, 'BSED_Social_Studies'),
(83, '*BSE 3-Math', 3, '2', '2025-2026', 0, 'BSED_Mathematics'),
(84, 'BSE 4-Soc Sci/Math', 4, '1', '2025-2026', 0, 'BSED_All'),
(85, 'BTVTEd-1', 1, '1', '2025-2026', 0, 'BTVTED_All'),
(86, '*BTVTEd-1', 1, '2', '2025-2026', 0, 'BTVTED_All'),
(87, 'BTVTEd 2-GFD', 2, '1', '2025-2026', 0, 'BTVTED_Garments'),
(88, '*BTVTEd 2-GFD', 2, '2', '2025-2026', 0, 'BTVTED_Garments'),
(89, 'BTVTEd 2-ET', 2, '1', '2025-2026', 0, 'BTVTED_Electrical'),
(90, '*BTVTEd 2-ET', 2, '2', '2025-2026', 0, 'BTVTED_Electrical'),
(91, 'BTVTEd 3-GFD', 3, '1', '2025-2026', 0, 'BTVTED_Garments'),
(92, '*BTVTEd 3-GFD', 3, '2', '2025-2026', 0, 'BTVTED_Garments'),
(93, 'BTVTEd 3-ET', 3, '1', '2025-2026', 0, 'BTVTED_Electrical'),
(94, '*BTVTEd 3-ET', 3, '2', '2025-2026', 0, 'BTVTED_Electrical'),
(96, '*BTVTEd-4', 4, '2', '2025-2026', 0, 'BTVTED_All'),
(98, 'BTVTEd-4A', 4, '1', '2025-2026', 0, 'BTVTED_All'),
(99, 'BSE-2-Soc Sci', 2, '1', '2025-2026', 0, 'BSED_Social_Studies'),
(100, 'BSA-2D', 2, '1', '2025-2026', 0, 'BSA_Agronomy'),
(101, '*BSA -2D', 2, '2', '2025-2026', 0, 'BSA_Agronomy'),
(102, 'BAT-4C', 4, '1', '2025-2026', 0, 'BAT_Crops_Production'),
(103, '*BAT-4C', 4, '2', '2025-2026', 0, 'BAT_Crops_Production'),
(104, 'BSIT-4C', 4, '1', '2025-2026', 0, 'BSIT'),
(105, '*BSIT -4C', 4, '2', '2025-2026', 0, 'BSIT');

-- --------------------------------------------------------

--
-- Table structure for table `subjects`
--

CREATE TABLE `subjects` (
  `id` int(11) NOT NULL,
  `subject_code` varchar(50) NOT NULL,
  `subject_name` varchar(100) NOT NULL,
  `semester` enum('1','2','midyear') NOT NULL,
  `year_level` int(11) NOT NULL,
  `subject_type` enum('lecture','lab','pe') NOT NULL DEFAULT 'lecture',
  `minutes_per_week` int(11) NOT NULL DEFAULT 60,
  `units` int(11) NOT NULL DEFAULT 1,
  `department` enum('BSIT','BSED_Mathematics','BSED_Social_Studies','BTVTED_Garments','BTVTED_Electronics','BTVTED_Electrical','Diploma_Agricultural_Sciences','BAT_Crops_Production','BSA_Agronomy','General_Education','BTVTED_All','BSED_All') DEFAULT NULL
) ENGINE=InnoDB DEFAULT CHARSET=utf8mb4 COLLATE=utf8mb4_general_ci;

--
-- Dumping data for table `subjects`
--

INSERT INTO `subjects` (`id`, `subject_code`, `subject_name`, `semester`, `year_level`, `subject_type`, `minutes_per_week`, `units`, `department`) VALUES
(368, 'Agri 111', 'Introduction to Agriculture', '1', 1, 'lecture', 180, 3, 'BSA_Agronomy'),
(369, 'Agri 112', 'Principles of Soil Science', '1', 1, 'lecture', 120, 3, 'BSA_Agronomy'),
(370, '*Agri 112', '*Principles of Soil Science', '1', 1, 'lab', 180, 3, 'BSA_Agronomy'),
(371, 'Agri 113', 'Principles of Crop Protection', '1', 1, 'lecture', 120, 3, 'BSA_Agronomy'),
(372, '*Agri 113', '*Principles of Crop Protection', '1', 1, 'lab', 180, 3, 'BSA_Agronomy'),
(373, 'Agri 114', 'Organic Chemistry', '1', 1, 'lecture', 120, 3, 'BSA_Agronomy'),
(374, '*Agri 114', '*Organic Chemistry', '1', 1, 'lab', 180, 3, 'BSA_Agronomy'),
(375, 'Agri 115', 'Principles of Agricultural Entrepreneurship and Enterprise Development', '1', 1, 'lecture', 180, 3, 'BSA_Agronomy'),
(376, '*Agri 115', '*Principles of Agricultural Entrepreneurship and Enterprise Development', '1', 1, 'lab', 120, 3, 'BSA_Agronomy'),
(377, 'GEC 1', 'Understanding the Self', '1', 1, 'lecture', 180, 3, 'BSED_All'),
(378, 'GEC 2', 'Readings in the Philippine History', '1', 1, 'lecture', 180, 3, 'BSED_All'),
(379, 'GEC 3', 'Mathematics in the Modern World', '1', 1, 'lecture', 180, 3, 'BSED_All'),
(380, 'PE 1', 'Physical Activity Towards Health Fitness 1 (Movement Patterns)', '1', 1, 'pe', 120, 2, 'General_Education'),
(381, 'Agri 121', 'Principles of Crop Production', '2', 1, 'lecture', 120, 3, 'BSA_Agronomy'),
(382, '*Agri 121', '*Principles of Crop Production', '2', 1, 'lab', 180, 3, 'BSA_Agronomy'),
(383, 'Agri 122', 'Introduction to Animal Science', '2', 1, 'lecture', 120, 3, 'BSA_Agronomy'),
(384, '*Agri 122', '*Introduction to Animal Science', '2', 1, 'lab', 180, 3, 'BSA_Agronomy'),
(385, 'Agri 123', 'Approaches and Practices in Pest Management', '2', 1, 'lecture', 120, 3, 'BSA_Agronomy'),
(386, '*Agri 123', '*Approaches and Practices in Pest Management', '2', 1, 'lab', 180, 3, 'BSA_Agronomy'),
(387, 'Agri 124', 'Soil Fertility, Conservation and Management', '2', 1, 'lecture', 120, 3, 'BSA_Agronomy'),
(388, '*Agri 124', '*Soil Fertility, Conservation and Management', '2', 1, 'lab', 180, 3, 'BSA_Agronomy'),
(389, 'Agri Inst 1', 'Climate Change and DRRM', '2', 1, 'lecture', 120, 2, 'BSA_Agronomy'),
(390, 'GEC 4', 'Purposive Communication', '2', 1, 'lecture', 180, 3, 'BSED_All'),
(391, 'GEC 5', 'Art Appreciation', '2', 1, 'lecture', 180, 3, 'BSED_All'),
(392, 'PE 2', 'Physical Activity Towards Health Fitness 2 (Exercise-Based Program)', '2', 1, 'pe', 120, 2, 'General_Education'),
(393, 'Agri 211', 'Introduction to Livestock and Poultry Production', '1', 2, 'lecture', 120, 3, 'BSA_Agronomy'),
(394, '*Agri 211', '*Introduction to Livestock and Poultry Production', '1', 2, 'lab', 180, 3, 'BSA_Agronomy'),
(395, 'Agri 212', 'Principles of Genetics and Plant Breeding', '1', 2, 'lecture', 120, 3, 'BSA_Agronomy'),
(396, '*Agri 212', '*Principles of Genetics and Plant Breeding', '1', 2, 'lab', 180, 3, 'BSA_Agronomy'),
(397, 'Agri 213', 'Practices of Crop Science and Management', '1', 2, 'lecture', 120, 3, 'BSA_Agronomy'),
(398, '*Agri 213', '*Practices of Crop Science and Management', '1', 2, 'lab', 180, 3, 'BSA_Agronomy'),
(399, 'Agri 214', 'Methods of Agricultural Research', '1', 2, 'lecture', 120, 3, 'BSA_Agronomy'),
(400, '*Agri 214', '*Methods of Agricultural Research', '1', 2, 'lab', 180, 3, 'BSA_Agronomy'),
(401, 'Agri 215', 'Principles of Agricultural Extension and Communication', '1', 2, 'lecture', 180, 3, 'BSA_Agronomy'),
(402, 'Agri 216', 'Intro to Organic Agriculture', '1', 2, 'lecture', 180, 3, 'BSA_Agronomy'),
(403, 'Agri Inst 2', 'Creative and Critical Thinking', '1', 2, 'lecture', 60, 2, 'BSA_Agronomy'),
(404, '*Agri Inst 2', '*Creative and Critical Thinking', '1', 2, 'lab', 180, 2, 'BSA_Agronomy'),
(405, 'GEC 8', 'The Contemporary World', '2', 1, 'lecture', 180, 3, 'BSED_All'),
(406, 'PE 3', 'Physical Activity Towards Health Fitness 3 (Dance, Sports, Group Exercise, and Outdoor Adventure Act', '1', 2, 'pe', 120, 2, 'General_Education'),
(407, 'Agri 221', 'General Biochemistry', '2', 2, 'lecture', 120, 3, 'BSA_Agronomy'),
(408, '*Agri 221', '*General Biochemistry', '2', 2, 'lab', 180, 3, 'BSA_Agronomy'),
(409, 'Agri 222', 'Basic Farm Machineries, Mechanization and Water Management', '2', 2, 'lecture', 120, 3, 'BSA_Agronomy'),
(410, '*Agri 222', '*Basic Farm Machineries, Mechanization and Water Management', '2', 2, 'lab', 180, 3, 'BSA_Agronomy'),
(411, 'Agri 223', 'Natural Resource and Environmental Management', '2', 2, 'lecture', 180, 3, 'BSA_Agronomy'),
(412, 'Agri 224', 'Technical Writing', '2', 2, 'lecture', 180, 3, 'BSA_Agronomy'),
(413, 'Agri GE Elec 1', 'Agricultural Economics and Marketing', '2', 2, 'lecture', 180, 3, 'BSA_Agronomy'),
(414, 'GE Elec Agri 3', 'Multicultural Education', '2', 2, 'lecture', 180, 3, 'BSA_Agronomy'),
(415, 'PE 4', 'Physical Activity Towards Health Fitness IV (Dance, Sports, Group Exercise, Outdoor Adventure Activi', '2', 2, 'pe', 120, 2, 'General_Education'),
(427, 'GEC 6', 'Science, Technology and Society', '2', 1, 'lecture', 180, 3, 'BSED_All'),
(428, 'GEC 7', 'Ethics', '1', 1, 'lecture', 180, 3, 'BSED_All'),
(484, 'GE Elec Agritech 2', 'Foreign Language 1 (Mandarin/Nihonggo) ', '1', 3, 'lecture', 180, 3, 'BAT_Crops_Production'),
(485, 'Agritech 311', 'Farm Power, Tractors, and Engine', '1', 3, 'lecture', 120, 3, 'BAT_Crops_Production'),
(486, '*Agritech 311', '*Farm Power, Tractors, and Engine', '1', 3, 'lab', 180, 3, 'BAT_Crops_Production'),
(487, 'Agritech CPT 312', 'Crop Improvement and Seed Technology', '1', 3, 'lecture', 120, 3, 'BAT_Crops_Production'),
(488, '*Agritech CPT 312', '*Crop Improvement and Seed Technology', '1', 3, 'lab', 180, 3, 'BAT_Crops_Production'),
(489, 'Agritech 313', 'Agricultural Business Finance and Project Development', '1', 3, 'lecture', 120, 3, 'BAT_Crops_Production'),
(490, '*Agritech 313', '*Agricultural Business Finance and Project Development', '1', 3, 'lecture', 180, 3, 'BAT_Crops_Production'),
(491, 'Agritech 314', 'Feeds and Feeding', '1', 3, 'lecture', 120, 3, 'BAT_Crops_Production'),
(492, '*Agritech 314', '*Feeds and Feeding', '1', 3, 'lab', 180, 3, 'BAT_Crops_Production'),
(493, 'Agritech 315', 'Food Processing of Agricultural Products', '1', 3, 'lecture', 120, 3, 'BAT_Crops_Production'),
(494, '*Agritech 315', '*Food Processing of Agricultural Products', '1', 3, 'lab', 180, 3, 'BAT_Crops_Production'),
(495, 'Agritech CPT 311', 'Floriculture and Landscaping', '1', 3, 'lecture', 120, 3, 'BAT_Crops_Production'),
(496, '*Agritech CPT 311', '*Floriculture and Landscaping', '1', 3, 'lab', 180, 3, 'BAT_Crops_Production'),
(497, 'Agritech 321', 'Animal Breeding', '2', 3, 'lecture', 120, 3, 'BAT_Crops_Production'),
(498, '*Agritech 321', '*Animal Breeding', '2', 3, 'lab', 180, 3, 'BAT_Crops_Production'),
(499, 'Agritech 322', 'Farming Sytems', '2', 3, 'lecture', 120, 3, 'BAT_Crops_Production'),
(500, '*Agritech 322', '*Farming Sytems', '2', 3, 'lab', 180, 3, 'BAT_Crops_Production'),
(501, 'Agritech 323', 'Agricultural Economic and Marketing', '2', 3, 'lecture', 180, 3, 'BAT_Crops_Production'),
(502, 'Agritech 324', 'Soil Fertility and Conservation Management', '2', 3, 'lecture', 120, 3, 'BAT_Crops_Production'),
(503, '*Agritech 324', '*Soil Fertility and Conservation Management', '2', 3, 'lab', 180, 3, 'BAT_Crops_Production'),
(504, 'Agritech 325', 'Farm Electrification', '2', 3, 'lecture', 120, 3, 'BAT_Crops_Production'),
(505, '*Agritech 325', '*Farm Electrification', '2', 3, 'lab', 180, 3, 'BAT_Crops_Production'),
(506, 'Agritech 326', 'Agricultural Extension and Communication', '2', 3, 'lecture', 180, 3, 'BAT_Crops_Production'),
(507, 'Agritech 327', 'Animal Healthcare and Management', '2', 3, 'lecture', 120, 3, 'BAT_Crops_Production'),
(508, '*Agritech 327', '*Animal Healthcare and Management', '2', 3, 'lab', 180, 3, 'BAT_Crops_Production'),
(509, 'Agritech CPT 321', 'Cereals and Grains Production', '2', 3, 'lecture', 120, 3, 'BAT_Crops_Production'),
(510, '*Agritech CPT 321', '*Cereals and Grains Production', '2', 3, 'lab', 180, 3, 'BAT_Crops_Production'),
(511, 'Agritech CPT 331', 'Organic Crop Production', 'midyear', 3, 'lecture', 120, 3, 'BAT_Crops_Production'),
(512, '*Agritech CPT 331', '*Organic Crop Production', 'midyear', 3, 'lab', 180, 3, 'BAT_Crops_Production'),
(513, 'Agritech CPT 332', 'Orchard and Plantation Crop Production', 'midyear', 3, 'lecture', 120, 3, 'BAT_Crops_Production'),
(514, '*Agritech CPT 332', '*Orchard and Plantation Crop Production', 'midyear', 3, 'lab', 180, 3, 'BAT_Crops_Production'),
(515, 'Agritech 411', 'Fundamentals of Crop Protection', '1', 4, 'lecture', 120, 3, 'BAT_Crops_Production'),
(516, '*Agritech 411', '*Fundamentals of Crop Protection', '1', 4, 'lab', 180, 3, 'BAT_Crops_Production'),
(517, 'Agritech 412', 'Farm Structures', '1', 4, 'lecture', 120, 3, 'BAT_Crops_Production'),
(518, '*Agritech 412', '*Farm Structures', '1', 4, 'lab', 180, 3, 'BAT_Crops_Production'),
(519, 'Agritech 413', 'Plant Propagation and Nursery Management', '1', 4, 'lecture', 120, 3, 'BAT_Crops_Production'),
(520, '*Agritech 413', '*Plant Propagation and Nursery Management', '1', 4, 'lab', 180, 3, 'BAT_Crops_Production'),
(521, 'Agritech 414', 'Community Organizing and Rural Development', '1', 4, 'lecture', 180, 3, 'BAT_Crops_Production'),
(522, 'Agritech CPT 412', 'Industrial Crops Protection', '1', 4, 'lecture', 120, 3, 'BAT_Crops_Production'),
(523, '*Agritech CPT 412', '*Industrial Crops Protection', '1', 4, 'lab', 180, 3, 'BAT_Crops_Production'),
(524, 'Agritech Inst 3', 'Climate Change and Disaster Risk Management', '2', 4, 'lecture', 120, 2, 'BAT_Crops_Production'),
(525, 'Agritech Inst 4', 'Data Science Analytics', '2', 4, 'lecture', 60, 2, 'BAT_Crops_Production'),
(526, '*Agritech Inst 4', '*Data Science Analytics', '2', 4, 'lab', 180, 2, 'BAT_Crops_Production'),
(527, 'GE Elec Agritech 3', 'Living in the IT Era', '2', 4, 'lecture', 180, 3, 'BAT_Crops_Production'),
(528, 'Agritech 422', 'Applied Crop Protection Technologies', '2', 4, 'lecture', 120, 3, 'BAT_Crops_Production'),
(529, '*Agritech 422', '*Applied Crop Protection Technologies', '2', 4, 'lab', 180, 3, 'BAT_Crops_Production'),
(530, 'Agritech CPT 422', 'Processing of Durable and Perishable Crops', '2', 4, 'lecture', 120, 3, 'BAT_Crops_Production'),
(531, '*Agritech CPT 422', '*Processing of Durable and Perishable Crops', '2', 4, 'lab', 180, 3, 'BAT_Crops_Production'),
(532, 'Agritech CPT 421', 'Root Crops Production', '2', 4, 'lecture', 120, 3, 'BAT_Crops_Production'),
(533, '*Agritech CPT 421', '*Root Crops Production', '2', 4, 'lab', 180, 3, 'BAT_Crops_Production'),
(593, 'TVTEd Inst 1', 'Climate Change and Disaster Risk Management', '1', 1, 'lecture', 120, 2, 'BTVTED_All'),
(594, 'TVTEd GE Elec 1', 'Math, Science and Technology (Environmental)', '1', 1, 'lecture', 180, 3, 'BTVTED_All'),
(595, 'TVTEd GE Elec 2', 'Arts and Humanities (Philippine Popular Culture)', '1', 1, 'lecture', 180, 3, 'BTVTED_All'),
(596, 'TVTEd GE ELECT 3 ', 'Social Sciences and Philosophy (Religions, Religious, Experiences and Spirituality)', '2', 1, 'lecture', 180, 3, 'BTVTED_All'),
(597, 'TVTEd PROF 121', 'The Child and Adolescent Learner and Learning Principles', '2', 1, 'lecture', 180, 3, 'BTVTED_All'),
(598, 'TVTED PROF 212', 'Assessment in Learning 1', '1', 2, 'lecture', 180, 3, 'BTVTED_All'),
(599, 'TVTEd PROF 213', 'The Teaching Profession', '1', 2, 'lecture', 180, 3, 'BTVTED_All'),
(600, 'TVTEd PROF 214', 'Facilitating Learner-Centered Teaching: the Learner - Centered Approaches with Emphasis on Trainers ', '1', 2, 'lecture', 180, 3, 'BTVTED_All'),
(601, 'TVTEd PROF 215', 'The Andragogy of Learning Including Principles of Trainers Methodology l', '1', 2, 'lecture', 180, 3, 'BTVTED_All'),
(608, 'TVTEd Inst 2', 'Creative and Critical Thinking', '1', 2, 'lecture', 60, 2, 'BTVTED_All'),
(609, '*TVTEd Inst 2', '*Creative and Critical Thinking', '1', 2, 'lab', 180, 2, 'BTVTED_All'),
(610, 'TVTEd PROF 226', 'Technology for Teaching and Learing 2', '2', 2, 'lecture', 180, 3, 'BSED_All'),
(611, 'TVTEd PROF 227', 'Assessment in Learning 2 with focus on Trainers Methodology l and ll', '2', 2, 'lecture', 180, 3, 'BTVTED_All'),
(612, 'TVTEd PROF 228', 'The Teacher and the Community, School Culture and Organizational Leadership with focus on the Philip', '2', 2, 'lecture', 180, 3, 'BTVTED_All'),
(613, 'TVTEd PROF 229', 'Foundation of Special and Inclusive Education', '2', 2, 'lecture', 180, 3, 'BTVTED_All'),
(618, 'TVTEd TLE - IC 221', 'Introduction to Industrial Arts (IA) ', '2', 2, 'lecture', 180, 3, 'BTVTED_All'),
(619, 'TVTEd TLE - IC 222', 'Entrepreneurship', '2', 2, 'lecture', 180, 3, 'BTVTED_All'),
(624, 'TVTEd PROF 310', 'Curriculum Development and Evaluation with Emphasis on Trainers Methodology ll', '1', 3, 'lecture', 180, 3, 'BTVTED_All'),
(625, 'TVTEd PROF 311', 'Building and Enhancing New Literacies Across the Curriculum with Emphasis on the 21st Century Skills', '1', 3, 'lecture', 180, 3, 'BTVTED_All'),
(626, 'TVTEd PROF 312', 'Work-based Learning with Emphasis on Trainers Methodology', '1', 3, 'lecture', 180, 3, 'BTVTED_All'),
(631, 'TVTEd TLE IC 313', 'Teaching Information and Communication Technology (ICT) as an Exploratory Course', '1', 3, 'lecture', 180, 3, 'BTVTED_All'),
(632, 'TVTEd TLE IC 314', 'Introduction to Agri - Fishery Arts (AFA)', '1', 3, 'lecture', 180, 3, 'BTVTED_All'),
(633, 'TVTEd TLE IC 315', 'Home Economics (HE) Literacy', '1', 3, 'lecture', 180, 3, 'BTVTED_All'),
(634, 'TVTED INST 3', 'Data Sciences Analytics', '1', 3, 'lecture', 60, 2, 'BTVTED_All'),
(635, '*TVTED INST 3', '*Data Science Analytics', '1', 3, 'lab', 180, 2, 'BTVTED_All'),
(640, 'TVTEd TLE IC 326', 'Teaching Common Competencies in Industrial Arts (IA) ', '2', 3, 'lecture', 180, 3, 'BTVTED_All'),
(641, 'TVTEd TLE IC 327', 'Teaching Common Competencies in Information and Communication Technology (ICT) ', '2', 3, 'lecture', 180, 3, 'BTVTED_All'),
(642, 'TVTEd TLE - IC - 328', 'Teaching Common Competencies in Agri-Fishery Arts (AFA) ', '2', 3, 'lecture', 180, 3, 'BTVTED_All'),
(643, 'TVTEd TLE IC 329', 'Teaching Common Competencies in Home Economics (HE) ', '2', 3, 'lecture', 180, 3, 'BTVTED_All'),
(644, 'TVTEd TLE 3210', 'Technology for Teaching and Learning 2', '2', 3, 'lecture', 180, 3, 'BTVTED_All'),
(645, 'TVTEd PROF 3213', 'Technology Research 1 (Methods of Research)', '2', 3, 'lecture', 180, 3, 'BTVTED_All'),
(648, 'TVTEd PROF 4115', 'Field Study 1', '1', 4, 'lecture', 180, 3, 'BTVTED_All'),
(649, 'TVTEd PROF 4116', 'Field Study 2', '1', 4, 'lecture', 180, 3, 'BTVTED_All'),
(650, 'TVTEd ET 211', 'Occupational Health and Safety Protocols', '1', 2, 'lecture', 120, 3, 'BTVTED_Electrical'),
(651, '*TVTEd ET 211', '*Occupational Health and Safety Protocols', '1', 2, 'lab', 180, 3, 'BTVTED_Electrical'),
(652, 'TVTEd ET 212', 'Fundamentals of Electricity', '1', 2, 'lecture', 120, 3, 'BTVTED_Electrical'),
(653, 'TVTEd ET 213', 'Electrical and Electronics Devices', '1', 2, 'lecture', 120, 3, 'BTVTED_Electrical'),
(654, '*TVTED ET 213', '*Electrical and Electronics Devices', '1', 2, 'lab', 180, 3, 'BTVTED_Electrical'),
(655, 'TVTEd ET 224', 'Electrical Wiring and Design', '2', 2, 'lecture', 120, 3, 'BTVTED_Electrical'),
(656, '*TVTEd ET 224', '*Electrical Wiring and Design', '2', 2, 'lab', 180, 3, 'BTVTED_Electrical'),
(657, 'TVTEd ET 225', 'Signal Communication System', '2', 2, 'lecture', 120, 3, 'BTVTED_Electrical'),
(658, '*TVTEd ET 225', '*Signal Communication System', '2', 2, 'lab', 180, 3, 'BTVTED_Electrical'),
(659, 'TVTEd ET 226', 'Pneumatic and Hydraulic Application', 'midyear', 2, 'lecture', 120, 3, 'BTVTED_Electrical'),
(660, '*TVTEd ET 226', '*Pneumatic and Hydraulic Application', 'midyear', 2, 'lab', 180, 3, 'BTVTED_Electrical'),
(661, 'TVTEd ET 227', 'Industrial Electronics Circuit and Devices', 'midyear', 2, 'lecture', 120, 3, 'BTVTED_Electrical'),
(662, '*TVTEd ET 227', '*Industrial Electronics Circuit and Devices', 'midyear', 2, 'lab', 180, 3, 'BTVTED_Electrical'),
(663, 'TVTEd ET 318', 'Logic Circuit Controllers', '1', 3, 'lecture', 120, 3, 'BTVTED_Electrical'),
(664, '*TVTEd ET 318', '*Logic Circuit Controllers', '1', 3, 'lab', 180, 3, 'BTVTED_Electrical'),
(665, 'TVTEd ET 319', 'PLC System and Programming', '1', 3, 'lecture', 120, 3, 'BTVTED_Electrical'),
(666, '*TVTEd ET 319', '*PLC System and Programming', '1', 3, 'lab', 180, 3, 'BTVTED_Electrical'),
(667, 'TVTEd ET 3210', 'AC and DC Machine', '2', 3, 'lecture', 120, 3, 'BTVTED_Electrical'),
(668, '*TVTEd ET 3210', '*AC and DC Machine', '2', 3, 'lab', 180, 3, 'BTVTED_Electrical'),
(669, 'TVTEd ET 3211', 'Industrial Process/ Motor Controller', '2', 3, 'lecture', 120, 3, 'BTVTED_Electrical'),
(670, '*TVTEd ET 3211', '*Industrial Process/ Motor Controller', '2', 3, 'lab', 180, 3, 'BTVTED_Electrical'),
(671, 'TVTEd ET 3212', 'Automation Control System', 'midyear', 3, 'lecture', 120, 3, 'BTVTED_Electrical'),
(672, '*TVTEd ET 3212', 'Automation*Control System', 'midyear', 3, 'lab', 180, 3, 'BTVTED_Electrical'),
(673, 'TVTEd GFD 211', 'Occupational Health and Safety Practices ', '1', 2, 'lecture', 120, 3, 'BTVTED_Garments'),
(674, '*TVTEd GFD 211', '*Occupational Health and Safety Practices ', '1', 2, 'lab', 180, 3, 'BTVTED_Garments'),
(675, 'TVTEd GFD 212', 'Personality Development', '1', 2, 'lecture', 120, 3, 'BTVTED_Garments'),
(676, '*TVTEd GFD 212', '*Personality Development', '1', 2, 'lab', 180, 3, 'BTVTED_Garments'),
(677, 'TVTEd GFD 213', 'Fabric and Garment Designing Techniques', '1', 2, 'lecture', 120, 3, 'BTVTED_Garments'),
(678, '*TVTEd GFD 213', '*Fabric and Garment Designing Techniques', '1', 2, 'lab', 180, 3, 'BTVTED_Garments'),
(679, 'TVTEd GFD 224', 'Basic Sewing Processes', '2', 2, 'lecture', 120, 3, 'BTVTED_Garments'),
(680, '*TVTEd GFD 224', '*Basic Sewing Processes', '2', 2, 'lab', 180, 3, 'BTVTED_Garments'),
(681, 'TVTEd GFD 225', 'Industrial Sewing Machine Operation, Repair and Maintenance', '2', 2, 'lecture', 120, 3, 'BTVTED_Garments'),
(682, 'TVTEd GFD 226', 'Pattern Drafting and Designing', 'midyear', 2, 'lecture', 120, 3, 'BTVTED_Garments'),
(683, '*TVTEd GFD 226', '*Pattern Drafting and Designing', 'midyear', 2, 'lab', 180, 3, 'BTVTED_Garments'),
(684, 'TVTEd GFD 227', 'Garments Design and Construction', 'midyear', 2, 'lecture', 120, 3, 'BTVTED_Garments'),
(685, '*TVTEd GFD 227', '*Garments Design and Construction', 'midyear', 2, 'lab', 180, 3, 'BTVTED_Garments'),
(686, 'TVTEd GFD 318', 'Pattern, Grading and Marker Making', '1', 3, 'lecture', 120, 3, 'BTVTED_Garments'),
(687, '*TVTEd GFD 318', '*Pattern, Grading and Marker Making', '1', 3, 'lab', 180, 3, 'BTVTED_Garments'),
(688, 'TVTEd GFD 3210', 'Advance Garments, Designing, and Construction', '2', 3, 'lecture', 120, 3, 'BTVTED_Garments'),
(689, '*TVTEd GFD 3210', '*Advance Garments, Designing, and Construction', '2', 3, 'lab', 180, 3, 'BTVTED_Garments'),
(690, 'TVTEd GFD 3211', 'Mass Production Techniques and Practices', '2', 3, 'lecture', 120, 3, 'BTVTED_Garments'),
(691, '*TVTEd GFD 3211', '*Mass Production Techniques and Practices', '2', 3, 'lab', 180, 3, 'BTVTED_Garments'),
(692, 'TVTEd GFD 3212', 'Fashion and Design Apparel', 'midyear', 3, 'lecture', 120, 3, 'BTVTED_Garments'),
(693, '*TVTEd GFD 3212', '*Fashion and Design Apparel', 'midyear', 3, 'lab', 180, 3, 'BTVTED_Garments'),
(694, 'GE ELECT SEd 1', 'Local Language Studies', '1', 1, 'lecture', 180, 3, 'BSED_All'),
(695, 'SEd Inst 1 ', 'Climate Change and Disaster Risk Management', '1', 1, 'lecture', 120, 2, 'BSED_All'),
(696, 'GE Elect SEd 2', 'Rhetorics/Retorika', '2', 1, 'lecture', 180, 3, 'BSED_All'),
(697, 'GE Elect SEd 3', 'Living in the IT Era', '2', 1, 'lecture', 180, 3, 'BSED_All'),
(698, 'SEd PROF 211 ', 'The Child and Adolescent Learner and Learning Principles', '1', 2, 'lecture', 180, 3, 'BSED_All'),
(700, 'SEd PROF 213', 'The Teaching Profession', '1', 2, 'lecture', 180, 3, 'BSED_All'),
(701, 'SEd PROF 214', 'Facilitating Learner-Centered Teaching', '1', 2, 'lecture', 180, 3, 'BSED_All'),
(702, 'SEd MATH 211', 'History of Mathematics', '1', 2, 'lecture', 180, 3, 'BSED_Mathematics'),
(703, 'SEd MATH 212', 'College and Advanced Algebra', '1', 2, 'lecture', 180, 3, 'BSED_Mathematics'),
(704, 'SEd MATH 213', 'Plane and Solid Geometry', '1', 2, 'lecture', 180, 3, 'BSED_Mathematics'),
(705, 'SEd Inst 2', 'Creative and Critical Thinking', '1', 2, 'lecture', 60, 2, 'BSED_All'),
(706, '*SEd Inst 2', '*Creative and Critical Thinking', '1', 2, 'lab', 180, 2, 'BSED_All'),
(707, 'SEd PROF 221', 'Technology for Teaching and Learing 2', '2', 2, 'lecture', 180, 3, 'BSED_All'),
(708, 'SEd PROF 222', 'Assessment in Learning 2', '2', 2, 'lecture', 180, 3, 'BSED_All'),
(709, 'SEd PROF 223', 'The Teacher and the Community, School Culture and Organizational Leadership with focus on the Philip', '2', 2, 'lecture', 180, 3, 'BSED_All'),
(710, 'SEd PROF 224', 'Foundation of Special and Inclusive Education', '2', 2, 'lecture', 180, 3, 'BSED_All'),
(711, 'SEd Math 222', 'Trigonometry', '2', 2, 'lecture', 180, 3, 'BSED_Mathematics'),
(712, 'SEd Math 223', 'Logic and Set Theory', '2', 2, 'lecture', 180, 3, 'BSED_Mathematics'),
(713, 'SEd Inst 3', 'Entrepreneurial Management', '2', 2, 'lecture', 60, 2, 'BSED_All'),
(714, '*SEd Inst 3', '*Entrepreneurial Management', '2', 2, 'lab', 180, 2, 'BSED_All'),
(715, 'SEd PROF 311', 'The Teacher and the School Curriculum', '1', 3, 'lecture', 180, 3, 'BSED_All'),
(716, 'SEd PROF 312', 'Building and Enhancing New Literacies Across the Curriculum', '1', 3, 'lecture', 180, 3, 'BSED_All'),
(717, 'SEd Math 311', 'Elementary Statistics and Probability', '1', 3, 'lecture', 180, 3, 'BSED_Mathematics'),
(718, 'SEd Math 313', 'Linear Algebra', '1', 3, 'lecture', 180, 3, 'BSED_Mathematics'),
(719, 'SEd Math 314', 'Principles and Strategies in Teaching Mathematics', '1', 3, 'lecture', 180, 3, 'BSED_Mathematics'),
(720, 'SEd Math 315', 'Number Theory', '1', 3, 'lecture', 180, 3, 'BSED_Mathematics'),
(721, 'SEd Inst 4', 'Data Sciences Analytics', '1', 3, 'lecture', 60, 2, 'BSED_All'),
(722, '*SEd Inst 4', '*Data Sciences Analytics', '1', 3, 'lab', 180, 2, 'BSED_All'),
(723, 'SEd MATH 321 ', 'Advanced Statistics', '2', 3, 'lecture', 180, 3, 'BSED_Mathematics'),
(724, 'SEd MATH 322 ', 'Problem Solving, Mathematical Investigation and Modeling', '2', 3, 'lecture', 180, 3, 'BSED_Mathematics'),
(726, 'SEd MATH 324 ', 'Mathematics of Investment', '2', 3, 'lecture', 180, 3, 'BSED_Mathematics'),
(727, 'SEd MATH 325', 'Technology for Teaching and Learning 2', '2', 3, 'lecture', 180, 3, 'BSED_Mathematics'),
(728, 'SEd MATH 326 ', 'Calculus lll', '2', 3, 'lecture', 180, 3, 'BSED_Mathematics'),
(729, 'SEd MATH 327 ', 'Research in Education 1', '2', 3, 'lecture', 180, 3, 'BSED_Mathematics'),
(730, 'SEd MATH 331 ', 'Abstract Algebra', 'midyear', 3, 'lecture', 180, 3, 'BSED_Mathematics'),
(731, 'SEd MATH 332 ', 'Modern Geometry ', 'midyear', 3, 'lecture', 180, 3, 'BSED_Mathematics'),
(732, 'SEd MATH 411 ', 'Research in Education 2', '1', 4, 'lecture', 180, 3, 'BSED_All'),
(733, 'SEd SS 211 ', 'Foundation of Social Studies', '1', 2, 'lecture', 180, 3, 'BSED_Social_Studies'),
(734, 'SEd SS 212', 'Geography 1 (Physical Geography) ', '1', 2, 'lecture', 180, 3, 'BSED_Social_Studies'),
(735, 'SEd SS 213 ', 'Asian Studies', '1', 2, 'lecture', 180, 3, 'BSED_Social_Studies'),
(736, 'SEd SS 221 ', 'World History 1 (Ancient and Medieval)', '2', 2, 'lecture', 180, 3, 'BSED_Social_Studies'),
(737, 'SEd SS 222 ', 'Geography 2 (Human Geography)', '2', 2, 'lecture', 180, 3, 'BSED_Social_Studies'),
(738, 'SEd SS ELECT 1 ', 'Property and Resources Management for Educations', '2', 2, 'lecture', 180, 3, 'BSED_Social_Studies'),
(739, 'SEd SS 311 ', 'Places and Landscape in a Changing Wolrd', '1', 3, 'lecture', 180, 3, 'BSED_Social_Studies'),
(740, 'SEd SS 312 ', 'Macroeconomics', '1', 3, 'lecture', 180, 3, 'BSED_Social_Studies'),
(741, 'SEd SS 313 ', 'World History 2 (Modern and Contemporary) ', '1', 3, 'lecture', 180, 3, 'BSED_Social_Studies'),
(742, 'SEd SS 314 ', 'Geograpy 3 (Urban Geography) ', '1', 3, 'lecture', 180, 3, 'BSED_Social_Studies'),
(743, 'SEd SS 315 ', 'Teaching Approaches in Secondary Social Studies', '1', 3, 'lecture', 180, 3, 'BSED_Social_Studies'),
(744, 'SEd SS 316  ', 'Technology for Teaching and Learning 2', '1', 3, 'lecture', 180, 3, 'BSED_Social_Studies'),
(745, 'SEd SS 321 ', 'Comparative Government and Politics', '2', 3, 'lecture', 180, 3, 'BSED_Social_Studies'),
(746, 'SEd SS 322 ', 'Microeconomics', '2', 3, 'lecture', 180, 3, 'BSED_Social_Studies'),
(747, 'SEd SS 323 ', 'Integrative Methods in Teaching Social Science Discipline in Basic Education', '2', 3, 'lecture', 180, 3, 'BSED_Social_Studies'),
(748, 'SEd SS 324 ', 'Trends and Issues in Social Studies', '2', 3, 'lecture', 180, 3, 'BSED_Social_Studies'),
(749, 'SEd SS 325 ', 'Production of Social Studies Instructional Materials', '2', 3, 'lecture', 180, 3, 'BSED_Social_Studies'),
(750, 'SEd SS 326 ', 'Assessment and Evaluation in the Social Sciences', '2', 3, 'lecture', 180, 3, 'BSED_Social_Studies'),
(751, 'SEd SS 327 ', 'Research in Education 1', '2', 3, 'lecture', 180, 3, 'BSED_Social_Studies'),
(752, 'SEd SS 328 ', 'Law-Related Studies', '2', 3, 'lecture', 180, 3, 'BSED_Social_Studies'),
(753, 'SEd SS 331 ', 'Comparative Economic Planning', 'midyear', 3, 'lecture', 180, 3, 'BSED_Social_Studies'),
(754, 'SEd SS 332 ', 'Socio-cultural Anthropology', 'midyear', 3, 'lecture', 180, 3, 'BSED_Social_Studies'),
(755, 'SEd SS ELECT 2 ', 'Social Networking and Social Integration', 'midyear', 3, 'lecture', 180, 3, 'BSED_Social_Studies'),
(756, 'SEd SS 411 ', 'Research in Education 2', '1', 4, 'lecture', 180, 3, 'BSED_All'),
(757, 'IT INST 1', 'Climate Change and Disaster Risk Management', '1', 1, 'lecture', 120, 2, 'BSIT'),
(758, 'IT GE ELEC 1 ', 'Health and Wellness Science', '1', 1, 'lecture', 180, 3, 'BSIT'),
(759, 'IT GE ELEC 2 ', 'Foreign Language', '1', 1, 'lecture', 180, 3, 'BSIT'),
(760, 'IT 111 ', 'Introducing to Computing', '1', 1, 'lecture', 120, 3, 'BSIT'),
(761, '*IT 111 ', '*Introducing to Computing', '1', 1, 'lab', 180, 3, 'BSIT'),
(762, 'IT 112', 'Computer Programming 1', '1', 1, 'lecture', 120, 3, 'BSIT'),
(763, '*IT 112', '*Computer Programming 1', '1', 1, 'lab', 180, 3, 'BSIT'),
(765, 'IT 121 ', 'Computer Programming', '2', 1, 'lecture', 120, 3, 'BSIT'),
(766, '*IT 121 ', '*Computer Programming', '2', 1, 'lab', 180, 3, 'BSIT'),
(767, 'IT 122 ', 'Human-Computer Interaction 1', '2', 1, 'lecture', 120, 3, 'BSIT'),
(768, '*IT 122 ', '*Human-Computer Interaction 1', '2', 1, 'lab', 180, 3, 'BSIT'),
(769, 'IT 123 ', 'Discrete Mathematics', '2', 1, 'lecture', 180, 3, 'BSIT'),
(771, 'IT INST 2 ', 'Creative and Critical Thinking', '1', 2, 'lecture', 60, 2, 'BSIT'),
(772, '*IT INST 2 ', '*Creative and Critical Thinking', '1', 2, 'lab', 180, 2, 'BSIT'),
(773, 'IT GE ELEC 3 ', 'Foreign Language 2', '1', 2, 'lecture', 180, 3, 'BSIT'),
(774, 'IT 211 ', 'Data Structures and Algorithms', '1', 2, 'lecture', 120, 3, 'BSIT'),
(775, '*IT 211 ', '*Data Structures and Algorithms', '1', 2, 'lab', 180, 3, 'BSIT'),
(776, 'IT ELEC 1 ', 'Platform Techniques', '1', 2, 'lecture', 120, 3, 'BSIT'),
(777, '*IT ELEC 1 ', '*Platform Techniques', '1', 2, 'lab', 180, 3, 'BSIT'),
(778, 'IT  ELEC 2 ', 'Object-Oriented Programming', '1', 2, 'lecture', 120, 3, 'BSIT'),
(779, '*IT  ELEC 2 ', '*Object-Oriented Programming', '1', 2, 'lab', 180, 3, 'BSIT'),
(780, 'IT BPO 1 ', 'Bussiness Communication', '1', 2, 'lecture', 180, 3, 'BSIT'),
(781, 'IT GE ELEC 4', 'The Entrepreneurial Mind', '2', 2, 'lecture', 180, 3, 'BSIT'),
(782, 'IT 221 ', 'Information Management', '2', 2, 'lecture', 120, 3, 'BSIT'),
(783, '*IT 221 ', '*Information Management', '2', 2, 'lab', 180, 3, 'BSIT'),
(784, 'IT 222 ', 'Networking 1', '2', 2, 'lecture', 120, 3, 'BSIT'),
(785, '*IT 222 ', '*Networking 1', '2', 2, 'lab', 180, 3, 'BSIT'),
(786, 'IT 223 ', 'Quantitative Methods (Including Modelling and Simulation', '2', 2, 'lecture', 180, 3, 'BSIT'),
(787, 'IT 224 ', 'Integrative Programming and Technologies', '2', 2, 'lecture', 120, 3, 'BSIT'),
(788, '*IT 224 ', '*Integrative Programming and Technologies', '2', 2, 'lab', 180, 3, 'BSIT'),
(789, 'IT 225 ', 'Accounting for Information Technology', '2', 2, 'lecture', 180, 3, 'BSIT'),
(790, 'IT APPDEV 1 ', 'Fundamentals of Mobile Technology', '2', 2, 'lecture', 120, 3, 'BSIT'),
(791, '*IT APPDEV 1 ', '*Fundamentals of Mobile Technology', '2', 2, 'lab', 180, 3, 'BSIT'),
(792, 'IT 226 ', 'Applications Development and Emerging Technologies', 'midyear', 2, 'lecture', 120, 3, 'BSIT'),
(793, '*IT 226 ', '*Applications Development and Emerging Technologies', 'midyear', 2, 'lab', 180, 3, 'BSIT'),
(794, 'IT ELEC 3 ', 'Web Systems and Technologies', 'midyear', 2, 'lecture', 120, 3, 'BSIT'),
(795, '*IT ELEC 3 ', '*Web Systems and Technologies', 'midyear', 2, 'lab', 180, 3, 'BSIT'),
(796, 'IT INST 3 ', 'Data Science Analytics', '1', 3, 'lecture', 60, 2, 'BSIT'),
(797, '*IT INST 3 ', '*Data Science Analytics', '1', 3, 'lab', 180, 2, 'BSIT'),
(798, 'IT 311', 'Advanced Database Systems', '1', 3, 'lecture', 120, 3, 'BSIT'),
(799, '*IT 311', '*Advanced Database Systems', '1', 3, 'lab', 180, 3, 'BSIT'),
(800, 'IT 312 ', 'Networking ', '1', 3, 'lecture', 120, 3, 'BSIT'),
(801, '*IT 312 ', '*Networking ', '1', 3, 'lab', 180, 3, 'BSIT'),
(802, 'IT 313 ', 'System Integration and Architecture', '1', 3, 'lecture', 120, 3, 'BSIT'),
(803, '*IT 313 ', '*System Integration and Architecture', '1', 3, 'lab', 180, 3, 'BSIT'),
(804, 'IT 314 ', 'Information Assurance and Security 1', '1', 3, 'lecture', 120, 3, 'BSIT'),
(805, '*IT 314 ', '*Information Assurance and Security 1', '1', 3, 'lab', 180, 3, 'BSIT'),
(806, 'IT APPDEV 2 ', 'Web Application3', '1', 3, 'lecture', 120, 3, 'BSIT'),
(807, '*IT APPDEV 2 ', '*Web Application', '1', 3, 'lab', 180, 3, 'BSIT'),
(808, 'IT APPDEV 3 ', 'Mobile Application', '1', 3, 'lecture', 120, 3, 'BSIT'),
(809, '*IT APPDEV 3 ', '*Mobile Application', '1', 3, 'lab', 180, 3, 'BSIT'),
(810, 'IT GE ELEC 5 ', 'Multicultural Education', '2', 3, 'lecture', 180, 3, 'BSIT'),
(811, 'IT 321 ', 'Information Assurance and Security', '2', 3, 'lecture', 120, 3, 'BSIT'),
(812, '*IT 321 ', '*Information Assurance and Security', '2', 3, 'lab', 180, 3, 'BSIT'),
(813, 'IT 322 ', 'Social and Professional Issues', '2', 3, 'lecture', 180, 3, 'BSIT'),
(814, 'IT 323 ', 'Capstone Project and Research 1', '2', 3, 'lecture', 120, 3, 'BSIT'),
(815, '*IT 323 ', '*Capstone Project and Research 1', '2', 3, 'lab', 180, 3, 'BSIT'),
(816, 'IT APPDEV 4 ', 'Game Development', '2', 3, 'lecture', 120, 3, 'BSIT'),
(817, '*IT APPDEV 4 ', '*Game Development', '2', 3, 'lab', 180, 3, 'BSIT'),
(818, 'IT APPDEV 5 ', 'Cloud Computing', '2', 3, 'lecture', 120, 3, 'BSIT'),
(819, '*IT APPDEV 5 ', '*Cloud Computing', '2', 3, 'lab', 180, 3, 'BSIT'),
(820, 'IT GE ELEC 6 ', 'Leadership and Management in the Profession', '1', 4, 'lecture', 180, 3, 'BSIT'),
(821, 'IT 411 ', 'System Administration and Maintenance', '1', 4, 'lecture', 120, 3, 'BSIT'),
(822, '*IT 411 ', '*System Administration and Maintenance', '1', 4, 'lab', 180, 3, 'BSIT'),
(823, 'IT ELEC 4', 'Human-Computer Interaction 2', '1', 4, 'lecture', 120, 3, 'BSIT'),
(824, '*IT ELEC 4', '*Human-Computer Interaction 2', '1', 4, 'lab', 180, 3, 'BSIT'),
(825, 'IT 412 ', 'Capstone Project and Research 2', '1', 4, 'lecture', 120, 3, 'BSIT'),
(826, '*IT 412 ', '*Capstone Project and Research 2', '1', 4, 'lab', 180, 3, 'BSIT'),
(827, 'Agritech 123', 'Principles of Soil Science', '2', 1, 'lecture', 120, 3, 'BAT_Crops_Production'),
(828, '*Agritech 123', '*Principles of Soil Science', '2', 1, 'lab', 180, 3, 'BAT_Crops_Production'),
(829, 'Agritech CPT 411', 'Plant Propagation and Nursery Management', '1', 4, 'lecture', 120, 3, 'BAT_Crops_Production'),
(830, '*Agritech CPT 411', '*Plant Propagation and Nursery Management', '1', 4, 'lab', 180, 3, 'BAT_Crops_Production'),
(831, 'SEd Math 221', 'Calculus with Analytic Geometry', '2', 2, 'lecture', 180, 4, 'BSED_Mathematics'),
(832, 'SEd Math 312', 'Calculus II', '1', 3, 'lecture', 180, 4, 'BSED_Mathematics'),
(833, 'SEd PROF 411', 'Field Study 1 and 2', '1', 4, 'lecture', 180, 6, 'BSED_All'),
(834, 'TVTEd GFD 319', 'Mens Garments Construction', '1', 3, 'lecture', 180, 3, 'BTVTED_Garments'),
(835, '*TVTEd GFD 319', '*Mens Garments Construction', '1', 3, 'lab', 180, 3, 'BTVTED_Garments'),
(839, '*Agri RM 311', '*Data Science and Analytics', '1', 3, 'lab', 180, 3, 'BSA_Agronomy'),
(841, 'SEd PROF 212', 'Assessment in Learning 1', '1', 2, 'lecture', 180, 3, 'BSED_All'),
(842, 'SEd MATH 323', 'Assessment and Evaluation in Mathematics', '2', 3, 'lecture', 180, 3, 'BSED_Mathematics'),
(843, '*GEC 4', '*Purposive Communication', '1', 1, 'lecture', 180, 3, 'BTVTED_All'),
(844, '*GEC 5', 'Art Appreciation', '1', 1, 'lecture', 180, 3, 'BTVTED_All'),
(845, '*GEC 9', 'The Life and Works of Rizal', '2', 1, 'lecture', 180, 3, 'BTVTED_All'),
(846, '*GEC9', '*The Life and Works of Rizal', '2', 2, 'lecture', 180, 3, 'BSIT'),
(847, '*GEC 1', 'Understanding the Self', '2', 1, 'lecture', 180, 3, 'BTVTED_All'),
(848, '*GEC1', 'Understanding the Self', '2', 1, 'lecture', 180, 3, 'BSIT'),
(849, '*GEC 2', 'Readings in the Philippine History', '2', 1, 'lecture', 180, 3, 'BTVTED_All'),
(850, '*GEC2', 'Readings in the Philippine History', '2', 1, 'lecture', 180, 3, 'BSIT'),
(851, '*GEC 3', 'Mathematics in the Modern World', '2', 1, 'lecture', 180, 3, 'BTVTED_All'),
(852, '*GEC3', 'Mathematics in the Modern World', '2', 1, 'lecture', 180, 3, 'BSIT'),
(853, '*GEC 8', 'The Contemporary World', '1', 1, 'lecture', 180, 3, 'BTVTED_All'),
(854, '*GEC8', 'The Contemporary World', '1', 2, 'lecture', 180, 3, 'BSIT'),
(855, '*GEC 6', 'Science, Technology, and Society', '1', 1, 'lecture', 180, 3, 'BTVTED_All'),
(856, '*GEC6', 'Science, Technology, and Society', '1', 2, 'lecture', 180, 3, 'BSIT'),
(857, '*GEC 7 ', 'Ethics', '2', 1, 'lecture', 180, 3, 'BTVTED_All'),
(858, '*GEC7', 'Ethics', '2', 1, 'lecture', 180, 3, 'BSIT'),
(861, '`GEC1', 'Understanding the Self', '1', 1, 'lecture', 180, 3, 'BSA_Agronomy'),
(864, '`GEC 2', 'Readings in the Philippine History', '1', 1, 'lecture', 180, 3, 'BSA_Agronomy'),
(867, '`GEC 3', 'Mathematics in the Modern World', '1', 1, 'lecture', 180, 3, 'BSA_Agronomy'),
(868, '*GEC4', 'Purposive Communication', '1', 1, 'lecture', 180, 3, 'BSIT'),
(870, '^GEC 4', 'Purposive Communication', '2', 1, 'lecture', 180, 3, 'BAT_Crops_Production'),
(871, '`GEC 4', 'Purposive Communication', '2', 1, 'lecture', 180, 3, 'BSA_Agronomy'),
(872, '*GEC5', 'Art Appreciation', '1', 1, 'lecture', 180, 3, 'BSIT'),
(874, '^GEC 5', 'Art Appreciation', '2', 1, 'lecture', 180, 3, 'BAT_Crops_Production'),
(875, '`GEC 5', 'Art Appreciation', '2', 1, 'lecture', 180, 3, 'BSA_Agronomy'),
(876, '^GEC 6', 'Science, Technology, and Society', '2', 2, 'lecture', 180, 3, 'BAT_Crops_Production'),
(877, '^GEC 7', 'Ethics', '1', 2, 'lecture', 180, 3, 'BAT_Crops_Production'),
(880, '`GEC 8', 'The Contemporary World', '1', 2, 'lecture', 180, 3, 'BSA_Agronomy'),
(881, '^GEC 9', 'The Life and Works of Rizal', '1', 2, 'lecture', 180, 3, 'BAT_Crops_Production'),
(882, '`GEC 9', 'The Life and Works of Rizal', '2', 3, 'lecture', 180, 3, 'BSA_Agronomy'),
(883, '`GEC 7', 'Ethics', '1', 3, 'lecture', 180, 3, 'BSA_Agronomy'),
(884, '`GEC 6', 'Science, Technology and Society', '1', 3, 'lecture', 180, 3, 'BSA_Agronomy'),
(885, 'Agritech 415', 'Occupational Internship Program 2', '1', 4, 'lab', 160, 2, 'BAT_Crops_Production'),
(886, 'GEC 9', 'The Life and Works of Rizal', '1', 1, 'lecture', 180, 3, 'BSED_All'),
(887, 'TVTEd TLE 4111', 'Supervised Industrial Training ', '1', 4, 'lecture', 240, 3, 'BTVTED_All');

-- --------------------------------------------------------

--
-- Table structure for table `teacher_sections`
--

CREATE TABLE `teacher_sections` (
  `id` int(11) NOT NULL,
  `teacher_id` int(11) NOT NULL,
  `section_id` int(11) NOT NULL,
  `semester` enum('1','2','midyear') NOT NULL,
  `academic_year` varchar(12) NOT NULL
) ENGINE=InnoDB DEFAULT CHARSET=utf8mb4 COLLATE=utf8mb4_general_ci;

--
-- Dumping data for table `teacher_sections`
--

INSERT INTO `teacher_sections` (`id`, `teacher_id`, `section_id`, `semester`, `academic_year`) VALUES
(11, 65, 49, '1', ''),
(12, 65, 50, '1', ''),
(13, 65, 51, '1', ''),
(14, 92, 63, '1', ''),
(15, 92, 64, '1', ''),
(16, 92, 66, '1', ''),
(17, 92, 70, '1', ''),
(18, 92, 71, '1', ''),
(19, 92, 102, '1', ''),
(20, 68, 57, '1', ''),
(21, 68, 58, '1', ''),
(22, 68, 59, '1', ''),
(23, 68, 70, '1', ''),
(24, 68, 71, '1', ''),
(25, 68, 100, '1', ''),
(26, 68, 102, '1', ''),
(27, 58, 70, '1', ''),
(28, 58, 71, '1', ''),
(29, 58, 102, '1', ''),
(30, 59, 57, '1', ''),
(31, 59, 63, '1', ''),
(32, 59, 64, '1', ''),
(33, 59, 66, '1', ''),
(34, 59, 70, '1', ''),
(35, 59, 71, '1', ''),
(36, 61, 58, '1', ''),
(37, 61, 59, '1', ''),
(38, 61, 70, '1', ''),
(39, 61, 71, '1', ''),
(40, 61, 100, '1', ''),
(41, 61, 102, '1', ''),
(42, 62, 63, '1', ''),
(43, 62, 64, '1', ''),
(44, 62, 66, '1', ''),
(45, 62, 70, '1', ''),
(46, 62, 71, '1', ''),
(47, 62, 102, '1', ''),
(48, 63, 63, '1', ''),
(49, 63, 64, '1', ''),
(50, 63, 66, '1', ''),
(51, 63, 70, '1', ''),
(52, 63, 71, '1', ''),
(53, 63, 102, '1', ''),
(54, 64, 49, '1', ''),
(55, 64, 50, '1', ''),
(56, 64, 51, '1', ''),
(57, 64, 57, '1', ''),
(58, 64, 58, '1', ''),
(59, 64, 59, '1', ''),
(60, 64, 91, '1', ''),
(61, 64, 93, '1', ''),
(62, 64, 100, '1', ''),
(63, 67, 49, '1', ''),
(64, 67, 50, '1', ''),
(65, 67, 51, '1', ''),
(66, 67, 57, '1', ''),
(67, 67, 58, '1', ''),
(68, 67, 59, '1', ''),
(69, 67, 100, '1', ''),
(70, 66, 63, '1', ''),
(71, 66, 64, '1', ''),
(72, 66, 66, '1', ''),
(73, 21, 76, '1', ''),
(74, 21, 81, '1', ''),
(75, 21, 87, '1', ''),
(76, 21, 89, '1', ''),
(77, 21, 99, '1', ''),
(78, 26, 49, '1', '2025-2026'),
(79, 26, 50, '1', '2025-2026'),
(80, 26, 51, '1', '2025-2026'),
(81, 26, 76, '1', '2025-2026'),
(82, 26, 85, '1', '2025-2026'),
(83, 28, 74, '1', '2025-2026'),
(84, 28, 81, '1', '2025-2026'),
(85, 28, 84, '1', '2025-2026'),
(86, 28, 85, '1', '2025-2026'),
(87, 27, 74, '1', '2025-2026'),
(88, 27, 76, '1', '2025-2026'),
(89, 27, 80, '1', '2025-2026'),
(90, 27, 81, '1', '2025-2026'),
(91, 27, 85, '1', '2025-2026'),
(92, 27, 87, '1', '2025-2026'),
(93, 27, 89, '1', '2025-2026'),
(94, 27, 91, '1', '2025-2026'),
(95, 27, 93, '1', '2025-2026'),
(96, 27, 99, '1', '2025-2026'),
(97, 29, 84, '1', '2025-2026'),
(98, 29, 99, '1', '2025-2026'),
(102, 31, 74, '1', '2025-2026'),
(103, 31, 80, '1', '2025-2026'),
(104, 31, 99, '1', '2025-2026'),
(105, 43, 49, '1', '2025-2026'),
(106, 43, 50, '1', '2025-2026'),
(107, 43, 51, '1', '2025-2026'),
(108, 43, 74, '1', '2025-2026'),
(109, 32, 49, '1', '2025-2026'),
(110, 32, 50, '1', '2025-2026'),
(111, 32, 51, '1', '2025-2026'),
(112, 32, 74, '1', '2025-2026'),
(113, 32, 76, '1', '2025-2026'),
(114, 32, 80, '1', '2025-2026'),
(115, 32, 81, '1', '2025-2026'),
(116, 32, 99, '1', '2025-2026'),
(117, 95, 57, '1', '2025-2026'),
(118, 95, 58, '1', '2025-2026'),
(119, 95, 59, '1', '2025-2026'),
(120, 95, 74, '1', '2025-2026'),
(121, 95, 76, '1', '2025-2026'),
(122, 95, 80, '1', '2025-2026'),
(123, 95, 87, '1', '2025-2026'),
(124, 95, 89, '1', '2025-2026'),
(125, 95, 99, '1', '2025-2026'),
(126, 95, 100, '1', '2025-2026'),
(140, 35, 19, '1', '2025-2026'),
(141, 35, 21, '1', '2025-2026'),
(142, 35, 23, '1', '2025-2026'),
(143, 35, 85, '1', '2025-2026'),
(144, 36, 30, '1', '2025-2026'),
(145, 36, 31, '1', '2025-2026'),
(146, 36, 32, '1', '2025-2026'),
(147, 36, 80, '1', '2025-2026'),
(148, 36, 81, '1', '2025-2026'),
(149, 36, 91, '1', '2025-2026'),
(150, 36, 93, '1', '2025-2026'),
(162, 40, 19, '1', '2025-2026'),
(163, 40, 21, '1', '2025-2026'),
(164, 40, 23, '1', '2025-2026'),
(165, 40, 25, '1', '2025-2026'),
(166, 40, 85, '1', '2025-2026'),
(167, 42, 19, '1', '2025-2026'),
(168, 42, 21, '1', '2025-2026'),
(169, 42, 23, '1', '2025-2026'),
(170, 42, 25, '1', '2025-2026'),
(171, 42, 49, '1', '2025-2026'),
(172, 42, 50, '1', '2025-2026'),
(173, 42, 51, '1', '2025-2026'),
(174, 42, 74, '1', '2025-2026'),
(175, 42, 85, '1', '2025-2026'),
(183, 33, 30, '1', ''),
(184, 33, 31, '1', ''),
(185, 33, 32, '1', ''),
(186, 33, 38, '1', ''),
(187, 33, 74, '1', ''),
(188, 33, 80, '1', ''),
(189, 33, 85, '1', ''),
(190, 41, 30, '1', ''),
(191, 41, 31, '1', ''),
(192, 41, 32, '1', ''),
(193, 41, 38, '1', ''),
(194, 41, 57, '1', ''),
(195, 41, 58, '1', ''),
(196, 41, 59, '1', ''),
(197, 41, 76, '1', ''),
(198, 41, 87, '1', ''),
(199, 41, 89, '1', ''),
(200, 41, 99, '1', ''),
(201, 41, 100, '1', ''),
(202, 38, 19, '1', ''),
(203, 38, 21, '1', ''),
(204, 38, 23, '1', ''),
(205, 38, 25, '1', ''),
(206, 38, 30, '1', ''),
(207, 38, 31, '1', ''),
(208, 38, 32, '1', ''),
(209, 38, 38, '1', ''),
(210, 50, 36, '1', ''),
(211, 50, 37, '1', ''),
(212, 50, 42, '1', ''),
(213, 50, 43, '1', ''),
(214, 50, 104, '1', ''),
(215, 51, 19, '1', '2025-2026'),
(216, 51, 42, '1', '2025-2026'),
(217, 51, 43, '1', '2025-2026'),
(218, 51, 104, '1', '2025-2026'),
(219, 53, 19, '1', '2025-2026'),
(220, 53, 21, '1', '2025-2026'),
(221, 53, 23, '1', '2025-2026'),
(222, 53, 25, '1', '2025-2026'),
(223, 53, 42, '1', '2025-2026'),
(224, 89, 36, '1', '2025-2026'),
(225, 89, 37, '1', '2025-2026'),
(226, 89, 43, '1', '2025-2026'),
(227, 89, 104, '1', '2025-2026'),
(228, 55, 30, '1', '2025-2026'),
(229, 55, 31, '1', '2025-2026'),
(230, 55, 32, '1', '2025-2026'),
(231, 55, 36, '1', '2025-2026'),
(232, 55, 38, '1', '2025-2026'),
(233, 55, 43, '1', '2025-2026'),
(240, 54, 25, '1', '2025-2026'),
(241, 54, 30, '1', '2025-2026'),
(242, 54, 31, '1', '2025-2026'),
(243, 54, 32, '1', '2025-2026'),
(244, 54, 37, '1', '2025-2026'),
(245, 54, 38, '1', '2025-2026'),
(246, 57, 30, '1', '2025-2026'),
(247, 57, 31, '1', '2025-2026'),
(248, 57, 32, '1', '2025-2026'),
(249, 57, 38, '1', '2025-2026'),
(250, 57, 42, '1', '2025-2026'),
(251, 57, 104, '1', '2025-2026'),
(252, 56, 21, '1', '2025-2026'),
(253, 56, 23, '1', '2025-2026'),
(254, 56, 36, '1', '2025-2026'),
(255, 56, 37, '1', '2025-2026'),
(256, 69, 19, '1', '2025-2026'),
(257, 69, 21, '1', '2025-2026'),
(258, 69, 23, '1', '2025-2026'),
(259, 69, 25, '1', '2025-2026'),
(260, 69, 30, '1', '2025-2026'),
(261, 69, 31, '1', '2025-2026'),
(262, 69, 32, '1', '2025-2026'),
(263, 69, 38, '1', '2025-2026'),
(264, 72, 30, '1', '2025-2026'),
(265, 72, 31, '1', '2025-2026'),
(266, 72, 32, '1', '2025-2026'),
(267, 72, 38, '1', '2025-2026'),
(278, 78, 85, '1', '2025-2026'),
(286, 94, 49, '1', '2025-2026'),
(287, 94, 50, '1', '2025-2026'),
(288, 94, 57, '1', '2025-2026'),
(289, 94, 58, '1', '2025-2026'),
(290, 94, 59, '1', '2025-2026'),
(291, 94, 100, '1', '2025-2026'),
(292, 39, 51, '1', '2025-2026'),
(293, 39, 80, '1', '2025-2026'),
(294, 39, 99, '1', '2025-2026'),
(295, 44, 87, '1', '2025-2026'),
(296, 44, 89, '1', '2025-2026'),
(297, 44, 91, '1', '2025-2026'),
(298, 44, 93, '1', '2025-2026'),
(299, 91, 57, '1', '2025-2026'),
(300, 91, 58, '1', '2025-2026'),
(301, 91, 59, '1', '2025-2026'),
(302, 91, 100, '1', '2025-2026'),
(303, 46, 89, '1', '2025-2026'),
(304, 46, 93, '1', '2025-2026'),
(305, 48, 91, '1', '2025-2026'),
(306, 48, 93, '1', '2025-2026'),
(307, 37, 91, '1', '2025-2026'),
(308, 37, 93, '1', '2025-2026'),
(309, 47, 76, '1', '2025-2026'),
(310, 47, 87, '1', '2025-2026'),
(311, 47, 89, '1', '2025-2026'),
(312, 47, 93, '1', '2025-2026'),
(313, 47, 99, '1', '2025-2026'),
(314, 97, 98, '1', '2025-2026'),
(315, 45, 87, '1', '2025-2026'),
(316, 45, 91, '1', '2025-2026'),
(317, 45, 93, '1', '2025-2026'),
(318, 96, 19, '1', '2025-2026'),
(319, 96, 21, '1', '2025-2026'),
(320, 96, 23, '1', '2025-2026'),
(321, 96, 25, '1', '2025-2026'),
(322, 96, 30, '1', '2025-2026'),
(323, 96, 31, '1', '2025-2026'),
(324, 96, 32, '1', '2025-2026'),
(325, 96, 38, '1', '2025-2026'),
(326, 96, 63, '1', '2025-2026'),
(327, 96, 64, '1', '2025-2026'),
(328, 96, 66, '1', '2025-2026'),
(329, 96, 99, '1', '2025-2026');

-- --------------------------------------------------------

--
-- Table structure for table `teacher_subjects`
--

CREATE TABLE `teacher_subjects` (
  `id` int(11) NOT NULL,
  `teacher_id` int(11) NOT NULL,
  `subject_id` int(11) NOT NULL,
  `semester` enum('1','2','midyear') NOT NULL,
  `academic_year` varchar(12) NOT NULL
) ENGINE=InnoDB DEFAULT CHARSET=utf8mb4 COLLATE=utf8mb4_general_ci;

--
-- Dumping data for table `teacher_subjects`
--

INSERT INTO `teacher_subjects` (`id`, `teacher_id`, `subject_id`, `semester`, `academic_year`) VALUES
(152, 46, 652, '1', '2025-2026'),
(153, 46, 665, '1', '2025-2026'),
(154, 46, 666, '1', '2025-2026'),
(166, 45, 633, '1', '2025-2026'),
(167, 45, 675, '1', '2025-2026'),
(168, 45, 676, '1', '2025-2026'),
(169, 45, 834, '1', '2025-2026'),
(170, 45, 835, '1', '2025-2026'),
(209, 53, 762, '1', '2025-2026'),
(210, 53, 763, '1', '2025-2026'),
(211, 53, 821, '1', '2025-2026'),
(212, 53, 822, '1', '2025-2026'),
(254, 72, 796, '1', '2025-2026'),
(255, 72, 797, '1', '2025-2026'),
(256, 90, 796, '1', '2025-2026'),
(257, 90, 797, '1', '2025-2026'),
(295, 66, 493, '1', '2025-2026'),
(296, 66, 494, '1', '2025-2026'),
(297, 66, 495, '1', '2025-2026'),
(298, 66, 496, '1', '2025-2026'),
(299, 63, 489, '1', '2025-2026'),
(300, 63, 490, '1', '2025-2026'),
(301, 63, 829, '1', '2025-2026'),
(302, 63, 830, '1', '2025-2026'),
(303, 62, 485, '1', '2025-2026'),
(304, 62, 486, '1', '2025-2026'),
(305, 62, 517, '1', '2025-2026'),
(306, 62, 518, '1', '2025-2026'),
(317, 31, 378, '1', '2025-2026'),
(318, 31, 735, '1', '2025-2026'),
(319, 31, 741, '1', '2025-2026'),
(350, 76, 406, '1', '2025-2026'),
(351, 76, 758, '1', '2025-2026'),
(352, 76, 844, '1', '2025-2026'),
(358, 78, 855, '1', '2025-2026'),
(375, 65, 371, '1', '2025-2026'),
(376, 65, 372, '1', '2025-2026'),
(377, 65, 373, '1', '2025-2026'),
(378, 65, 374, '1', '2025-2026'),
(379, 92, 487, '1', '2025-2026'),
(380, 92, 488, '1', '2025-2026'),
(381, 92, 519, '1', '2025-2026'),
(382, 92, 520, '1', '2025-2026'),
(383, 68, 401, '1', '2025-2026'),
(384, 68, 402, '1', '2025-2026'),
(385, 68, 521, '1', '2025-2026'),
(386, 58, 515, '1', '2025-2026'),
(387, 58, 516, '1', '2025-2026'),
(388, 58, 885, '1', '2025-2026'),
(389, 59, 399, '1', '2025-2026'),
(390, 59, 400, '1', '2025-2026'),
(391, 59, 491, '1', '2025-2026'),
(392, 59, 492, '1', '2025-2026'),
(393, 59, 885, '1', '2025-2026'),
(394, 61, 399, '1', '2025-2026'),
(395, 61, 400, '1', '2025-2026'),
(396, 61, 522, '1', '2025-2026'),
(397, 61, 523, '1', '2025-2026'),
(405, 64, 368, '1', '2025-2026'),
(406, 64, 393, '1', '2025-2026'),
(407, 64, 394, '1', '2025-2026'),
(408, 64, 632, '1', '2025-2026'),
(409, 67, 369, '1', '2025-2026'),
(410, 67, 370, '1', '2025-2026'),
(411, 67, 397, '1', '2025-2026'),
(412, 67, 398, '1', '2025-2026'),
(417, 21, 598, '1', '2025-2026'),
(418, 21, 702, '1', '2025-2026'),
(419, 21, 832, '1', '2025-2026'),
(420, 21, 841, '1', '2025-2026'),
(426, 28, 379, '1', '2025-2026'),
(427, 28, 717, '1', '2025-2026'),
(428, 28, 719, '1', '2025-2026'),
(429, 28, 833, '1', '2025-2026'),
(430, 28, 855, '1', '2025-2026'),
(440, 29, 732, '1', '2025-2026'),
(441, 29, 734, '1', '2025-2026'),
(442, 29, 756, '1', '2025-2026'),
(443, 39, 375, '1', '2025-2026'),
(444, 39, 376, '1', '2025-2026'),
(445, 39, 733, '1', '2025-2026'),
(446, 39, 740, '1', '2025-2026'),
(447, 39, 742, '1', '2025-2026'),
(464, 35, 843, '1', '2025-2026'),
(465, 35, 868, '1', '2025-2026'),
(466, 36, 626, '1', '2025-2026'),
(467, 36, 716, '1', '2025-2026'),
(468, 36, 780, '1', '2025-2026'),
(469, 41, 406, '1', '2025-2026'),
(470, 40, 758, '1', '2025-2026'),
(471, 40, 844, '1', '2025-2026'),
(472, 40, 872, '1', '2025-2026'),
(473, 42, 380, '1', '2025-2026'),
(474, 42, 595, '1', '2025-2026'),
(475, 38, 758, '1', '2025-2026'),
(476, 38, 773, '1', '2025-2026'),
(477, 38, 780, '1', '2025-2026'),
(478, 38, 868, '1', '2025-2026'),
(505, 97, 648, '1', '2025-2026'),
(506, 97, 649, '1', '2025-2026'),
(507, 97, 887, '1', '2025-2026'),
(508, 26, 594, '1', '2025-2026'),
(509, 26, 703, '1', '2025-2026'),
(510, 26, 704, '1', '2025-2026'),
(511, 26, 867, '1', '2025-2026'),
(512, 27, 593, '1', '2025-2026'),
(513, 27, 600, '1', '2025-2026'),
(514, 27, 634, '1', '2025-2026'),
(515, 27, 635, '1', '2025-2026'),
(516, 27, 695, '1', '2025-2026'),
(517, 27, 701, '1', '2025-2026'),
(518, 27, 718, '1', '2025-2026'),
(519, 27, 720, '1', '2025-2026'),
(520, 27, 721, '1', '2025-2026'),
(521, 27, 722, '1', '2025-2026'),
(522, 43, 377, '1', '2025-2026'),
(523, 43, 861, '1', '2025-2026'),
(524, 32, 694, '1', '2025-2026'),
(525, 32, 698, '1', '2025-2026'),
(526, 32, 715, '1', '2025-2026'),
(527, 32, 743, '1', '2025-2026'),
(528, 32, 864, '1', '2025-2026'),
(529, 95, 428, '1', '2025-2026'),
(530, 95, 599, '1', '2025-2026'),
(531, 95, 700, '1', '2025-2026'),
(532, 95, 744, '1', '2025-2026'),
(533, 95, 428, '1', '2025-2026'),
(534, 95, 880, '1', '2025-2026'),
(535, 95, 599, '1', '2025-2026'),
(536, 95, 700, '1', '2025-2026'),
(537, 95, 744, '1', '2025-2026'),
(538, 95, 880, '1', '2025-2026'),
(539, 33, 739, '1', '2025-2026'),
(540, 33, 853, '1', '2025-2026'),
(541, 33, 854, '1', '2025-2026'),
(542, 33, 886, '1', '2025-2026'),
(551, 50, 800, '1', '2025-2026'),
(552, 50, 801, '1', '2025-2026'),
(553, 50, 825, '1', '2025-2026'),
(554, 50, 826, '1', '2025-2026'),
(555, 51, 760, '1', '2025-2026'),
(556, 51, 761, '1', '2025-2026'),
(557, 51, 820, '1', '2025-2026'),
(558, 89, 806, '1', '2025-2026'),
(559, 89, 807, '1', '2025-2026'),
(560, 89, 808, '1', '2025-2026'),
(561, 89, 809, '1', '2025-2026'),
(562, 89, 821, '1', '2025-2026'),
(563, 89, 822, '1', '2025-2026'),
(564, 55, 774, '1', '2025-2026'),
(565, 55, 775, '1', '2025-2026'),
(566, 55, 798, '1', '2025-2026'),
(567, 55, 799, '1', '2025-2026'),
(568, 55, 823, '1', '2025-2026'),
(569, 55, 824, '1', '2025-2026'),
(578, 54, 760, '1', '2025-2026'),
(579, 54, 761, '1', '2025-2026'),
(580, 54, 778, '1', '2025-2026'),
(581, 54, 779, '1', '2025-2026'),
(582, 54, 798, '1', '2025-2026'),
(583, 54, 799, '1', '2025-2026'),
(584, 57, 776, '1', '2025-2026'),
(585, 57, 777, '1', '2025-2026'),
(586, 57, 823, '1', '2025-2026'),
(587, 57, 824, '1', '2025-2026'),
(588, 56, 760, '1', '2025-2026'),
(589, 56, 761, '1', '2025-2026'),
(590, 56, 802, '1', '2025-2026'),
(591, 56, 803, '1', '2025-2026'),
(592, 56, 804, '1', '2025-2026'),
(593, 56, 805, '1', '2025-2026'),
(594, 69, 757, '1', '2025-2026'),
(595, 69, 856, '1', '2025-2026'),
(596, 94, 375, '1', '2025-2026'),
(597, 94, 376, '1', '2025-2026'),
(598, 94, 395, '1', '2025-2026'),
(599, 94, 396, '1', '2025-2026'),
(601, 44, 608, '1', '2025-2026'),
(602, 44, 609, '1', '2025-2026'),
(603, 44, 631, '1', '2025-2026'),
(604, 44, 653, '1', '2025-2026'),
(605, 44, 654, '1', '2025-2026'),
(606, 44, 673, '1', '2025-2026'),
(607, 44, 674, '1', '2025-2026'),
(608, 44, 677, '1', '2025-2026'),
(609, 44, 678, '1', '2025-2026'),
(610, 44, 686, '1', '2025-2026'),
(611, 44, 687, '1', '2025-2026'),
(612, 91, 403, '1', '2025-2026'),
(613, 91, 404, '1', '2025-2026'),
(614, 48, 624, '1', '2025-2026'),
(615, 37, 625, '1', '2025-2026'),
(616, 47, 601, '1', '2025-2026'),
(617, 47, 650, '1', '2025-2026'),
(618, 47, 651, '1', '2025-2026'),
(619, 47, 663, '1', '2025-2026'),
(620, 47, 664, '1', '2025-2026'),
(621, 47, 705, '1', '2025-2026'),
(622, 47, 706, '1', '2025-2026'),
(623, 96, 484, '1', '2025-2026'),
(624, 96, 734, '1', '2025-2026'),
(625, 96, 759, '1', '2025-2026'),
(626, 96, 771, '1', '2025-2026'),
(627, 96, 772, '1', '2025-2026');

-- --------------------------------------------------------

--
-- Table structure for table `users`
--

CREATE TABLE `users` (
  `id` int(11) NOT NULL,
  `user_type` enum('admin','student','teacher') NOT NULL,
  `name` varchar(100) NOT NULL,
  `email` varchar(100) NOT NULL,
  `password` varchar(255) NOT NULL,
  `gender` enum('Male','Female','Other') NOT NULL
) ENGINE=InnoDB DEFAULT CHARSET=utf8mb4 COLLATE=utf8mb4_general_ci;

--
-- Dumping data for table `users`
--

INSERT INTO `users` (`id`, `user_type`, `name`, `email`, `password`, `gender`) VALUES
(1, 'admin', 'Admin Admin', 'admin@gmail.com', '036d0ef7567a20b5a4ad24a354ea4a945ddab676', 'Male'),
(21, 'teacher', 'Isagani M. Valerozo Ph D', 'Isagani@gmail.com', '10470c3b4b1fed12c3baac014be15fac67c6e815', 'Male'),
(26, 'teacher', 'Renalyn P. Mora Ph D', 'Renalyn@gmail.com', '10470c3b4b1fed12c3baac014be15fac67c6e815', 'Female'),
(27, 'teacher', 'Manuel C. Francisco', 'Manuel@gmail.com', '10470c3b4b1fed12c3baac014be15fac67c6e815', 'Male'),
(28, 'teacher', 'Myla G. Velasco MAEd', 'Myla@gmail.com', '10470c3b4b1fed12c3baac014be15fac67c6e815', 'Female'),
(29, 'teacher', 'Prof. Rosalie C. Leal', 'Rosalie@gmail.com', '10470c3b4b1fed12c3baac014be15fac67c6e815', 'Female'),
(30, 'student', 'Frances Manuel', 'ces@gmail.com', '10470c3b4b1fed12c3baac014be15fac67c6e815', 'Female'),
(31, 'teacher', 'Julie F. Espinosa, DPA', 'Julie@gmail.com', '10470c3b4b1fed12c3baac014be15fac67c6e815', 'Female'),
(32, 'teacher', 'Jobelle T. Mojica', 'Jobelle@gmail.com', '10470c3b4b1fed12c3baac014be15fac67c6e815', 'Female'),
(33, 'teacher', 'Zues R. Gongob', 'Zeus@gmail.com', '10470c3b4b1fed12c3baac014be15fac67c6e815', 'Male'),
(35, 'teacher', 'Orpha S. Saguibo, MAEd', 'Orpha@gmail.com', '10470c3b4b1fed12c3baac014be15fac67c6e815', 'Female'),
(36, 'teacher', 'Bernadette D. Bagalay, MAEd', 'Bernadette@gmail.com', '10470c3b4b1fed12c3baac014be15fac67c6e815', 'Female'),
(37, 'teacher', 'Ryan Jay O. Agron, MAEd', 'Ryanjay@gmail.com', '10470c3b4b1fed12c3baac014be15fac67c6e815', 'Male'),
(38, 'teacher', 'Abegail T. Aquino', 'Abegail@gmail.com', '10470c3b4b1fed12c3baac014be15fac67c6e815', 'Female'),
(39, 'teacher', 'Reynaldo M. Brutas, DPA', 'Reynaldo@gmail.com', '10470c3b4b1fed12c3baac014be15fac67c6e815', 'Male'),
(40, 'teacher', 'John M. Foster, Ph.D.', 'John@gmail.com', '10470c3b4b1fed12c3baac014be15fac67c6e815', 'Male'),
(41, 'teacher', 'Orville A. Galicgic', 'Orville@gmail.com', '10470c3b4b1fed12c3baac014be15fac67c6e815', 'Male'),
(42, 'teacher', 'Jamaica A. Delos Santos', 'Jamaica@gmail.com', '10470c3b4b1fed12c3baac014be15fac67c6e815', 'Female'),
(43, 'teacher', 'Maria Paz Consuelo C. Dammay', 'Mariapaz@gmail.com', '10470c3b4b1fed12c3baac014be15fac67c6e815', 'Female'),
(44, 'teacher', 'Frederick P. Dela Cruz, MAIE', 'Frederick@gmail.com', '10470c3b4b1fed12c3baac014be15fac67c6e815', 'Male'),
(45, 'teacher', 'Jenalyn C. Andres, EdD', 'Jenalyn@gmail.com', '10470c3b4b1fed12c3baac014be15fac67c6e815', 'Female'),
(46, 'teacher', 'Raymund G. Velasco, MAIE', 'Raymund@gmail.com', '10470c3b4b1fed12c3baac014be15fac67c6e815', 'Male'),
(47, 'teacher', 'Samuel L. Belo, MAT', 'Samuel@gmail.com', '10470c3b4b1fed12c3baac014be15fac67c6e815', 'Male'),
(48, 'teacher', 'Renaldo G. Manipon, MAIE', 'Renaldo@gmail.com', '10470c3b4b1fed12c3baac014be15fac67c6e815', 'Male'),
(50, 'teacher', 'Larry B. De Guzman, DIT', 'Larry@gmail.com', '10470c3b4b1fed12c3baac014be15fac67c6e815', 'Male'),
(51, 'teacher', 'Kelvin Kris C. Gonzales, DIT', 'Kelvin@gmail.com', '10470c3b4b1fed12c3baac014be15fac67c6e815', 'Male'),
(53, 'teacher', 'Alvin B. Taeza', 'Alvin@gmail.com', '10470c3b4b1fed12c3baac014be15fac67c6e815', 'Male'),
(54, 'teacher', 'Rayan C. Oxales', 'Rayan@gmail.com', '10470c3b4b1fed12c3baac014be15fac67c6e815', 'Male'),
(55, 'teacher', 'Christian Ian P. Salvador', 'Christian@gmail.com', '10470c3b4b1fed12c3baac014be15fac67c6e815', 'Male'),
(56, 'teacher', 'Jethro P. Icban', 'Jethro@gmail.com', '10470c3b4b1fed12c3baac014be15fac67c6e815', 'Male'),
(57, 'teacher', 'Jan Kenneth I. Manuel', 'Jan@gmail.com', '10470c3b4b1fed12c3baac014be15fac67c6e815', 'Male'),
(58, 'teacher', 'Genesis C. Dela Pea', 'Genesis@gmail.com', '10470c3b4b1fed12c3baac014be15fac67c6e815', 'Male'),
(59, 'teacher', 'Gilmour T. Valdez', 'Gilmour@gmail.com', '10470c3b4b1fed12c3baac014be15fac67c6e815', 'Male'),
(61, 'teacher', 'Engr. Johna Mae B. Udan', 'johna@gmail.com', '10470c3b4b1fed12c3baac014be15fac67c6e815', 'Female'),
(62, 'teacher', 'Engr. Donabel B. Ricardo', 'Donabel@gmail.com', '10470c3b4b1fed12c3baac014be15fac67c6e815', 'Female'),
(63, 'teacher', 'Engr. Jesica V. Cabang', 'Jesica@gmail.com', '10470c3b4b1fed12c3baac014be15fac67c6e815', 'Female'),
(64, 'teacher', 'Sairah G. Ormilla', 'Sairah@gmail.com', '10470c3b4b1fed12c3baac014be15fac67c6e815', 'Female'),
(65, 'teacher', 'Jessalyn M. Parco', 'Jessalyn@gmail.com', '10470c3b4b1fed12c3baac014be15fac67c6e815', 'Female'),
(66, 'teacher', 'Kelly Vea G. David', 'Kelly@gmail.com', '10470c3b4b1fed12c3baac014be15fac67c6e815', 'Female'),
(67, 'teacher', 'Renato F. Jaramillo, JR.', 'Renato@gmail.com', '10470c3b4b1fed12c3baac014be15fac67c6e815', 'Male'),
(68, 'teacher', 'April Joy A. Bernardo', 'April@gmail.com', '10470c3b4b1fed12c3baac014be15fac67c6e815', 'Female'),
(69, 'teacher', 'Fely T. Corpuz', 'Fely@gmail.com', '10470c3b4b1fed12c3baac014be15fac67c6e815', 'Female'),
(72, 'teacher', 'Venus A. Diego, DTA', 'Venus@gmail.com', '10470c3b4b1fed12c3baac014be15fac67c6e815', 'Female'),
(76, 'teacher', 'Avelino A. Viloria', 'Avelino@gmail.com', '10470c3b4b1fed12c3baac014be15fac67c6e815', 'Male'),
(78, 'teacher', 'Abigail B. manzano', 'Manzano@gmail.com', '10470c3b4b1fed12c3baac014be15fac67c6e815', 'Male'),
(79, 'student', 'Jam R. Galabay', 'Jam@gmail.com', '7f8211fb9ee96be4fe6abdb67cf7a57deec14d06', 'Male'),
(81, 'student', 'Roseuelle', 'Roseuelle@gmail.com', '10470c3b4b1fed12c3baac014be15fac67c6e815', 'Female'),
(82, 'student', 'Clarissa Madrid', 'Cla@gmail.com', '10470c3b4b1fed12c3baac014be15fac67c6e815', 'Female'),
(85, 'student', 'Jicelle Galabay', 'Jic@gmail.com', '10470c3b4b1fed12c3baac014be15fac67c6e815', 'Female'),
(86, 'teacher', 'R. Agustin', 'Agustin@gmail.com', '10470c3b4b1fed12c3baac014be15fac67c6e815', 'Female'),
(89, 'teacher', 'Jonalene Dela Merced', 'Jonalene@gmail.com', '10470c3b4b1fed12c3baac014be15fac67c6e815', 'Female'),
(90, 'teacher', 'Baby Lady M. Sol', 'Baby@gmail.com', '10470c3b4b1fed12c3baac014be15fac67c6e815', 'Female'),
(91, 'teacher', 'Kevin R. Aguilar', 'Aguilar@gmail.com', '10470c3b4b1fed12c3baac014be15fac67c6e815', 'Male'),
(92, 'teacher', 'Shelah R. Ronquillo', 'shelah@gmail.com', '10470c3b4b1fed12c3baac014be15fac67c6e815', 'Female'),
(94, 'teacher', 'teacher x', 'teacher@gmail.com', '10470c3b4b1fed12c3baac014be15fac67c6e815', 'Male'),
(95, 'teacher', 'Mark Blue Pasicolan', 'pasicolan@gmail.com', '10470c3b4b1fed12c3baac014be15fac67c6e815', 'Male'),
(96, 'teacher', 'Unknown ', 'unknown@gmail.com', '10470c3b4b1fed12c3baac014be15fac67c6e815', 'Male'),
(97, 'teacher', 'teacher1', 'teacher1@gmail.com', '10470c3b4b1fed12c3baac014be15fac67c6e815', 'Male');

--
-- Indexes for dumped tables
--

--
-- Indexes for table `classrooms`
--
ALTER TABLE `classrooms`
  ADD PRIMARY KEY (`id`),
  ADD UNIQUE KEY `room_number` (`room_number`);

--
-- Indexes for table `schedules`
--
ALTER TABLE `schedules`
  ADD PRIMARY KEY (`id`);

--
-- Indexes for table `sections`
--
ALTER TABLE `sections`
  ADD PRIMARY KEY (`id`);

--
-- Indexes for table `subjects`
--
ALTER TABLE `subjects`
  ADD PRIMARY KEY (`id`),
  ADD UNIQUE KEY `subject_code` (`subject_code`);

--
-- Indexes for table `teacher_sections`
--
ALTER TABLE `teacher_sections`
  ADD PRIMARY KEY (`id`),
  ADD KEY `teacher_id` (`teacher_id`),
  ADD KEY `section_id` (`section_id`);

--
-- Indexes for table `teacher_subjects`
--
ALTER TABLE `teacher_subjects`
  ADD PRIMARY KEY (`id`),
  ADD KEY `teacher_id` (`teacher_id`),
  ADD KEY `subject_id` (`subject_id`);

--
-- Indexes for table `users`
--
ALTER TABLE `users`
  ADD PRIMARY KEY (`id`),
  ADD UNIQUE KEY `email` (`email`);

--
-- AUTO_INCREMENT for dumped tables
--

--
-- AUTO_INCREMENT for table `classrooms`
--
ALTER TABLE `classrooms`
  MODIFY `id` int(11) NOT NULL AUTO_INCREMENT, AUTO_INCREMENT=42;

--
-- AUTO_INCREMENT for table `schedules`
--
ALTER TABLE `schedules`
  MODIFY `id` int(11) NOT NULL AUTO_INCREMENT, AUTO_INCREMENT=31542;

--
-- AUTO_INCREMENT for table `sections`
--
ALTER TABLE `sections`
  MODIFY `id` int(11) NOT NULL AUTO_INCREMENT, AUTO_INCREMENT=106;

--
-- AUTO_INCREMENT for table `subjects`
--
ALTER TABLE `subjects`
  MODIFY `id` int(11) NOT NULL AUTO_INCREMENT, AUTO_INCREMENT=888;

--
-- AUTO_INCREMENT for table `teacher_sections`
--
ALTER TABLE `teacher_sections`
  MODIFY `id` int(11) NOT NULL AUTO_INCREMENT, AUTO_INCREMENT=330;

--
-- AUTO_INCREMENT for table `teacher_subjects`
--
ALTER TABLE `teacher_subjects`
  MODIFY `id` int(11) NOT NULL AUTO_INCREMENT, AUTO_INCREMENT=628;

--
-- AUTO_INCREMENT for table `users`
--
ALTER TABLE `users`
  MODIFY `id` int(11) NOT NULL AUTO_INCREMENT, AUTO_INCREMENT=98;

--
-- Constraints for dumped tables
--

--
-- Constraints for table `teacher_sections`
--
ALTER TABLE `teacher_sections`
  ADD CONSTRAINT `teacher_sections_ibfk_1` FOREIGN KEY (`teacher_id`) REFERENCES `users` (`id`) ON DELETE CASCADE,
  ADD CONSTRAINT `teacher_sections_ibfk_2` FOREIGN KEY (`section_id`) REFERENCES `sections` (`id`) ON DELETE CASCADE;

--
-- Constraints for table `teacher_subjects`
--
ALTER TABLE `teacher_subjects`
  ADD CONSTRAINT `teacher_subjects_ibfk_1` FOREIGN KEY (`teacher_id`) REFERENCES `users` (`id`) ON DELETE CASCADE,
  ADD CONSTRAINT `teacher_subjects_ibfk_2` FOREIGN KEY (`subject_id`) REFERENCES `subjects` (`id`) ON DELETE CASCADE;
COMMIT;

/*!40101 SET CHARACTER_SET_CLIENT=@OLD_CHARACTER_SET_CLIENT */;
/*!40101 SET CHARACTER_SET_RESULTS=@OLD_CHARACTER_SET_RESULTS */;
/*!40101 SET COLLATION_CONNECTION=@OLD_COLLATION_CONNECTION */;
