-- phpMyAdmin SQL Dump
-- version 5.2.1
-- https://www.phpmyadmin.net/
--
-- Host: localhost
-- Generation Time: Jun 25, 2025 at 11:57 AM
-- Server version: 10.4.32-MariaDB
-- PHP Version: 8.2.12

SET SQL_MODE = "NO_AUTO_VALUE_ON_ZERO";
START TRANSACTION;
SET time_zone = "+00:00";


/*!40101 SET @OLD_CHARACTER_SET_CLIENT=@@CHARACTER_SET_CLIENT */;
/*!40101 SET @OLD_CHARACTER_SET_RESULTS=@@CHARACTER_SET_RESULTS */;
/*!40101 SET @OLD_COLLATION_CONNECTION=@@COLLATION_CONNECTION */;
/*!40101 SET NAMES utf8mb4 */;

--
-- Database: `auto_schedule`
--

-- --------------------------------------------------------

--
-- Table structure for table `classrooms`
--

CREATE TABLE `classrooms` (
  `id` int(11) NOT NULL,
  `room_number` varchar(50) NOT NULL,
  `capacity` int(11) NOT NULL,
  `type` enum('Room','Laboratory','Gym') NOT NULL DEFAULT 'Room',
  `department` enum('BSIT','BSED','BTVTED','DAT-BAT','GENERAL') DEFAULT NULL
) ENGINE=InnoDB DEFAULT CHARSET=utf8mb4 COLLATE=utf8mb4_general_ci;

--
-- Dumping data for table `classrooms`
--

INSERT INTO `classrooms` (`id`, `room_number`, `capacity`, `type`, `department`) VALUES
(16, '1', 50, 'Room', 'BSED'),
(17, '2', 50, 'Room', 'BSED'),
(18, '3', 50, 'Room', 'DAT-BAT'),
(19, '4', 50, 'Room', 'DAT-BAT'),
(20, '5', 50, 'Laboratory', 'DAT-BAT'),
(21, '6', 50, 'Room', 'DAT-BAT'),
(22, '7', 50, 'Room', 'BSIT'),
(23, '8', 50, 'Room', 'BSIT'),
(24, '9', 50, 'Room', 'BSIT'),
(25, '10', 50, 'Room', 'BSIT'),
(26, '-1', 50, 'Laboratory', 'BSIT'),
(27, '-2', 50, 'Laboratory', 'BSIT'),
(28, '-3', 50, 'Laboratory', 'BSIT'),
(29, '-4', 50, 'Laboratory', 'BSIT'),
(30, '12', 50, 'Laboratory', 'BTVTED'),
(31, '13', 50, 'Room', 'BTVTED'),
(32, '14', 50, 'Room', 'BTVTED'),
(33, '15', 50, 'Room', 'BTVTED'),
(34, '16', 50, 'Room', 'BSED'),
(35, '17', 50, 'Room', 'BSED'),
(36, '18', 50, 'Gym', 'GENERAL');

-- --------------------------------------------------------

--
-- Table structure for table `enrollments`
--

CREATE TABLE `enrollments` (
  `id` int(11) NOT NULL,
  `student_id` int(11) NOT NULL,
  `subject_id` int(11) NOT NULL,
  `section_id` int(11) NOT NULL,
  `semester` enum('1','2','midyear') NOT NULL,
  `year_level` int(11) NOT NULL,
  `academic_year` varchar(12) NOT NULL,
  `units` int(11) NOT NULL DEFAULT 1
) ENGINE=InnoDB DEFAULT CHARSET=utf8mb4 COLLATE=utf8mb4_general_ci;

-- --------------------------------------------------------

--
-- Table structure for table `schedules`
--

CREATE TABLE `schedules` (
  `id` int(11) NOT NULL,
  `subject_id` int(11) NOT NULL,
  `teacher_id` int(11) NOT NULL,
  `classroom_id` int(11) DEFAULT NULL,
  `section_id` int(11) NOT NULL,
  `day` enum('Monday','Tuesday','Wednesday','Thursday','Friday','Saturday') NOT NULL,
  `start_time` time NOT NULL,
  `end_time` time NOT NULL,
  `semester` enum('1','2','midyear') NOT NULL,
  `academic_year` varchar(9) NOT NULL,
  `exam_type` enum('none','prelim','midterm','final') DEFAULT 'none',
  `subject_type` enum('lecture','lab','pe','online') NOT NULL DEFAULT 'lecture'
) ENGINE=InnoDB DEFAULT CHARSET=utf8mb4 COLLATE=utf8mb4_general_ci;

--
-- Dumping data for table `schedules`
--

INSERT INTO `schedules` (`id`, `subject_id`, `teacher_id`, `classroom_id`, `section_id`, `day`, `start_time`, `end_time`, `semester`, `academic_year`, `exam_type`, `subject_type`) VALUES
(7612, 822, 53, 29, 42, 'Monday', '08:00:00', '11:00:00', '1', '2025-2026', 'none', 'lab'),
(7613, 824, 88, 27, 42, 'Monday', '13:00:00', '16:00:00', '1', '2025-2026', 'none', 'lab'),
(7614, 826, 50, 28, 42, 'Wednesday', '08:00:00', '11:00:00', '1', '2025-2026', 'none', 'lab'),
(7615, 820, 51, 25, 42, 'Wednesday', '13:00:00', '14:00:00', '1', '2025-2026', 'none', 'lecture'),
(7616, 820, 51, 25, 42, 'Friday', '08:00:00', '09:00:00', '1', '2025-2026', 'none', 'lecture'),
(7617, 820, 51, 23, 42, 'Tuesday', '08:00:00', '09:00:00', '1', '2025-2026', 'none', 'lecture'),
(7618, 821, 53, 23, 42, 'Wednesday', '14:10:00', '15:10:00', '1', '2025-2026', 'none', 'lecture'),
(7619, 821, 53, 23, 42, 'Friday', '09:10:00', '10:10:00', '1', '2025-2026', 'none', 'lecture'),
(7620, 823, 88, 23, 42, 'Wednesday', '15:20:00', '16:20:00', '1', '2025-2026', 'none', 'lecture'),
(7621, 823, 88, 25, 42, 'Friday', '10:20:00', '11:20:00', '1', '2025-2026', 'none', 'lecture'),
(7622, 825, 50, 24, 42, 'Friday', '13:00:00', '14:00:00', '1', '2025-2026', 'none', 'lecture'),
(7623, 825, 50, 25, 42, 'Tuesday', '09:10:00', '10:10:00', '1', '2025-2026', 'none', 'lecture'),
(7624, 822, 53, 29, 43, 'Monday', '13:00:00', '16:00:00', '1', '2025-2026', 'none', 'lab'),
(7625, 824, 88, 27, 43, 'Monday', '08:00:00', '11:00:00', '1', '2025-2026', 'none', 'lab'),
(7626, 826, 50, 29, 43, 'Wednesday', '13:00:00', '16:00:00', '1', '2025-2026', 'none', 'lab'),
(7627, 820, 51, 23, 43, 'Wednesday', '08:00:00', '09:00:00', '1', '2025-2026', 'none', 'lecture'),
(7628, 820, 51, 25, 43, 'Friday', '09:10:00', '10:10:00', '1', '2025-2026', 'none', 'lecture'),
(7629, 820, 51, 23, 43, 'Tuesday', '09:10:00', '10:10:00', '1', '2025-2026', 'none', 'lecture'),
(7630, 821, 53, 24, 43, 'Wednesday', '09:10:00', '10:10:00', '1', '2025-2026', 'none', 'lecture'),
(7631, 821, 53, 22, 43, 'Friday', '08:00:00', '09:00:00', '1', '2025-2026', 'none', 'lecture'),
(7632, 823, 88, 22, 43, 'Wednesday', '10:20:00', '11:20:00', '1', '2025-2026', 'none', 'lecture'),
(7633, 823, 88, 22, 43, 'Friday', '13:00:00', '14:00:00', '1', '2025-2026', 'none', 'lecture'),
(7634, 825, 50, 25, 43, 'Friday', '14:10:00', '15:10:00', '1', '2025-2026', 'none', 'lecture'),
(7635, 825, 50, 23, 43, 'Tuesday', '10:20:00', '11:20:00', '1', '2025-2026', 'none', 'lecture'),
(7636, 516, 58, 20, 70, 'Monday', '08:00:00', '11:00:00', '1', '2025-2026', 'none', 'lab'),
(7637, 518, 62, 20, 70, 'Monday', '13:00:00', '16:00:00', '1', '2025-2026', 'none', 'lab'),
(7638, 520, 92, 20, 70, 'Wednesday', '08:00:00', '11:00:00', '1', '2025-2026', 'none', 'lab'),
(7639, 523, 61, 20, 70, 'Wednesday', '13:00:00', '16:00:00', '1', '2025-2026', 'none', 'lab'),
(7640, 830, 63, 20, 70, 'Friday', '08:00:00', '11:00:00', '1', '2025-2026', 'none', 'lab'),
(7641, 885, 58, 20, 70, 'Friday', '13:00:00', '15:40:00', '1', '2025-2026', 'none', 'lab'),
(7642, 521, 91, 19, 70, 'Tuesday', '08:00:00', '09:00:00', '1', '2025-2026', 'none', 'lecture'),
(7643, 521, 91, 19, 70, 'Thursday', '08:00:00', '09:00:00', '1', '2025-2026', 'none', 'lecture'),
(7644, 515, 58, 21, 70, 'Tuesday', '09:10:00', '10:10:00', '1', '2025-2026', 'none', 'lecture'),
(7645, 515, 58, 18, 70, 'Thursday', '09:10:00', '10:10:00', '1', '2025-2026', 'none', 'lecture'),
(7646, 517, 62, 21, 70, 'Tuesday', '10:20:00', '11:20:00', '1', '2025-2026', 'none', 'lecture'),
(7647, 517, 62, 18, 70, 'Thursday', '10:20:00', '11:20:00', '1', '2025-2026', 'none', 'lecture'),
(7648, 519, 92, 21, 70, 'Tuesday', '13:00:00', '14:00:00', '1', '2025-2026', 'none', 'lecture'),
(7649, 519, 92, 18, 70, 'Thursday', '13:00:00', '14:00:00', '1', '2025-2026', 'none', 'lecture'),
(7650, 522, 61, 18, 70, 'Tuesday', '14:10:00', '15:10:00', '1', '2025-2026', 'none', 'lecture'),
(7651, 522, 61, 21, 70, 'Thursday', '14:10:00', '15:10:00', '1', '2025-2026', 'none', 'lecture'),
(7652, 829, 63, 18, 70, 'Tuesday', '15:20:00', '16:20:00', '1', '2025-2026', 'none', 'lecture'),
(7653, 829, 63, 19, 70, 'Thursday', '15:20:00', '16:20:00', '1', '2025-2026', 'none', 'lecture'),
(7654, 516, 58, 20, 71, 'Tuesday', '13:00:00', '16:00:00', '1', '2025-2026', 'none', 'lab'),
(7655, 518, 62, 20, 71, 'Thursday', '13:00:00', '16:00:00', '1', '2025-2026', 'none', 'lab'),
(7656, 520, 92, 20, 71, 'Tuesday', '08:00:00', '11:00:00', '1', '2025-2026', 'none', 'lab'),
(7657, 523, 61, 20, 71, 'Thursday', '08:00:00', '11:00:00', '1', '2025-2026', 'none', 'lab'),
(7658, 521, 91, 21, 71, 'Monday', '08:00:00', '09:00:00', '1', '2025-2026', 'none', 'lecture'),
(7659, 521, 91, 19, 71, 'Wednesday', '08:00:00', '09:00:00', '1', '2025-2026', 'none', 'lecture'),
(7660, 521, 91, 21, 71, 'Friday', '08:00:00', '09:00:00', '1', '2025-2026', 'none', 'lecture'),
(7661, 515, 58, 19, 71, 'Monday', '13:00:00', '14:00:00', '1', '2025-2026', 'none', 'lecture'),
(7662, 515, 58, 19, 71, 'Wednesday', '09:10:00', '10:10:00', '1', '2025-2026', 'none', 'lecture'),
(7663, 517, 62, 19, 71, 'Monday', '09:10:00', '10:10:00', '1', '2025-2026', 'none', 'lecture'),
(7664, 517, 62, 21, 71, 'Wednesday', '10:20:00', '11:20:00', '1', '2025-2026', 'none', 'lecture'),
(7665, 519, 92, 19, 71, 'Monday', '10:20:00', '11:20:00', '1', '2025-2026', 'none', 'lecture'),
(7666, 519, 92, 21, 71, 'Wednesday', '13:00:00', '14:00:00', '1', '2025-2026', 'none', 'lecture'),
(7667, 522, 61, 19, 71, 'Monday', '14:10:00', '15:10:00', '1', '2025-2026', 'none', 'lecture'),
(7668, 522, 61, 18, 71, 'Friday', '09:10:00', '10:10:00', '1', '2025-2026', 'none', 'lecture'),
(7669, 829, 63, 21, 71, 'Monday', '15:20:00', '16:20:00', '1', '2025-2026', 'none', 'lecture'),
(7670, 829, 63, 18, 71, 'Wednesday', '14:10:00', '15:10:00', '1', '2025-2026', 'none', 'lecture'),
(7671, 833, 28, 17, 84, 'Monday', '08:00:00', '09:00:00', '1', '2025-2026', 'none', 'lecture'),
(7672, 833, 28, 35, 84, 'Wednesday', '08:00:00', '09:00:00', '1', '2025-2026', 'none', 'lecture'),
(7673, 833, 28, 35, 84, 'Friday', '08:00:00', '09:00:00', '1', '2025-2026', 'none', 'lecture'),
(7674, 521, 91, 18, 102, 'Monday', '09:10:00', '10:10:00', '1', '2025-2026', 'none', 'lecture'),
(7675, 521, 91, 19, 102, 'Wednesday', '10:20:00', '11:20:00', '1', '2025-2026', 'none', 'lecture'),
(7676, 521, 91, 19, 102, 'Friday', '09:10:00', '10:10:00', '1', '2025-2026', 'none', 'lecture'),
(7677, 515, 58, 19, 102, 'Monday', '15:20:00', '16:20:00', '1', '2025-2026', 'none', 'lecture'),
(7678, 515, 58, 19, 102, 'Wednesday', '13:00:00', '14:00:00', '1', '2025-2026', 'none', 'lecture'),
(7679, 517, 62, 18, 102, 'Monday', '08:00:00', '09:00:00', '1', '2025-2026', 'none', 'lecture'),
(7680, 517, 62, 18, 102, 'Wednesday', '08:00:00', '09:00:00', '1', '2025-2026', 'none', 'lecture'),
(7681, 519, 92, 21, 102, 'Monday', '13:00:00', '14:00:00', '1', '2025-2026', 'none', 'lecture'),
(7682, 519, 92, 18, 102, 'Wednesday', '15:20:00', '16:20:00', '1', '2025-2026', 'none', 'lecture'),
(7683, 522, 61, 18, 102, 'Monday', '10:20:00', '11:20:00', '1', '2025-2026', 'none', 'lecture'),
(7684, 522, 61, 21, 102, 'Wednesday', '09:10:00', '10:10:00', '1', '2025-2026', 'none', 'lecture'),
(7685, 829, 63, 18, 102, 'Monday', '14:10:00', '15:10:00', '1', '2025-2026', 'none', 'lecture'),
(7686, 829, 63, 21, 102, 'Friday', '13:00:00', '14:00:00', '1', '2025-2026', 'none', 'lecture'),
(7687, 797, 89, 26, 36, 'Monday', '08:00:00', '11:00:00', '1', '2025-2026', 'none', 'lab'),
(7688, 799, 51, 26, 36, 'Monday', '13:00:00', '16:00:00', '1', '2025-2026', 'none', 'lab'),
(7689, 801, 50, 26, 36, 'Friday', '08:00:00', '11:00:00', '1', '2025-2026', 'none', 'lab'),
(7690, 803, 57, 27, 36, 'Wednesday', '08:00:00', '11:00:00', '1', '2025-2026', 'none', 'lab'),
(7691, 805, 56, 26, 36, 'Wednesday', '13:00:00', '16:00:00', '1', '2025-2026', 'none', 'lab'),
(7692, 807, 55, 29, 36, 'Friday', '13:00:00', '16:00:00', '1', '2025-2026', 'none', 'lab'),
(7693, 809, 54, 29, 36, 'Tuesday', '08:00:00', '11:00:00', '1', '2025-2026', 'none', 'lab'),
(7694, 798, 51, 24, 36, 'Tuesday', '13:00:00', '14:00:00', '1', '2025-2026', 'none', 'lecture'),
(7695, 798, 51, 22, 36, 'Thursday', '08:00:00', '09:00:00', '1', '2025-2026', 'none', 'lecture'),
(7696, 800, 50, 23, 36, 'Tuesday', '14:10:00', '15:10:00', '1', '2025-2026', 'none', 'lecture'),
(7697, 800, 50, 23, 36, 'Thursday', '09:10:00', '10:10:00', '1', '2025-2026', 'none', 'lecture'),
(7698, 802, 57, 23, 36, 'Tuesday', '15:20:00', '16:20:00', '1', '2025-2026', 'none', 'lecture'),
(7699, 802, 57, 25, 36, 'Thursday', '10:20:00', '11:20:00', '1', '2025-2026', 'none', 'lecture'),
(7700, 804, 56, 24, 36, 'Thursday', '13:00:00', '14:00:00', '1', '2025-2026', 'none', 'lecture'),
(7701, 806, 55, 25, 36, 'Thursday', '14:10:00', '15:10:00', '1', '2025-2026', 'none', 'lecture'),
(7702, 808, 54, 23, 36, 'Thursday', '15:20:00', '16:20:00', '1', '2025-2026', 'none', 'lecture'),
(7703, 797, 89, 28, 37, 'Monday', '13:00:00', '16:00:00', '1', '2025-2026', 'none', 'lab'),
(7704, 799, 51, 28, 37, 'Monday', '08:00:00', '11:00:00', '1', '2025-2026', 'none', 'lab'),
(7705, 801, 50, 26, 37, 'Thursday', '13:00:00', '16:00:00', '1', '2025-2026', 'none', 'lab'),
(7706, 803, 57, 27, 37, 'Wednesday', '13:00:00', '16:00:00', '1', '2025-2026', 'none', 'lab'),
(7707, 805, 56, 29, 37, 'Wednesday', '08:00:00', '11:00:00', '1', '2025-2026', 'none', 'lab'),
(7708, 807, 55, 27, 37, 'Friday', '08:00:00', '11:00:00', '1', '2025-2026', 'none', 'lab'),
(7709, 809, 54, 28, 37, 'Friday', '13:00:00', '16:00:00', '1', '2025-2026', 'none', 'lab'),
(7710, 798, 51, 22, 37, 'Tuesday', '10:20:00', '11:20:00', '1', '2025-2026', 'none', 'lecture'),
(7711, 798, 51, 23, 37, 'Thursday', '10:20:00', '11:20:00', '1', '2025-2026', 'none', 'lecture'),
(7712, 800, 50, 25, 37, 'Tuesday', '08:00:00', '09:00:00', '1', '2025-2026', 'none', 'lecture'),
(7713, 800, 50, 24, 37, 'Thursday', '08:00:00', '09:00:00', '1', '2025-2026', 'none', 'lecture'),
(7714, 802, 57, 25, 37, 'Tuesday', '13:00:00', '14:00:00', '1', '2025-2026', 'none', 'lecture'),
(7715, 802, 57, 22, 37, 'Thursday', '09:10:00', '10:10:00', '1', '2025-2026', 'none', 'lecture'),
(7716, 804, 56, 25, 37, 'Tuesday', '14:10:00', '15:10:00', '1', '2025-2026', 'none', 'lecture'),
(7717, 806, 55, 22, 37, 'Tuesday', '09:10:00', '10:10:00', '1', '2025-2026', 'none', 'lecture'),
(7718, 808, 54, 24, 37, 'Tuesday', '15:20:00', '16:20:00', '1', '2025-2026', 'none', 'lecture'),
(7719, 797, 89, 28, 38, 'Wednesday', '13:00:00', '16:00:00', '1', '2025-2026', 'none', 'lab'),
(7720, 799, 51, 27, 38, 'Friday', '13:00:00', '16:00:00', '1', '2025-2026', 'none', 'lab'),
(7721, 803, 57, 29, 38, 'Friday', '08:00:00', '11:00:00', '1', '2025-2026', 'none', 'lab'),
(7722, 805, 56, 27, 38, 'Tuesday', '08:00:00', '11:00:00', '1', '2025-2026', 'none', 'lab'),
(7723, 807, 55, 26, 38, 'Wednesday', '08:00:00', '11:00:00', '1', '2025-2026', 'none', 'lab'),
(7724, 809, 54, 29, 38, 'Thursday', '08:00:00', '11:00:00', '1', '2025-2026', 'none', 'lab'),
(7725, 798, 51, 24, 38, 'Tuesday', '14:10:00', '15:10:00', '1', '2025-2026', 'none', 'lecture'),
(7726, 798, 51, 22, 38, 'Thursday', '13:00:00', '14:00:00', '1', '2025-2026', 'none', 'lecture'),
(7727, 800, 50, 23, 38, 'Monday', '08:00:00', '09:00:00', '1', '2025-2026', 'none', 'lecture'),
(7728, 800, 50, 25, 38, 'Tuesday', '15:20:00', '16:20:00', '1', '2025-2026', 'none', 'lecture'),
(7729, 802, 57, 22, 38, 'Monday', '09:10:00', '10:10:00', '1', '2025-2026', 'none', 'lecture'),
(7730, 802, 57, 22, 38, 'Thursday', '14:10:00', '15:10:00', '1', '2025-2026', 'none', 'lecture'),
(7731, 804, 56, 23, 38, 'Monday', '10:20:00', '11:20:00', '1', '2025-2026', 'none', 'lecture'),
(7732, 804, 56, 23, 38, 'Tuesday', '13:00:00', '14:00:00', '1', '2025-2026', 'none', 'lecture'),
(7733, 806, 55, 22, 38, 'Monday', '13:00:00', '14:00:00', '1', '2025-2026', 'none', 'lecture'),
(7734, 806, 55, 22, 38, 'Thursday', '15:20:00', '16:20:00', '1', '2025-2026', 'none', 'lecture'),
(7735, 808, 54, 23, 38, 'Monday', '14:10:00', '15:10:00', '1', '2025-2026', 'none', 'lecture'),
(7736, 484, 87, 18, 63, 'Monday', '13:00:00', '14:00:00', '1', '2025-2026', 'none', 'lecture'),
(7737, 484, 87, 19, 63, 'Wednesday', '14:10:00', '15:10:00', '1', '2025-2026', 'none', 'lecture'),
(7738, 484, 87, 21, 63, 'Friday', '09:10:00', '10:10:00', '1', '2025-2026', 'none', 'lecture'),
(7739, 490, 63, 19, 63, 'Monday', '08:00:00', '09:00:00', '1', '2025-2026', 'none', 'lecture'),
(7740, 490, 63, 18, 63, 'Wednesday', '09:10:00', '10:10:00', '1', '2025-2026', 'none', 'lecture'),
(7741, 490, 63, 19, 63, 'Friday', '14:10:00', '15:10:00', '1', '2025-2026', 'none', 'lecture'),
(7742, 485, 62, 21, 63, 'Monday', '10:20:00', '11:20:00', '1', '2025-2026', 'none', 'lecture'),
(7743, 485, 62, 21, 63, 'Wednesday', '15:20:00', '16:20:00', '1', '2025-2026', 'none', 'lecture'),
(7744, 487, 86, 21, 63, 'Monday', '09:10:00', '10:10:00', '1', '2025-2026', 'none', 'lecture'),
(7745, 487, 86, 18, 63, 'Wednesday', '10:20:00', '11:20:00', '1', '2025-2026', 'none', 'lecture'),
(7746, 489, 63, 21, 63, 'Wednesday', '08:00:00', '09:00:00', '1', '2025-2026', 'none', 'lecture'),
(7747, 489, 63, 21, 63, 'Friday', '15:20:00', '16:20:00', '1', '2025-2026', 'none', 'lecture'),
(7748, 491, 59, 21, 63, 'Monday', '14:10:00', '15:10:00', '1', '2025-2026', 'none', 'lecture'),
(7749, 491, 59, 18, 63, 'Wednesday', '13:00:00', '14:00:00', '1', '2025-2026', 'none', 'lecture'),
(7750, 493, 66, 18, 63, 'Monday', '15:20:00', '16:20:00', '1', '2025-2026', 'none', 'lecture'),
(7751, 493, 66, 19, 63, 'Friday', '08:00:00', '09:00:00', '1', '2025-2026', 'none', 'lecture'),
(7752, 495, 66, 21, 63, 'Friday', '10:20:00', '11:20:00', '1', '2025-2026', 'none', 'lecture'),
(7753, 495, 66, 19, 63, 'Tuesday', '09:10:00', '10:10:00', '1', '2025-2026', 'none', 'lecture'),
(7754, 484, 87, 19, 64, 'Wednesday', '15:20:00', '16:20:00', '1', '2025-2026', 'none', 'lecture'),
(7755, 484, 87, 18, 64, 'Friday', '08:00:00', '09:00:00', '1', '2025-2026', 'none', 'lecture'),
(7756, 484, 87, 19, 64, 'Tuesday', '10:20:00', '11:20:00', '1', '2025-2026', 'none', 'lecture'),
(7757, 490, 63, 21, 64, 'Tuesday', '08:00:00', '09:00:00', '1', '2025-2026', 'none', 'lecture'),
(7758, 490, 63, 21, 64, 'Thursday', '08:00:00', '09:00:00', '1', '2025-2026', 'none', 'lecture'),
(7759, 485, 62, 21, 64, 'Wednesday', '14:10:00', '15:10:00', '1', '2025-2026', 'none', 'lecture'),
(7760, 485, 62, 19, 64, 'Friday', '10:20:00', '11:20:00', '1', '2025-2026', 'none', 'lecture'),
(7761, 487, 86, 18, 64, 'Friday', '13:00:00', '14:00:00', '1', '2025-2026', 'none', 'lecture'),
(7762, 487, 86, 21, 64, 'Tuesday', '14:10:00', '15:10:00', '1', '2025-2026', 'none', 'lecture'),
(7763, 489, 63, 19, 64, 'Tuesday', '13:00:00', '14:00:00', '1', '2025-2026', 'none', 'lecture'),
(7764, 489, 63, 18, 64, 'Thursday', '14:10:00', '15:10:00', '1', '2025-2026', 'none', 'lecture'),
(7765, 491, 59, 18, 64, 'Friday', '14:10:00', '15:10:00', '1', '2025-2026', 'none', 'lecture'),
(7766, 491, 59, 19, 64, 'Tuesday', '15:20:00', '16:20:00', '1', '2025-2026', 'none', 'lecture'),
(7767, 493, 66, 18, 64, 'Friday', '15:20:00', '16:20:00', '1', '2025-2026', 'none', 'lecture'),
(7768, 493, 66, 18, 64, 'Thursday', '15:20:00', '16:20:00', '1', '2025-2026', 'none', 'lecture'),
(7769, 495, 66, 19, 64, 'Thursday', '09:10:00', '10:10:00', '1', '2025-2026', 'none', 'lecture'),
(7770, 484, 87, 19, 66, 'Friday', '13:00:00', '14:00:00', '1', '2025-2026', 'none', 'lecture'),
(7771, 484, 87, 21, 66, 'Tuesday', '15:20:00', '16:20:00', '1', '2025-2026', 'none', 'lecture'),
(7772, 484, 87, 18, 66, 'Thursday', '08:00:00', '09:00:00', '1', '2025-2026', 'none', 'lecture'),
(7773, 490, 63, 19, 66, 'Tuesday', '14:10:00', '15:10:00', '1', '2025-2026', 'none', 'lecture'),
(7774, 490, 63, 19, 66, 'Thursday', '10:20:00', '11:20:00', '1', '2025-2026', 'none', 'lecture'),
(7775, 485, 62, 19, 66, 'Friday', '15:20:00', '16:20:00', '1', '2025-2026', 'none', 'lecture'),
(7776, 485, 62, 18, 66, 'Tuesday', '08:00:00', '09:00:00', '1', '2025-2026', 'none', 'lecture'),
(7777, 487, 86, 18, 66, 'Friday', '10:20:00', '11:20:00', '1', '2025-2026', 'none', 'lecture'),
(7778, 487, 86, 18, 66, 'Tuesday', '09:10:00', '10:10:00', '1', '2025-2026', 'none', 'lecture'),
(7779, 489, 63, 18, 66, 'Tuesday', '10:20:00', '11:20:00', '1', '2025-2026', 'none', 'lecture'),
(7780, 489, 63, 21, 66, 'Thursday', '09:10:00', '10:10:00', '1', '2025-2026', 'none', 'lecture'),
(7781, 491, 59, 18, 66, 'Tuesday', '13:00:00', '14:00:00', '1', '2025-2026', 'none', 'lecture'),
(7782, 491, 59, 19, 66, 'Thursday', '13:00:00', '14:00:00', '1', '2025-2026', 'none', 'lecture'),
(7783, 493, 66, 21, 66, 'Friday', '14:10:00', '15:10:00', '1', '2025-2026', 'none', 'lecture'),
(7784, 493, 66, 19, 66, 'Thursday', '14:10:00', '15:10:00', '1', '2025-2026', 'none', 'lecture'),
(7785, 722, 27, 17, 80, 'Monday', '13:00:00', '16:00:00', '1', '2025-2026', 'none', 'lab'),
(7786, 715, 37, 34, 80, 'Monday', '08:00:00', '09:00:00', '1', '2025-2026', 'none', 'lecture'),
(7787, 715, 37, 35, 80, 'Wednesday', '09:10:00', '10:10:00', '1', '2025-2026', 'none', 'lecture'),
(7788, 715, 37, 17, 80, 'Friday', '08:00:00', '09:00:00', '1', '2025-2026', 'none', 'lecture'),
(7789, 716, 36, 16, 80, 'Monday', '09:10:00', '10:10:00', '1', '2025-2026', 'none', 'lecture'),
(7790, 716, 36, 35, 80, 'Wednesday', '10:20:00', '11:20:00', '1', '2025-2026', 'none', 'lecture'),
(7791, 716, 36, 34, 80, 'Friday', '09:10:00', '10:10:00', '1', '2025-2026', 'none', 'lecture'),
(7792, 739, 33, 35, 80, 'Monday', '10:20:00', '11:20:00', '1', '2025-2026', 'none', 'lecture'),
(7793, 739, 33, 34, 80, 'Wednesday', '08:00:00', '09:00:00', '1', '2025-2026', 'none', 'lecture'),
(7794, 739, 33, 34, 80, 'Friday', '10:20:00', '11:20:00', '1', '2025-2026', 'none', 'lecture'),
(7795, 740, 39, 35, 80, 'Wednesday', '13:00:00', '14:00:00', '1', '2025-2026', 'none', 'lecture'),
(7796, 740, 39, 16, 80, 'Friday', '13:00:00', '14:00:00', '1', '2025-2026', 'none', 'lecture'),
(7797, 740, 39, 16, 80, 'Tuesday', '08:00:00', '09:00:00', '1', '2025-2026', 'none', 'lecture'),
(7798, 741, 31, 35, 80, 'Wednesday', '14:10:00', '15:10:00', '1', '2025-2026', 'none', 'lecture'),
(7799, 741, 31, 34, 80, 'Friday', '14:10:00', '15:10:00', '1', '2025-2026', 'none', 'lecture'),
(7800, 741, 31, 34, 80, 'Tuesday', '09:10:00', '10:10:00', '1', '2025-2026', 'none', 'lecture'),
(7801, 742, 39, 17, 80, 'Wednesday', '15:20:00', '16:20:00', '1', '2025-2026', 'none', 'lecture'),
(7802, 742, 39, 16, 80, 'Friday', '15:20:00', '16:20:00', '1', '2025-2026', 'none', 'lecture'),
(7803, 742, 39, 34, 80, 'Tuesday', '10:20:00', '11:20:00', '1', '2025-2026', 'none', 'lecture'),
(7804, 743, 32, 35, 80, 'Tuesday', '13:00:00', '14:00:00', '1', '2025-2026', 'none', 'lecture'),
(7805, 743, 32, 34, 80, 'Thursday', '08:00:00', '09:00:00', '1', '2025-2026', 'none', 'lecture'),
(7806, 744, 95, 35, 80, 'Tuesday', '14:10:00', '15:10:00', '1', '2025-2026', 'none', 'lecture'),
(7807, 744, 95, 16, 80, 'Thursday', '09:10:00', '10:10:00', '1', '2025-2026', 'none', 'lecture'),
(7808, 721, 27, 16, 80, 'Tuesday', '15:20:00', '16:20:00', '1', '2025-2026', 'none', 'lecture'),
(7809, 722, 27, 16, 81, 'Wednesday', '08:00:00', '11:00:00', '1', '2025-2026', 'none', 'lab'),
(7810, 715, 37, 16, 81, 'Monday', '10:20:00', '11:20:00', '1', '2025-2026', 'none', 'lecture'),
(7811, 715, 37, 35, 81, 'Wednesday', '15:20:00', '16:20:00', '1', '2025-2026', 'none', 'lecture'),
(7812, 715, 37, 35, 81, 'Friday', '09:10:00', '10:10:00', '1', '2025-2026', 'none', 'lecture'),
(7813, 716, 36, 34, 81, 'Monday', '13:00:00', '14:00:00', '1', '2025-2026', 'none', 'lecture'),
(7814, 716, 36, 34, 81, 'Wednesday', '13:00:00', '14:00:00', '1', '2025-2026', 'none', 'lecture'),
(7815, 716, 36, 16, 81, 'Friday', '08:00:00', '09:00:00', '1', '2025-2026', 'none', 'lecture'),
(7816, 717, 28, 17, 81, 'Monday', '09:10:00', '10:10:00', '1', '2025-2026', 'none', 'lecture'),
(7817, 717, 28, 16, 81, 'Wednesday', '14:10:00', '15:10:00', '1', '2025-2026', 'none', 'lecture'),
(7818, 717, 28, 35, 81, 'Friday', '10:20:00', '11:20:00', '1', '2025-2026', 'none', 'lecture'),
(7819, 718, 27, 16, 81, 'Monday', '08:00:00', '09:00:00', '1', '2025-2026', 'none', 'lecture'),
(7820, 718, 27, 35, 81, 'Friday', '13:00:00', '14:00:00', '1', '2025-2026', 'none', 'lecture'),
(7821, 718, 27, 35, 81, 'Tuesday', '08:00:00', '09:00:00', '1', '2025-2026', 'none', 'lecture'),
(7822, 719, 28, 34, 81, 'Monday', '14:10:00', '15:10:00', '1', '2025-2026', 'none', 'lecture'),
(7823, 719, 28, 35, 81, 'Friday', '14:10:00', '15:10:00', '1', '2025-2026', 'none', 'lecture'),
(7824, 719, 28, 16, 81, 'Tuesday', '09:10:00', '10:10:00', '1', '2025-2026', 'none', 'lecture'),
(7825, 720, 27, 17, 81, 'Friday', '15:20:00', '16:20:00', '1', '2025-2026', 'none', 'lecture'),
(7826, 720, 27, 35, 81, 'Tuesday', '10:20:00', '11:20:00', '1', '2025-2026', 'none', 'lecture'),
(7827, 720, 27, 35, 81, 'Thursday', '08:00:00', '09:00:00', '1', '2025-2026', 'none', 'lecture'),
(7828, 832, 21, 16, 81, 'Monday', '15:20:00', '16:20:00', '1', '2025-2026', 'none', 'lecture'),
(7829, 832, 21, 34, 81, 'Tuesday', '13:00:00', '14:00:00', '1', '2025-2026', 'none', 'lecture'),
(7830, 832, 21, 17, 81, 'Thursday', '09:10:00', '10:10:00', '1', '2025-2026', 'none', 'lecture'),
(7831, 721, 27, 16, 81, 'Tuesday', '14:10:00', '15:10:00', '1', '2025-2026', 'none', 'lecture'),
(7832, 635, 27, 30, 91, 'Wednesday', '13:00:00', '16:00:00', '1', '2025-2026', 'none', 'lab'),
(7833, 687, 44, 30, 91, 'Monday', '08:00:00', '11:00:00', '1', '2025-2026', 'none', 'lab'),
(7834, 835, 45, 30, 91, 'Monday', '13:00:00', '16:00:00', '1', '2025-2026', 'none', 'lab'),
(7835, 624, 48, 32, 91, 'Wednesday', '08:00:00', '09:00:00', '1', '2025-2026', 'none', 'lecture'),
(7836, 624, 48, 31, 91, 'Friday', '08:00:00', '09:00:00', '1', '2025-2026', 'none', 'lecture'),
(7837, 624, 48, 32, 91, 'Tuesday', '08:00:00', '09:00:00', '1', '2025-2026', 'none', 'lecture'),
(7838, 625, 37, 32, 91, 'Wednesday', '10:20:00', '11:20:00', '1', '2025-2026', 'none', 'lecture'),
(7839, 625, 37, 32, 91, 'Friday', '10:20:00', '11:20:00', '1', '2025-2026', 'none', 'lecture'),
(7840, 625, 37, 31, 91, 'Tuesday', '09:10:00', '10:10:00', '1', '2025-2026', 'none', 'lecture'),
(7841, 626, 48, 31, 91, 'Wednesday', '09:10:00', '10:10:00', '1', '2025-2026', 'none', 'lecture'),
(7842, 626, 48, 33, 91, 'Friday', '09:10:00', '10:10:00', '1', '2025-2026', 'none', 'lecture'),
(7843, 626, 48, 32, 91, 'Tuesday', '10:20:00', '11:20:00', '1', '2025-2026', 'none', 'lecture'),
(7844, 631, 44, 33, 91, 'Friday', '13:00:00', '14:00:00', '1', '2025-2026', 'none', 'lecture'),
(7845, 631, 44, 31, 91, 'Tuesday', '13:00:00', '14:00:00', '1', '2025-2026', 'none', 'lecture'),
(7846, 631, 44, 33, 91, 'Thursday', '08:00:00', '09:00:00', '1', '2025-2026', 'none', 'lecture'),
(7847, 632, 86, 33, 91, 'Friday', '14:10:00', '15:10:00', '1', '2025-2026', 'none', 'lecture'),
(7848, 632, 86, 31, 91, 'Tuesday', '15:20:00', '16:20:00', '1', '2025-2026', 'none', 'lecture'),
(7849, 632, 86, 33, 91, 'Thursday', '09:10:00', '10:10:00', '1', '2025-2026', 'none', 'lecture'),
(7850, 633, 45, 33, 91, 'Friday', '15:20:00', '16:20:00', '1', '2025-2026', 'none', 'lecture'),
(7851, 633, 45, 31, 91, 'Tuesday', '14:10:00', '15:10:00', '1', '2025-2026', 'none', 'lecture'),
(7852, 633, 45, 31, 91, 'Thursday', '10:20:00', '11:20:00', '1', '2025-2026', 'none', 'lecture'),
(7853, 834, 45, 32, 91, 'Thursday', '13:00:00', '14:00:00', '1', '2025-2026', 'none', 'lecture'),
(7854, 686, 44, 31, 91, 'Thursday', '14:10:00', '15:10:00', '1', '2025-2026', 'none', 'lecture'),
(7855, 634, 27, 33, 91, 'Thursday', '15:20:00', '16:20:00', '1', '2025-2026', 'none', 'lecture'),
(7856, 635, 27, 30, 93, 'Friday', '08:00:00', '11:00:00', '1', '2025-2026', 'none', 'lab'),
(7857, 664, 47, 30, 93, 'Wednesday', '08:00:00', '11:00:00', '1', '2025-2026', 'none', 'lab'),
(7858, 666, 46, 30, 93, 'Friday', '13:00:00', '16:00:00', '1', '2025-2026', 'none', 'lab'),
(7859, 687, 44, 30, 93, 'Tuesday', '08:00:00', '11:00:00', '1', '2025-2026', 'none', 'lab'),
(7860, 624, 48, 32, 93, 'Monday', '08:00:00', '09:00:00', '1', '2025-2026', 'none', 'lecture'),
(7861, 624, 48, 33, 93, 'Wednesday', '13:00:00', '14:00:00', '1', '2025-2026', 'none', 'lecture'),
(7862, 624, 48, 33, 93, 'Tuesday', '13:00:00', '14:00:00', '1', '2025-2026', 'none', 'lecture'),
(7863, 625, 37, 32, 93, 'Monday', '09:10:00', '10:10:00', '1', '2025-2026', 'none', 'lecture'),
(7864, 625, 37, 32, 93, 'Wednesday', '14:10:00', '15:10:00', '1', '2025-2026', 'none', 'lecture'),
(7865, 625, 37, 33, 93, 'Tuesday', '14:10:00', '15:10:00', '1', '2025-2026', 'none', 'lecture'),
(7866, 626, 48, 31, 93, 'Monday', '10:20:00', '11:20:00', '1', '2025-2026', 'none', 'lecture'),
(7867, 626, 48, 32, 93, 'Wednesday', '15:20:00', '16:20:00', '1', '2025-2026', 'none', 'lecture'),
(7868, 626, 48, 32, 93, 'Tuesday', '15:20:00', '16:20:00', '1', '2025-2026', 'none', 'lecture'),
(7869, 631, 44, 33, 93, 'Monday', '13:00:00', '14:00:00', '1', '2025-2026', 'none', 'lecture'),
(7870, 631, 44, 31, 93, 'Thursday', '09:10:00', '10:10:00', '1', '2025-2026', 'none', 'lecture'),
(7871, 632, 86, 31, 93, 'Monday', '14:10:00', '15:10:00', '1', '2025-2026', 'none', 'lecture'),
(7872, 632, 86, 31, 93, 'Thursday', '08:00:00', '09:00:00', '1', '2025-2026', 'none', 'lecture'),
(7873, 633, 45, 31, 93, 'Thursday', '15:20:00', '16:20:00', '1', '2025-2026', 'none', 'lecture'),
(7874, 663, 47, 31, 93, 'Monday', '15:20:00', '16:20:00', '1', '2025-2026', 'none', 'lecture'),
(7875, 663, 47, 33, 93, 'Thursday', '10:20:00', '11:20:00', '1', '2025-2026', 'none', 'lecture'),
(7876, 665, 46, 33, 93, 'Thursday', '13:00:00', '14:00:00', '1', '2025-2026', 'none', 'lecture'),
(7877, 634, 27, 33, 93, 'Thursday', '14:10:00', '15:10:00', '1', '2025-2026', 'none', 'lecture'),
(7878, 772, 96, 28, 30, 'Friday', '08:00:00', '11:00:00', '1', '2025-2026', 'none', 'lab'),
(7879, 775, 55, 29, 30, 'Tuesday', '13:00:00', '16:00:00', '1', '2025-2026', 'none', 'lab'),
(7880, 777, 88, 28, 30, 'Tuesday', '08:00:00', '11:00:00', '1', '2025-2026', 'none', 'lab'),
(7881, 779, 80, 26, 30, 'Friday', '13:00:00', '16:00:00', '1', '2025-2026', 'none', 'lab'),
(7882, 773, 38, 24, 30, 'Monday', '08:00:00', '09:00:00', '1', '2025-2026', 'none', 'lecture'),
(7883, 773, 38, 24, 30, 'Wednesday', '08:00:00', '09:00:00', '1', '2025-2026', 'none', 'lecture'),
(7884, 773, 38, 23, 30, 'Thursday', '08:00:00', '09:00:00', '1', '2025-2026', 'none', 'lecture'),
(7885, 780, 36, 22, 30, 'Monday', '10:20:00', '11:20:00', '1', '2025-2026', 'none', 'lecture'),
(7886, 780, 36, 24, 30, 'Wednesday', '14:10:00', '15:10:00', '1', '2025-2026', 'none', 'lecture'),
(7887, 780, 36, 22, 30, 'Thursday', '10:20:00', '11:20:00', '1', '2025-2026', 'none', 'lecture'),
(7888, 856, 69, 24, 30, 'Monday', '09:10:00', '10:10:00', '1', '2025-2026', 'none', 'lecture'),
(7889, 856, 69, 23, 30, 'Wednesday', '09:10:00', '10:10:00', '1', '2025-2026', 'none', 'lecture'),
(7890, 856, 69, 25, 30, 'Thursday', '09:10:00', '10:10:00', '1', '2025-2026', 'none', 'lecture'),
(7891, 774, 55, 24, 30, 'Monday', '14:10:00', '15:10:00', '1', '2025-2026', 'none', 'lecture'),
(7892, 774, 55, 24, 30, 'Wednesday', '13:00:00', '14:00:00', '1', '2025-2026', 'none', 'lecture'),
(7893, 776, 88, 24, 30, 'Thursday', '14:10:00', '15:10:00', '1', '2025-2026', 'none', 'lecture'),
(7894, 778, 80, 22, 30, 'Monday', '15:20:00', '16:20:00', '1', '2025-2026', 'none', 'lecture'),
(7895, 778, 80, 23, 30, 'Wednesday', '10:20:00', '11:20:00', '1', '2025-2026', 'none', 'lecture'),
(7896, 771, 96, 24, 30, 'Monday', '13:00:00', '14:00:00', '1', '2025-2026', 'none', 'lecture'),
(7897, 772, 96, 27, 31, 'Tuesday', '13:00:00', '16:00:00', '1', '2025-2026', 'none', 'lab'),
(7898, 775, 55, 26, 31, 'Thursday', '08:00:00', '11:00:00', '1', '2025-2026', 'none', 'lab'),
(7899, 779, 80, 26, 31, 'Tuesday', '08:00:00', '11:00:00', '1', '2025-2026', 'none', 'lab'),
(7900, 773, 38, 24, 31, 'Monday', '10:20:00', '11:20:00', '1', '2025-2026', 'none', 'lecture'),
(7901, 773, 38, 25, 31, 'Wednesday', '09:10:00', '10:10:00', '1', '2025-2026', 'none', 'lecture'),
(7902, 773, 38, 25, 31, 'Friday', '13:00:00', '14:00:00', '1', '2025-2026', 'none', 'lecture'),
(7903, 780, 36, 24, 31, 'Monday', '15:20:00', '16:20:00', '1', '2025-2026', 'none', 'lecture'),
(7904, 780, 36, 24, 31, 'Wednesday', '15:20:00', '16:20:00', '1', '2025-2026', 'none', 'lecture'),
(7905, 780, 36, 23, 31, 'Friday', '10:20:00', '11:20:00', '1', '2025-2026', 'none', 'lecture'),
(7906, 856, 69, 25, 31, 'Monday', '08:00:00', '09:00:00', '1', '2025-2026', 'none', 'lecture'),
(7907, 856, 69, 25, 31, 'Wednesday', '08:00:00', '09:00:00', '1', '2025-2026', 'none', 'lecture'),
(7908, 856, 69, 24, 31, 'Friday', '08:00:00', '09:00:00', '1', '2025-2026', 'none', 'lecture'),
(7909, 774, 55, 25, 31, 'Monday', '09:10:00', '10:10:00', '1', '2025-2026', 'none', 'lecture'),
(7910, 774, 55, 25, 31, 'Wednesday', '14:10:00', '15:10:00', '1', '2025-2026', 'none', 'lecture'),
(7911, 776, 88, 23, 31, 'Wednesday', '13:00:00', '14:00:00', '1', '2025-2026', 'none', 'lecture'),
(7912, 776, 88, 25, 31, 'Friday', '15:20:00', '16:20:00', '1', '2025-2026', 'none', 'lecture'),
(7913, 778, 80, 25, 31, 'Monday', '13:00:00', '14:00:00', '1', '2025-2026', 'none', 'lecture'),
(7914, 778, 80, 24, 31, 'Friday', '09:10:00', '10:10:00', '1', '2025-2026', 'none', 'lecture'),
(7915, 771, 96, 25, 31, 'Monday', '14:10:00', '15:10:00', '1', '2025-2026', 'none', 'lecture'),
(7916, 772, 96, 27, 32, 'Thursday', '08:00:00', '11:00:00', '1', '2025-2026', 'none', 'lab'),
(7917, 777, 88, 26, 32, 'Tuesday', '13:00:00', '16:00:00', '1', '2025-2026', 'none', 'lab'),
(7918, 779, 80, 27, 32, 'Thursday', '13:00:00', '16:00:00', '1', '2025-2026', 'none', 'lab'),
(7919, 773, 38, 25, 32, 'Monday', '15:20:00', '16:20:00', '1', '2025-2026', 'none', 'lecture'),
(7920, 773, 38, 24, 32, 'Wednesday', '10:20:00', '11:20:00', '1', '2025-2026', 'none', 'lecture'),
(7921, 773, 38, 22, 32, 'Friday', '09:10:00', '10:10:00', '1', '2025-2026', 'none', 'lecture'),
(7922, 780, 36, 22, 32, 'Monday', '08:00:00', '09:00:00', '1', '2025-2026', 'none', 'lecture'),
(7923, 780, 36, 22, 32, 'Wednesday', '08:00:00', '09:00:00', '1', '2025-2026', 'none', 'lecture'),
(7924, 780, 36, 24, 32, 'Friday', '14:10:00', '15:10:00', '1', '2025-2026', 'none', 'lecture'),
(7925, 856, 69, 22, 32, 'Monday', '14:10:00', '15:10:00', '1', '2025-2026', 'none', 'lecture'),
(7926, 856, 69, 22, 32, 'Wednesday', '13:00:00', '14:00:00', '1', '2025-2026', 'none', 'lecture'),
(7927, 856, 69, 24, 32, 'Friday', '10:20:00', '11:20:00', '1', '2025-2026', 'none', 'lecture'),
(7928, 774, 55, 25, 32, 'Monday', '10:20:00', '11:20:00', '1', '2025-2026', 'none', 'lecture'),
(7929, 774, 55, 25, 32, 'Wednesday', '15:20:00', '16:20:00', '1', '2025-2026', 'none', 'lecture'),
(7930, 776, 88, 22, 32, 'Wednesday', '09:10:00', '10:10:00', '1', '2025-2026', 'none', 'lecture'),
(7931, 776, 88, 23, 32, 'Friday', '08:00:00', '09:00:00', '1', '2025-2026', 'none', 'lecture'),
(7932, 778, 80, 23, 32, 'Monday', '09:10:00', '10:10:00', '1', '2025-2026', 'none', 'lecture'),
(7933, 778, 80, 22, 32, 'Wednesday', '14:10:00', '15:10:00', '1', '2025-2026', 'none', 'lecture'),
(7934, 771, 96, 23, 32, 'Friday', '13:00:00', '14:00:00', '1', '2025-2026', 'none', 'lecture'),
(7935, 401, 68, 21, 57, 'Thursday', '10:20:00', '11:20:00', '1', '2025-2026', 'none', 'lecture'),
(7936, 402, 68, 21, 57, 'Thursday', '13:00:00', '14:00:00', '1', '2025-2026', 'none', 'lecture'),
(7937, 880, 95, 21, 57, 'Thursday', '15:20:00', '16:20:00', '1', '2025-2026', 'none', 'lecture'),
(7938, 706, 47, 17, 76, 'Tuesday', '08:00:00', '11:00:00', '1', '2025-2026', 'none', 'lab'),
(7939, 698, 37, 34, 76, 'Monday', '15:20:00', '16:20:00', '1', '2025-2026', 'none', 'lecture'),
(7940, 698, 37, 17, 76, 'Wednesday', '08:00:00', '09:00:00', '1', '2025-2026', 'none', 'lecture'),
(7941, 698, 37, 35, 76, 'Friday', '15:20:00', '16:20:00', '1', '2025-2026', 'none', 'lecture'),
(7942, 700, 37, 16, 76, 'Monday', '13:00:00', '14:00:00', '1', '2025-2026', 'none', 'lecture'),
(7943, 700, 37, 16, 76, 'Wednesday', '13:00:00', '14:00:00', '1', '2025-2026', 'none', 'lecture'),
(7944, 700, 37, 17, 76, 'Friday', '13:00:00', '14:00:00', '1', '2025-2026', 'none', 'lecture'),
(7945, 701, 27, 35, 76, 'Monday', '09:10:00', '10:10:00', '1', '2025-2026', 'none', 'lecture'),
(7946, 701, 27, 17, 76, 'Friday', '14:10:00', '15:10:00', '1', '2025-2026', 'none', 'lecture'),
(7947, 701, 27, 16, 76, 'Tuesday', '13:00:00', '14:00:00', '1', '2025-2026', 'none', 'lecture'),
(7948, 702, 21, 34, 76, 'Monday', '10:20:00', '11:20:00', '1', '2025-2026', 'none', 'lecture'),
(7949, 702, 21, 34, 76, 'Wednesday', '09:10:00', '10:10:00', '1', '2025-2026', 'none', 'lecture'),
(7950, 702, 21, 34, 76, 'Friday', '08:00:00', '09:00:00', '1', '2025-2026', 'none', 'lecture'),
(7951, 703, 26, 35, 76, 'Monday', '08:00:00', '09:00:00', '1', '2025-2026', 'none', 'lecture'),
(7952, 703, 26, 34, 76, 'Wednesday', '10:20:00', '11:20:00', '1', '2025-2026', 'none', 'lecture'),
(7953, 703, 26, 17, 76, 'Friday', '09:10:00', '10:10:00', '1', '2025-2026', 'none', 'lecture'),
(7954, 704, 26, 16, 76, 'Monday', '14:10:00', '15:10:00', '1', '2025-2026', 'none', 'lecture'),
(7955, 704, 26, 16, 76, 'Wednesday', '15:20:00', '16:20:00', '1', '2025-2026', 'none', 'lecture'),
(7956, 704, 26, 16, 76, 'Friday', '10:20:00', '11:20:00', '1', '2025-2026', 'none', 'lecture'),
(7957, 841, 21, 34, 76, 'Wednesday', '14:10:00', '15:10:00', '1', '2025-2026', 'none', 'lecture'),
(7958, 841, 21, 34, 76, 'Tuesday', '14:10:00', '15:10:00', '1', '2025-2026', 'none', 'lecture'),
(7959, 841, 21, 35, 76, 'Thursday', '10:20:00', '11:20:00', '1', '2025-2026', 'none', 'lecture'),
(7960, 705, 47, 34, 76, 'Tuesday', '15:20:00', '16:20:00', '1', '2025-2026', 'none', 'lecture'),
(7961, 598, 21, 33, 87, 'Monday', '08:00:00', '09:00:00', '1', '2025-2026', 'none', 'lecture'),
(7962, 598, 21, 32, 87, 'Wednesday', '13:00:00', '14:00:00', '1', '2025-2026', 'none', 'lecture'),
(7963, 598, 21, 32, 87, 'Friday', '09:10:00', '10:10:00', '1', '2025-2026', 'none', 'lecture'),
(7964, 599, 37, 33, 87, 'Monday', '14:10:00', '15:10:00', '1', '2025-2026', 'none', 'lecture'),
(7965, 599, 37, 32, 87, 'Friday', '14:10:00', '15:10:00', '1', '2025-2026', 'none', 'lecture'),
(7966, 599, 37, 31, 87, 'Tuesday', '08:00:00', '09:00:00', '1', '2025-2026', 'none', 'lecture'),
(7967, 600, 44, 32, 87, 'Monday', '15:20:00', '16:20:00', '1', '2025-2026', 'none', 'lecture'),
(7968, 600, 44, 31, 87, 'Wednesday', '08:00:00', '09:00:00', '1', '2025-2026', 'none', 'lecture'),
(7969, 600, 44, 32, 87, 'Friday', '08:00:00', '09:00:00', '1', '2025-2026', 'none', 'lecture'),
(7970, 601, 47, 31, 87, 'Monday', '09:10:00', '10:10:00', '1', '2025-2026', 'none', 'lecture'),
(7971, 601, 47, 33, 87, 'Wednesday', '14:10:00', '15:10:00', '1', '2025-2026', 'none', 'lecture'),
(7972, 601, 47, 33, 87, 'Friday', '10:20:00', '11:20:00', '1', '2025-2026', 'none', 'lecture'),
(7973, 673, 44, 31, 87, 'Wednesday', '10:20:00', '11:20:00', '1', '2025-2026', 'none', 'lecture'),
(7974, 673, 44, 32, 87, 'Friday', '15:20:00', '16:20:00', '1', '2025-2026', 'none', 'lecture'),
(7975, 675, 45, 33, 87, 'Monday', '10:20:00', '11:20:00', '1', '2025-2026', 'none', 'lecture'),
(7976, 675, 45, 32, 87, 'Wednesday', '09:10:00', '10:10:00', '1', '2025-2026', 'none', 'lecture'),
(7977, 677, 44, 31, 87, 'Wednesday', '15:20:00', '16:20:00', '1', '2025-2026', 'none', 'lecture'),
(7978, 677, 44, 32, 87, 'Tuesday', '14:10:00', '15:10:00', '1', '2025-2026', 'none', 'lecture'),
(7979, 608, 44, 33, 87, 'Tuesday', '15:20:00', '16:20:00', '1', '2025-2026', 'none', 'lecture'),
(7980, 651, 47, 30, 89, 'Thursday', '13:00:00', '16:00:00', '1', '2025-2026', 'none', 'lab'),
(7981, 598, 21, 33, 89, 'Monday', '09:10:00', '10:10:00', '1', '2025-2026', 'none', 'lecture'),
(7982, 598, 21, 33, 89, 'Wednesday', '08:00:00', '09:00:00', '1', '2025-2026', 'none', 'lecture'),
(7983, 598, 21, 32, 89, 'Friday', '13:00:00', '14:00:00', '1', '2025-2026', 'none', 'lecture'),
(7984, 599, 37, 31, 89, 'Tuesday', '10:20:00', '11:20:00', '1', '2025-2026', 'none', 'lecture'),
(7985, 599, 37, 32, 89, 'Thursday', '08:00:00', '09:00:00', '1', '2025-2026', 'none', 'lecture'),
(7986, 600, 44, 32, 89, 'Monday', '14:10:00', '15:10:00', '1', '2025-2026', 'none', 'lecture'),
(7987, 600, 44, 31, 89, 'Wednesday', '13:00:00', '14:00:00', '1', '2025-2026', 'none', 'lecture'),
(7988, 600, 44, 31, 89, 'Friday', '09:10:00', '10:10:00', '1', '2025-2026', 'none', 'lecture'),
(7989, 601, 47, 32, 89, 'Monday', '10:20:00', '11:20:00', '1', '2025-2026', 'none', 'lecture'),
(7990, 601, 47, 33, 89, 'Wednesday', '15:20:00', '16:20:00', '1', '2025-2026', 'none', 'lecture'),
(7991, 601, 47, 33, 89, 'Friday', '08:00:00', '09:00:00', '1', '2025-2026', 'none', 'lecture'),
(7992, 650, 47, 32, 89, 'Monday', '13:00:00', '14:00:00', '1', '2025-2026', 'none', 'lecture'),
(7993, 650, 47, 31, 89, 'Friday', '14:10:00', '15:10:00', '1', '2025-2026', 'none', 'lecture'),
(7994, 652, 46, 33, 89, 'Monday', '15:20:00', '16:20:00', '1', '2025-2026', 'none', 'lecture'),
(7995, 652, 46, 31, 89, 'Wednesday', '14:10:00', '15:10:00', '1', '2025-2026', 'none', 'lecture'),
(7996, 653, 44, 33, 89, 'Wednesday', '09:10:00', '10:10:00', '1', '2025-2026', 'none', 'lecture'),
(7997, 653, 44, 31, 89, 'Friday', '10:20:00', '11:20:00', '1', '2025-2026', 'none', 'lecture'),
(7998, 608, 44, 32, 89, 'Thursday', '10:20:00', '11:20:00', '1', '2025-2026', 'none', 'lecture'),
(7999, 698, 37, 17, 99, 'Tuesday', '13:00:00', '14:00:00', '1', '2025-2026', 'none', 'lecture'),
(8000, 698, 37, 34, 99, 'Thursday', '09:10:00', '10:10:00', '1', '2025-2026', 'none', 'lecture'),
(8001, 700, 37, 17, 99, 'Tuesday', '15:20:00', '16:20:00', '1', '2025-2026', 'none', 'lecture'),
(8002, 700, 37, 34, 99, 'Thursday', '10:20:00', '11:20:00', '1', '2025-2026', 'none', 'lecture'),
(8003, 701, 27, 17, 99, 'Monday', '10:20:00', '11:20:00', '1', '2025-2026', 'none', 'lecture'),
(8004, 701, 27, 35, 99, 'Tuesday', '09:10:00', '10:10:00', '1', '2025-2026', 'none', 'lecture'),
(8005, 701, 27, 35, 99, 'Thursday', '13:00:00', '14:00:00', '1', '2025-2026', 'none', 'lecture'),
(8006, 733, 39, 34, 99, 'Monday', '09:10:00', '10:10:00', '1', '2025-2026', 'none', 'lecture'),
(8007, 733, 39, 17, 99, 'Wednesday', '09:10:00', '10:10:00', '1', '2025-2026', 'none', 'lecture'),
(8008, 733, 39, 16, 99, 'Friday', '09:10:00', '10:10:00', '1', '2025-2026', 'none', 'lecture'),
(8009, 734, 29, 35, 99, 'Monday', '13:00:00', '14:00:00', '1', '2025-2026', 'none', 'lecture'),
(8010, 734, 29, 34, 99, 'Wednesday', '15:20:00', '16:20:00', '1', '2025-2026', 'none', 'lecture'),
(8011, 734, 29, 16, 99, 'Friday', '14:10:00', '15:10:00', '1', '2025-2026', 'none', 'lecture'),
(8012, 735, 31, 35, 99, 'Monday', '14:10:00', '15:10:00', '1', '2025-2026', 'none', 'lecture'),
(8013, 735, 31, 17, 99, 'Wednesday', '10:20:00', '11:20:00', '1', '2025-2026', 'none', 'lecture'),
(8014, 735, 31, 34, 99, 'Friday', '13:00:00', '14:00:00', '1', '2025-2026', 'none', 'lecture'),
(8015, 841, 21, 34, 99, 'Friday', '15:20:00', '16:20:00', '1', '2025-2026', 'none', 'lecture'),
(8016, 841, 21, 34, 99, 'Tuesday', '08:00:00', '09:00:00', '1', '2025-2026', 'none', 'lecture'),
(8017, 841, 21, 34, 99, 'Thursday', '14:10:00', '15:10:00', '1', '2025-2026', 'none', 'lecture'),
(8018, 705, 47, 17, 99, 'Wednesday', '13:00:00', '14:00:00', '1', '2025-2026', 'none', 'lecture'),
(8019, 380, 42, 36, 19, 'Monday', '08:00:00', '10:00:00', '1', '2025-2026', 'none', 'pe'),
(8020, 761, 80, 28, 19, 'Tuesday', '13:00:00', '16:00:00', '1', '2025-2026', 'none', 'lab'),
(8021, 763, 56, 28, 19, 'Thursday', '08:00:00', '11:00:00', '1', '2025-2026', 'none', 'lab'),
(8022, 758, 76, 23, 19, 'Monday', '13:00:00', '14:00:00', '1', '2025-2026', 'none', 'lecture'),
(8023, 758, 76, 22, 19, 'Wednesday', '15:20:00', '16:20:00', '1', '2025-2026', 'none', 'lecture'),
(8024, 758, 76, 23, 19, 'Friday', '14:10:00', '15:10:00', '1', '2025-2026', 'none', 'lecture'),
(8025, 759, 87, 23, 19, 'Monday', '15:20:00', '16:20:00', '1', '2025-2026', 'none', 'lecture'),
(8026, 759, 87, 25, 19, 'Wednesday', '10:20:00', '11:20:00', '1', '2025-2026', 'none', 'lecture'),
(8027, 759, 87, 24, 19, 'Friday', '15:20:00', '16:20:00', '1', '2025-2026', 'none', 'lecture'),
(8028, 868, 35, 22, 19, 'Friday', '10:20:00', '11:20:00', '1', '2025-2026', 'none', 'lecture'),
(8029, 868, 35, 25, 19, 'Tuesday', '10:20:00', '11:20:00', '1', '2025-2026', 'none', 'lecture'),
(8030, 868, 35, 25, 19, 'Thursday', '13:00:00', '14:00:00', '1', '2025-2026', 'none', 'lecture'),
(8031, 872, 40, 22, 19, 'Tuesday', '08:00:00', '09:00:00', '1', '2025-2026', 'none', 'lecture'),
(8032, 872, 40, 23, 19, 'Thursday', '14:10:00', '15:10:00', '1', '2025-2026', 'none', 'lecture'),
(8033, 757, 49, 24, 19, 'Tuesday', '09:10:00', '10:10:00', '1', '2025-2026', 'none', 'lecture'),
(8034, 757, 49, 25, 19, 'Thursday', '15:20:00', '16:20:00', '1', '2025-2026', 'none', 'lecture'),
(8035, 380, 42, 36, 21, 'Monday', '13:00:00', '15:00:00', '1', '2025-2026', 'none', 'pe'),
(8036, 758, 76, 23, 21, 'Friday', '15:20:00', '16:20:00', '1', '2025-2026', 'none', 'lecture'),
(8037, 758, 76, 24, 21, 'Tuesday', '08:00:00', '09:00:00', '1', '2025-2026', 'none', 'lecture'),
(8038, 758, 76, 25, 21, 'Thursday', '08:00:00', '09:00:00', '1', '2025-2026', 'none', 'lecture'),
(8039, 759, 87, 22, 21, 'Friday', '14:10:00', '15:10:00', '1', '2025-2026', 'none', 'lecture'),
(8040, 759, 87, 22, 21, 'Tuesday', '13:00:00', '14:00:00', '1', '2025-2026', 'none', 'lecture'),
(8041, 759, 87, 24, 21, 'Thursday', '09:10:00', '10:10:00', '1', '2025-2026', 'none', 'lecture'),
(8042, 868, 35, 22, 21, 'Tuesday', '14:10:00', '15:10:00', '1', '2025-2026', 'none', 'lecture'),
(8043, 868, 35, 24, 21, 'Thursday', '10:20:00', '11:20:00', '1', '2025-2026', 'none', 'lecture'),
(8044, 872, 40, 24, 21, 'Tuesday', '10:20:00', '11:20:00', '1', '2025-2026', 'none', 'lecture'),
(8045, 872, 40, 24, 21, 'Thursday', '15:20:00', '16:20:00', '1', '2025-2026', 'none', 'lecture'),
(8046, 757, 49, 22, 21, 'Tuesday', '15:20:00', '16:20:00', '1', '2025-2026', 'none', 'lecture'),
(8047, 757, 49, 23, 21, 'Thursday', '13:00:00', '14:00:00', '1', '2025-2026', 'none', 'lecture'),
(8048, 380, 42, 36, 23, 'Wednesday', '08:00:00', '10:00:00', '1', '2025-2026', 'none', 'pe'),
(8049, 868, 35, 22, 23, 'Friday', '15:20:00', '16:20:00', '1', '2025-2026', 'none', 'lecture'),
(8050, 380, 42, 36, 25, 'Wednesday', '13:00:00', '15:00:00', '1', '2025-2026', 'none', 'pe'),
(8051, 380, 42, 36, 49, 'Friday', '08:00:00', '10:00:00', '1', '2025-2026', 'none', 'pe'),
(8052, 380, 42, 36, 50, 'Friday', '13:00:00', '15:00:00', '1', '2025-2026', 'none', 'pe'),
(8053, 380, 42, 36, 51, 'Tuesday', '08:00:00', '10:00:00', '1', '2025-2026', 'none', 'pe'),
(8054, 380, 42, 36, 85, 'Tuesday', '13:00:00', '15:00:00', '1', '2025-2026', 'none', 'pe'),
(8055, 594, 26, 31, 85, 'Monday', '13:00:00', '14:00:00', '1', '2025-2026', 'none', 'lecture'),
(8056, 594, 26, 31, 85, 'Friday', '13:00:00', '14:00:00', '1', '2025-2026', 'none', 'lecture'),
(8057, 594, 26, 33, 85, 'Tuesday', '08:00:00', '09:00:00', '1', '2025-2026', 'none', 'lecture'),
(8058, 843, 37, 32, 85, 'Thursday', '14:10:00', '15:10:00', '1', '2025-2026', 'none', 'lecture'),
(8059, 844, 76, 31, 85, 'Monday', '08:00:00', '09:00:00', '1', '2025-2026', 'none', 'lecture'),
(8060, 844, 76, 33, 85, 'Wednesday', '10:20:00', '11:20:00', '1', '2025-2026', 'none', 'lecture'),
(8061, 844, 76, 33, 85, 'Tuesday', '09:10:00', '10:10:00', '1', '2025-2026', 'none', 'lecture'),
(8062, 853, 33, 31, 85, 'Friday', '15:20:00', '16:20:00', '1', '2025-2026', 'none', 'lecture'),
(8063, 853, 33, 33, 85, 'Tuesday', '10:20:00', '11:20:00', '1', '2025-2026', 'none', 'lecture'),
(8064, 853, 33, 31, 85, 'Thursday', '13:00:00', '14:00:00', '1', '2025-2026', 'none', 'lecture'),
(8065, 855, 78, 32, 85, 'Thursday', '09:10:00', '10:10:00', '1', '2025-2026', 'none', 'lecture'),
(8066, 593, 44, 32, 85, 'Thursday', '15:20:00', '16:20:00', '1', '2025-2026', 'none', 'lecture'),
(8067, 380, 42, 36, 74, 'Thursday', '08:00:00', '10:00:00', '1', '2025-2026', 'none', 'pe'),
(8068, 377, 43, 35, 74, 'Monday', '15:20:00', '16:20:00', '1', '2025-2026', 'none', 'lecture'),
(8069, 377, 43, 17, 74, 'Wednesday', '14:10:00', '15:10:00', '1', '2025-2026', 'none', 'lecture'),
(8070, 377, 43, 17, 74, 'Friday', '10:20:00', '11:20:00', '1', '2025-2026', 'none', 'lecture'),
(8071, 378, 31, 35, 74, 'Tuesday', '15:20:00', '16:20:00', '1', '2025-2026', 'none', 'lecture'),
(8072, 378, 31, 17, 74, 'Thursday', '10:20:00', '11:20:00', '1', '2025-2026', 'none', 'lecture'),
(8073, 379, 28, 16, 74, 'Tuesday', '10:20:00', '11:20:00', '1', '2025-2026', 'none', 'lecture'),
(8074, 379, 28, 34, 74, 'Thursday', '13:00:00', '14:00:00', '1', '2025-2026', 'none', 'lecture'),
(8075, 428, 95, 35, 74, 'Thursday', '14:10:00', '15:10:00', '1', '2025-2026', 'none', 'lecture'),
(8076, 595, 42, 35, 74, 'Thursday', '15:20:00', '16:20:00', '1', '2025-2026', 'none', 'lecture'),
(8077, 886, 33, 17, 74, 'Tuesday', '14:10:00', '15:10:00', '1', '2025-2026', 'none', 'lecture');

-- --------------------------------------------------------

--
-- Table structure for table `sections`
--

CREATE TABLE `sections` (
  `id` int(11) NOT NULL,
  `section_name` varchar(50) NOT NULL,
  `year_level` int(11) NOT NULL,
  `semester` enum('1','2','midyear') NOT NULL,
  `academic_year` varchar(9) NOT NULL,
  `student_count` int(11) NOT NULL DEFAULT 0,
  `department` enum('BSIT','BSED_Mathematics','BSED_Social_Studies','BTVTED_Garments','BTVTED_Electronics','BTVTED_Electrical','Diploma_Agricultural_Sciences','BAT_Crops_Production','BSA_Agronomy','General_Education','BTVTED_All','BSED_All') DEFAULT NULL
) ENGINE=InnoDB DEFAULT CHARSET=utf8mb4 COLLATE=utf8mb4_general_ci;

--
-- Dumping data for table `sections`
--

INSERT INTO `sections` (`id`, `section_name`, `year_level`, `semester`, `academic_year`, `student_count`, `department`) VALUES
(19, 'BSIT-1A', 1, '1', '2025-2026', 0, 'BSIT'),
(21, 'BSIT-1B', 1, '1', '2025-2026', 0, 'BSIT'),
(23, 'BSIT-1C', 1, '1', '2025-2026', 0, 'BSIT'),
(25, 'BSIT-1D', 1, '1', '2025-2026', 0, 'BSIT'),
(26, '*BSIT -1A', 1, '2', '2025-2026', 0, 'BSIT'),
(27, '*BSIT -1B', 1, '2', '2025-2026', 0, 'BSIT'),
(28, '*BSIT -1C', 1, '2', '2025-2026', 0, 'BSIT'),
(29, '*BSIT -1D', 1, '2', '2025-2026', 0, 'BSIT'),
(30, 'BSIT-2A', 2, '1', '2025-2026', 0, 'BSIT'),
(31, 'BSIT-2B', 2, '1', '2025-2026', 0, 'BSIT'),
(32, 'BSIT-2C', 2, '1', '2025-2026', 0, 'BSIT'),
(33, '*BSIT -2A', 2, '2', '2025-2026', 0, 'BSIT'),
(34, '*BSIT -2B', 2, '2', '2025-2026', 0, 'BSIT'),
(35, '*BSIT -2C', 2, '2', '2025-2026', 0, 'BSIT'),
(36, 'BSIT-3A', 3, '1', '2025-2026', 0, 'BSIT'),
(37, 'BSIT-3B', 3, '1', '2025-2026', 0, 'BSIT'),
(38, 'BSIT-3C', 3, '1', '2025-2026', 0, 'BSIT'),
(39, '*BSIT -3A', 3, '2', '2025-2026', 0, 'BSIT'),
(40, '*BSIT -3B', 3, '2', '2025-2026', 0, 'BSIT'),
(41, '*BSIT -3C', 3, '2', '2025-2026', 0, 'BSIT'),
(42, 'BSIT-4A', 4, '1', '2025-2026', 0, 'BSIT'),
(43, 'BSIT-4B', 4, '1', '2025-2026', 0, 'BSIT'),
(44, '*BSIT -4A', 4, '2', '2025-2026', 0, 'BSIT'),
(45, '*BSIT -4B', 4, '2', '2025-2026', 0, 'BSIT'),
(46, '^BSIT-2A', 2, 'midyear', '2025-2026', 0, 'BSIT'),
(47, '^BSIT-2B', 2, 'midyear', '2025-2026', 0, 'BSIT'),
(48, '^BSIT-2C', 2, 'midyear', '2025-2026', 0, 'BSIT'),
(49, 'BSA-1A', 1, '1', '2025-2026', 0, 'BSA_Agronomy'),
(50, 'BSA-1B', 1, '1', '2025-2026', 0, 'BSA_Agronomy'),
(51, 'BSA-1C', 1, '1', '2025-2026', 0, 'BSA_Agronomy'),
(53, '*BSA-1A', 1, '2', '2025-2026', 0, 'BSA_Agronomy'),
(54, '*BSA-1B', 1, '2', '2025-2026', 0, 'BSA_Agronomy'),
(55, '*BSA-1C', 1, '2', '2025-2026', 0, 'BSA_Agronomy'),
(57, 'BSA-2A', 2, '1', '2025-2026', 0, 'BSA_Agronomy'),
(58, 'BSA-2B', 2, '1', '2025-2026', 0, 'BSA_Agronomy'),
(59, 'BSA-2C', 2, '1', '2025-2026', 0, 'BSA_Agronomy'),
(60, '*BSA-2A', 2, '2', '2025-2026', 0, 'BSA_Agronomy'),
(61, '*BSA-2B', 2, '2', '2025-2026', 0, 'BSA_Agronomy'),
(62, '*BSA-2C', 2, '2', '2025-2026', 0, 'BSA_Agronomy'),
(63, 'BAT-3A', 3, '1', '2025-2026', 0, 'BAT_Crops_Production'),
(64, 'BAT-3B', 3, '1', '2025-2026', 0, 'BAT_Crops_Production'),
(66, 'BAT-3C', 3, '1', '2025-2026', 0, 'BAT_Crops_Production'),
(67, '*BAT-3A', 3, '2', '2025-2026', 0, 'BAT_Crops_Production'),
(68, '*BAT-3B', 3, '2', '2025-2026', 0, 'BAT_Crops_Production'),
(69, '*BAT-3C', 3, '2', '2025-2026', 0, 'BAT_Crops_Production'),
(70, 'BAT-4A', 4, '1', '2025-2026', 0, 'BAT_Crops_Production'),
(71, 'BAT-4B', 4, '1', '2025-2026', 0, 'BAT_Crops_Production'),
(72, '*BAT-4A', 4, '2', '2025-2026', 0, 'BAT_Crops_Production'),
(73, '*BAT-4B', 4, '2', '2025-2026', 0, 'BAT_Crops_Production'),
(74, 'BSE-1', 1, '1', '2025-2026', 1, 'BSED_All'),
(76, 'BSE 2- Math', 2, '1', '2025-2026', 0, 'BSED_Mathematics'),
(77, '*BSE-1', 1, '2', '2025-2026', 0, 'BSED_All'),
(78, '*BSE 2-Soc Sci', 2, '2', '2025-2026', 0, 'BSED_Social_Studies'),
(79, '*BSE 2-Math', 2, '2', '2025-2026', 0, 'BSED_Mathematics'),
(80, 'BSE 3-Soc Sci', 3, '1', '2025-2026', 0, 'BSED_Social_Studies'),
(81, 'BSE 3-Math', 3, '1', '2025-2026', 0, 'BSED_Mathematics'),
(82, '*BSE 3-Soc Sci', 3, '2', '2025-2026', 0, 'BSED_Social_Studies'),
(83, '*BSE 3-Math', 3, '2', '2025-2026', 0, 'BSED_Mathematics'),
(84, 'BSE 4-Soc Sci/Math', 4, '1', '2025-2026', 0, 'BSED_All'),
(85, 'BTVTEd-1', 1, '1', '2025-2026', 0, 'BTVTED_All'),
(86, '*BTVTEd-1', 1, '2', '2025-2026', 0, 'BTVTED_All'),
(87, 'BTVTEd 2-GFD', 2, '1', '2025-2026', 0, 'BTVTED_Garments'),
(88, '*BTVTEd 2-GFD', 2, '2', '2025-2026', 0, 'BTVTED_Garments'),
(89, 'BTVTEd 2-ET', 2, '1', '2025-2026', 0, 'BTVTED_Electrical'),
(90, '*BTVTEd 2-ET', 2, '2', '2025-2026', 0, 'BTVTED_Electrical'),
(91, 'BTVTEd 3-GFD', 3, '1', '2025-2026', 0, 'BTVTED_Garments'),
(92, '*BTVTEd 3-GFD', 3, '2', '2025-2026', 0, 'BTVTED_Garments'),
(93, 'BTVTEd 3-ET', 3, '1', '2025-2026', 0, 'BTVTED_Electrical'),
(94, '*BTVTEd 3-ET', 3, '2', '2025-2026', 0, 'BTVTED_Electrical'),
(96, '*BTVTEd-4', 4, '2', '2025-2026', 0, 'BTVTED_All'),
(98, 'BTVTEd-4A', 4, '1', '2025-2026', 0, 'BTVTED_All'),
(99, 'BSE-2-Soc Sci', 2, '1', '2025-2026', 0, 'BSED_Social_Studies'),
(100, 'BSA-2D', 2, '1', '2025-2026', 0, 'BSA_Agronomy'),
(101, '*BSA -2D', 2, '2', '2025-2026', 0, 'BSA_Agronomy'),
(102, 'BAT-4C', 4, '1', '2025-2026', 0, 'BAT_Crops_Production'),
(103, '*BAT-4C', 4, '2', '2025-2026', 0, 'BAT_Crops_Production');

-- --------------------------------------------------------

--
-- Table structure for table `subjects`
--

CREATE TABLE `subjects` (
  `id` int(11) NOT NULL,
  `subject_code` varchar(50) NOT NULL,
  `subject_name` varchar(100) NOT NULL,
  `semester` enum('1','2','midyear') NOT NULL,
  `year_level` int(11) NOT NULL,
  `subject_type` enum('lecture','lab','pe') NOT NULL DEFAULT 'lecture',
  `minutes_per_week` int(11) NOT NULL DEFAULT 60,
  `units` int(11) NOT NULL DEFAULT 1,
  `department` enum('BSIT','BSED_Mathematics','BSED_Social_Studies','BTVTED_Garments','BTVTED_Electronics','BTVTED_Electrical','Diploma_Agricultural_Sciences','BAT_Crops_Production','BSA_Agronomy','General_Education','BTVTED_All','BSED_All') DEFAULT NULL
) ENGINE=InnoDB DEFAULT CHARSET=utf8mb4 COLLATE=utf8mb4_general_ci;

--
-- Dumping data for table `subjects`
--

INSERT INTO `subjects` (`id`, `subject_code`, `subject_name`, `semester`, `year_level`, `subject_type`, `minutes_per_week`, `units`, `department`) VALUES
(368, 'Agri 111', 'Introduction to Agriculture', '1', 1, 'lecture', 180, 3, 'BSA_Agronomy'),
(369, 'Agri 112', 'Principles of Soil Science', '1', 1, 'lecture', 120, 3, 'BSA_Agronomy'),
(370, '*Agri 112', '*Principles of Soil Science', '1', 1, 'lab', 180, 3, 'BSA_Agronomy'),
(371, 'Agri 113', 'Principles of Crop Protection', '1', 1, 'lecture', 120, 3, 'BSA_Agronomy'),
(372, '*Agri 113', '*Principles of Crop Protection', '1', 1, 'lab', 180, 3, 'BSA_Agronomy'),
(373, 'Agri 114', 'Organic Chemistry', '1', 1, 'lecture', 120, 3, 'BSA_Agronomy'),
(374, '*Agri 114', '*Organic Chemistry', '1', 1, 'lab', 180, 3, 'BSA_Agronomy'),
(375, 'Agri 115', 'Principles of Agricultural Entrepreneurship and Enterprise Development', '1', 1, 'lecture', 180, 3, 'BSA_Agronomy'),
(376, '*Agri 115', '*Principles of Agricultural Entrepreneurship and Enterprise Development', '1', 1, 'lab', 120, 3, 'BSA_Agronomy'),
(377, 'GEC 1', 'Understanding the Self', '1', 1, 'lecture', 180, 3, 'BSED_All'),
(378, 'GEC 2', 'Readings in the Philippine History', '1', 1, 'lecture', 180, 3, 'BSED_All'),
(379, 'GEC 3', 'Mathematics in the Modern World', '1', 1, 'lecture', 180, 3, 'BSED_All'),
(380, 'PE 1', 'Physical Activity Towards Health Fitness 1 (Movement Patterns)', '1', 1, 'pe', 120, 2, 'General_Education'),
(381, 'Agri 121', 'Principles of Crop Production', '2', 1, 'lecture', 120, 3, 'BSA_Agronomy'),
(382, '*Agri 121', '*Principles of Crop Production', '2', 1, 'lab', 180, 3, 'BSA_Agronomy'),
(383, 'Agri 122', 'Introduction to Animal Science', '2', 1, 'lecture', 120, 3, 'BSA_Agronomy'),
(384, '*Agri 122', '*Introduction to Animal Science', '2', 1, 'lab', 180, 3, 'BSA_Agronomy'),
(385, 'Agri 123', 'Approaches and Practices in Pest Management', '2', 1, 'lecture', 120, 3, 'BSA_Agronomy'),
(386, '*Agri 123', '*Approaches and Practices in Pest Management', '2', 1, 'lab', 180, 3, 'BSA_Agronomy'),
(387, 'Agri 124', 'Soil Fertility, Conservation and Management', '2', 1, 'lecture', 120, 3, 'BSA_Agronomy'),
(388, '*Agri 124', '*Soil Fertility, Conservation and Management', '2', 1, 'lab', 180, 3, 'BSA_Agronomy'),
(389, 'Agri Inst 1', 'Climate Change and DRRM', '2', 1, 'lecture', 120, 2, 'BSA_Agronomy'),
(390, 'GEC 4', 'Purposive Communication', '2', 1, 'lecture', 180, 3, 'BSED_All'),
(391, 'GEC 5', 'Art Appreciation', '2', 1, 'lecture', 180, 3, 'BSED_All'),
(392, 'PE 2', 'Physical Activity Towards Health Fitness 2 (Exercise-Based Program)', '2', 1, 'pe', 120, 2, 'General_Education'),
(393, 'Agri 211', 'Introduction to Livestock and Poultry Production', '1', 2, 'lecture', 120, 3, 'BSA_Agronomy'),
(394, '*Agri 211', '*Introduction to Livestock and Poultry Production', '1', 2, 'lab', 180, 3, 'BSA_Agronomy'),
(395, 'Agri 212', 'Principles of Genetics and Plant Breeding', '1', 2, 'lecture', 120, 3, 'BSA_Agronomy'),
(396, '*Agri 212', '*Principles of Genetics and Plant Breeding', '1', 2, 'lab', 180, 3, 'BSA_Agronomy'),
(397, 'Agri 213', 'Practices of Crop Science and Management', '1', 2, 'lecture', 120, 3, 'BSA_Agronomy'),
(398, '*Agri 213', '*Practices of Crop Science and Management', '1', 2, 'lab', 180, 3, 'BSA_Agronomy'),
(399, 'Agri 214', 'Methods of Agricultural Research', '1', 2, 'lecture', 120, 3, 'BSA_Agronomy'),
(400, '*Agri 214', '*Methods of Agricultural Research', '1', 2, 'lab', 180, 3, 'BSA_Agronomy'),
(401, 'Agri 215', 'Principles of Agricultural Extension and Communication', '1', 2, 'lecture', 180, 3, 'BSA_Agronomy'),
(402, 'Agri 216', 'Intro to Organic Agriculture', '1', 2, 'lecture', 180, 3, 'BSA_Agronomy'),
(403, 'Agri Inst 2', 'Creative and Critical Thinking', '1', 2, 'lecture', 60, 2, 'BSA_Agronomy'),
(404, '*Agri Inst 2', '*Creative and Critical Thinking', '1', 2, 'lab', 180, 2, 'BSA_Agronomy'),
(405, 'GEC 8', 'The Contemporary World', '2', 1, 'lecture', 180, 3, 'BSED_All'),
(406, 'PE 3', 'Physical Activity Towards Health Fitness 3 (Dance, Sports, Group Exercise, and Outdoor Adventure Act', '1', 2, 'pe', 120, 2, 'General_Education'),
(407, 'Agri 221', 'General Biochemistry', '2', 2, 'lecture', 120, 3, 'BSA_Agronomy'),
(408, '*Agri 221', '*General Biochemistry', '2', 2, 'lab', 180, 3, 'BSA_Agronomy'),
(409, 'Agri 222', 'Basic Farm Machineries, Mechanization and Water Management', '2', 2, 'lecture', 120, 3, 'BSA_Agronomy'),
(410, '*Agri 222', '*Basic Farm Machineries, Mechanization and Water Management', '2', 2, 'lab', 180, 3, 'BSA_Agronomy'),
(411, 'Agri 223', 'Natural Resource and Environmental Management', '2', 2, 'lecture', 180, 3, 'BSA_Agronomy'),
(412, 'Agri 224', 'Technical Writing', '2', 2, 'lecture', 180, 3, 'BSA_Agronomy'),
(413, 'Agri GE Elec 1', 'Agricultural Economics and Marketing', '2', 2, 'lecture', 180, 3, 'BSA_Agronomy'),
(414, 'GE Elec Agri 3', 'Multicultural Education', '2', 2, 'lecture', 180, 3, 'BSA_Agronomy'),
(415, 'PE 4', 'Physical Activity Towards Health Fitness IV (Dance, Sports, Group Exercise, Outdoor Adventure Activi', '2', 2, 'pe', 120, 2, 'General_Education'),
(427, 'GEC 6', 'Science, Technology and Society', '2', 1, 'lecture', 180, 3, 'BSED_All'),
(428, 'GEC 7', 'Ethics', '1', 1, 'lecture', 180, 3, 'BSED_All'),
(484, 'GE Elec Agritech 2', 'Foreign Language 1 (Mandarin/Nihonggo) ', '1', 3, 'lecture', 180, 3, 'BAT_Crops_Production'),
(485, 'Agritech 311', 'Farm Power, Tractors, and Engine', '1', 3, 'lecture', 120, 3, 'BAT_Crops_Production'),
(486, '*Agritech 311', '*Farm Power, Tractors, and Engine', '1', 3, 'lab', 180, 3, 'BAT_Crops_Production'),
(487, 'Agritech 312', 'Crop Improvement and Seed Technology', '1', 3, 'lecture', 120, 3, 'BAT_Crops_Production'),
(488, '*Agritech 312', '*Crop Improvement and Seed Technology', '1', 3, 'lab', 180, 3, 'BAT_Crops_Production'),
(489, 'Agritech 313', 'Agricultural Business Finance and Project Development', '1', 3, 'lecture', 120, 3, 'BAT_Crops_Production'),
(490, '*Agritech 313', '*Agricultural Business Finance and Project Development', '1', 3, 'lecture', 180, 3, 'BAT_Crops_Production'),
(491, 'Agritech 314', 'Feeds and Feeding', '1', 3, 'lecture', 120, 3, 'BAT_Crops_Production'),
(492, '*Agritech 314', '*Feeds and Feeding', '1', 3, 'lab', 180, 3, 'BAT_Crops_Production'),
(493, 'Agritech 315', 'Food Processing of Agricultural Products', '1', 3, 'lecture', 120, 3, 'BAT_Crops_Production'),
(494, '*Agritech 315', '*Food Processing of Agricultural Products', '1', 3, 'lab', 180, 3, 'BAT_Crops_Production'),
(495, 'Agritech CPT 311', 'Floriculture and Landscaping', '1', 3, 'lecture', 120, 3, 'BAT_Crops_Production'),
(496, '*Agritech CPT 311', '*Floriculture and Landscaping', '1', 3, 'lab', 180, 3, 'BAT_Crops_Production'),
(497, 'Agritech 321', 'Animal Breeding', '2', 3, 'lecture', 120, 3, 'BAT_Crops_Production'),
(498, '*Agritech 321', '*Animal Breeding', '2', 3, 'lab', 180, 3, 'BAT_Crops_Production'),
(499, 'Agritech 322', 'Farming Sytems', '2', 3, 'lecture', 120, 3, 'BAT_Crops_Production'),
(500, '*Agritech 322', '*Farming Sytems', '2', 3, 'lab', 180, 3, 'BAT_Crops_Production'),
(501, 'Agritech 323', 'Agricultural Economic and Marketing', '2', 3, 'lecture', 180, 3, 'BAT_Crops_Production'),
(502, 'Agritech 324', 'Soil Fertility and Conservation Management', '2', 3, 'lecture', 120, 3, 'BAT_Crops_Production'),
(503, '*Agritech 324', '*Soil Fertility and Conservation Management', '2', 3, 'lab', 180, 3, 'BAT_Crops_Production'),
(504, 'Agritech 325', 'Farm Electrification', '2', 3, 'lecture', 120, 3, 'BAT_Crops_Production'),
(505, '*Agritech 325', '*Farm Electrification', '2', 3, 'lab', 180, 3, 'BAT_Crops_Production'),
(506, 'Agritech 326', 'Agricultural Extension and Communication', '2', 3, 'lecture', 180, 3, 'BAT_Crops_Production'),
(507, 'Agritech 327', 'Animal Healthcare and Management', '2', 3, 'lecture', 120, 3, 'BAT_Crops_Production'),
(508, '*Agritech 327', '*Animal Healthcare and Management', '2', 3, 'lab', 180, 3, 'BAT_Crops_Production'),
(509, 'Agritech CPT 321', 'Cereals and Grains Production', '2', 3, 'lecture', 120, 3, 'BAT_Crops_Production'),
(510, '*Agritech CPT 321', '*Cereals and Grains Production', '2', 3, 'lab', 180, 3, 'BAT_Crops_Production'),
(511, 'Agritech CPT 331', 'Organic Crop Production', 'midyear', 3, 'lecture', 120, 3, 'BAT_Crops_Production'),
(512, '*Agritech CPT 331', '*Organic Crop Production', 'midyear', 3, 'lab', 180, 3, 'BAT_Crops_Production'),
(513, 'Agritech CPT 332', 'Orchard and Plantation Crop Production', 'midyear', 3, 'lecture', 120, 3, 'BAT_Crops_Production'),
(514, '*Agritech CPT 332', '*Orchard and Plantation Crop Production', 'midyear', 3, 'lab', 180, 3, 'BAT_Crops_Production'),
(515, 'Agritech 411', 'Fundamentals of Crop Protection', '1', 4, 'lecture', 120, 3, 'BAT_Crops_Production'),
(516, '*Agritech 411', '*Fundamentals of Crop Protection', '1', 4, 'lab', 180, 3, 'BAT_Crops_Production'),
(517, 'Agritech 412', 'Farm Structures', '1', 4, 'lecture', 120, 3, 'BAT_Crops_Production'),
(518, '*Agritech 412', '*Farm Structures', '1', 4, 'lab', 180, 3, 'BAT_Crops_Production'),
(519, 'Agritech 413', 'Plant Propagation and Nursery Management', '1', 4, 'lecture', 120, 3, 'BAT_Crops_Production'),
(520, '*Agritech 413', '*Plant Propagation and Nursery Management', '1', 4, 'lab', 180, 3, 'BAT_Crops_Production'),
(521, 'Agritech 414', 'Community Organizing and Rural Development', '1', 4, 'lecture', 180, 3, 'BAT_Crops_Production'),
(522, 'Agritech CPT 412', 'Industrial Crops Protection', '1', 4, 'lecture', 120, 3, 'BAT_Crops_Production'),
(523, '*Agritech CPT 412', '*Industrial Crops Protection', '1', 4, 'lab', 180, 3, 'BAT_Crops_Production'),
(524, 'Agritech Inst 3', 'Climate Change and Disaster Risk Management', '2', 4, 'lecture', 120, 2, 'BAT_Crops_Production'),
(525, 'Agritech Inst 4', 'Data Science Analytics', '2', 4, 'lecture', 60, 2, 'BAT_Crops_Production'),
(526, '*Agritech Inst 4', '*Data Science Analytics', '2', 4, 'lab', 180, 2, 'BAT_Crops_Production'),
(527, 'GE Elec Agritech 3', 'Living in the IT Era', '2', 4, 'lecture', 180, 3, 'BAT_Crops_Production'),
(528, 'Agritech 422', 'Applied Crop Protection Technologies', '2', 4, 'lecture', 120, 3, 'BAT_Crops_Production'),
(529, '*Agritech 422', '*Applied Crop Protection Technologies', '2', 4, 'lab', 180, 3, 'BAT_Crops_Production'),
(530, 'Agritech CPT 422', 'Processing of Durable and Perishable Crops', '2', 4, 'lecture', 120, 3, 'BAT_Crops_Production'),
(531, '*Agritech CPT 422', '*Processing of Durable and Perishable Crops', '2', 4, 'lab', 180, 3, 'BAT_Crops_Production'),
(532, 'Agritech CPT 421', 'Root Crops Production', '2', 4, 'lecture', 120, 3, 'BAT_Crops_Production'),
(533, '*Agritech CPT 421', '*Root Crops Production', '2', 4, 'lab', 180, 3, 'BAT_Crops_Production'),
(593, 'TVTEd Inst 1', 'Climate Change and Disaster Risk Management', '1', 1, 'lecture', 120, 2, 'BTVTED_All'),
(594, 'TVTEd GE Elec 1', 'Math, Science and Technology (Environmental)', '1', 1, 'lecture', 180, 3, 'BTVTED_All'),
(595, 'TVTEd GE Elec 2', 'Arts and Humanities (Philippine Popular Culture)', '1', 1, 'lecture', 180, 3, 'BSED_All'),
(596, 'TVTEd GE ELECT 3 ', 'Social Sciences and Philosophy (Religions, Religious, Experiences and Spirituality)', '2', 1, 'lecture', 180, 3, 'BTVTED_All'),
(597, 'TVTEd PROF 121', 'The Child and Adolescent Learner and Learning Principles', '2', 1, 'lecture', 180, 3, 'BTVTED_All'),
(598, 'TVTED PROF 212', 'Assessment in Learning 1', '1', 2, 'lecture', 180, 3, 'BTVTED_All'),
(599, 'TVTEd PROF 213', 'The Teaching Profession', '1', 2, 'lecture', 180, 3, 'BTVTED_All'),
(600, 'TVTEd PROF 214', 'Facilitating Learner-Centered Teaching: the Learner - Centered Approaches with Emphasis on Trainers ', '1', 2, 'lecture', 180, 3, 'BTVTED_All'),
(601, 'TVTEd PROF 215', 'The Andragogy of Learning Including Principles of Trainers Methodology l', '1', 2, 'lecture', 180, 3, 'BTVTED_All'),
(602, 'TVTEd ELX 211', 'Occupational Health and Safety Practices', '1', 2, 'lecture', 120, 3, 'BTVTED_Electronics'),
(603, '*TVTEd ELX 211', '*Occupational Health and Safety Practices', '1', 2, 'lab', 180, 3, 'BTVTED_Electronics'),
(604, 'TVTEd ELX 212', 'Basic Electronics', '1', 2, 'lecture', 120, 3, 'BTVTED_Electronics'),
(605, '*TVTEd ELX 212', '*Basic Electronics', '1', 2, 'lab', 180, 3, 'BTVTED_Electronics'),
(606, 'TVTEd ELX 213', 'Digital Electronics', '1', 2, 'lecture', 120, 3, 'BTVTED_Electronics'),
(607, '*TVTEd ELX 213', '*Digital Electronics', '1', 2, 'lab', 180, 3, 'BTVTED_Electronics'),
(608, 'TVTEd Inst 2', 'Creative and Critical Thinking', '1', 2, 'lecture', 60, 2, 'BTVTED_All'),
(609, '*TVTEd Inst 2', '*Creative and Critical Thinking', '1', 2, 'lab', 180, 2, 'BTVTED_All'),
(610, 'TVTEd PROF 226', 'Technology for Teaching and Learing 2', '2', 2, 'lecture', 180, 3, 'BSED_All'),
(611, 'TVTEd PROF 227', 'Assessment in Learning 2 with focus on Trainers Methodology l and ll', '2', 2, 'lecture', 180, 3, 'BTVTED_All'),
(612, 'TVTEd PROF 228', 'The Teacher and the Community, School Culture and Organizational Leadership with focus on the Philip', '2', 2, 'lecture', 180, 3, 'BTVTED_All'),
(613, 'TVTEd PROF 229', 'Foundation of Special and Inclusive Education', '2', 2, 'lecture', 180, 3, 'BTVTED_All'),
(614, 'TVTEd ELX 224', 'Power Electronics', '2', 2, 'lecture', 120, 3, 'BTVTED_Electronics'),
(615, '*TVTEd ELX 224', '*Power Electronics', '2', 2, 'lab', 180, 3, 'BTVTED_Electronics'),
(616, 'TVTEd ELX 225', 'Electronically Controlled Domestic Household Repair', '2', 2, 'lecture', 120, 3, 'BTVTED_Electronics'),
(617, '*TVTEd ELX 225', '*Electronically Controlled Domestic Household Repair', '2', 2, 'lab', 180, 3, 'BTVTED_Electronics'),
(618, 'TVTEd TLE - IC 221', 'Introduction to Industrial Arts (IA) ', '2', 2, 'lecture', 180, 3, 'BTVTED_All'),
(619, 'TVTEd TLE - IC 222', 'Entrepreneurship', '2', 2, 'lecture', 180, 3, 'BTVTED_All'),
(620, 'TVTEd ELX 226', 'Video System and Maintenance', 'midyear', 2, 'lecture', 120, 3, 'BTVTED_Electronics'),
(621, '*TVTEd ELX 226', '*Video System and Maintenance', 'midyear', 2, 'lab', 180, 3, 'BTVTED_Electronics'),
(622, 'TVTEd ELX 227', 'Instrumentation Process and Control', 'midyear', 2, 'lecture', 120, 3, 'BTVTED_Electronics'),
(623, '*TVTEd ELX 227', '*Instrumentation Process and Control', 'midyear', 2, 'lab', 180, 3, 'BTVTED_Electronics'),
(624, 'TVTEd PROF 310', 'Curriculum Development and Evaluation with Emphasis on Trainers Methodology ll', '1', 3, 'lecture', 180, 3, 'BTVTED_All'),
(625, 'TVTEd PROF 311', 'Building and Enhancing New Literacies Across the Curriculum with Emphasis on the 21st Century Skills', '1', 3, 'lecture', 180, 3, 'BTVTED_All'),
(626, 'TVTEd PROF 312', 'Work-based Learning with Emphasis on Trainers Methodology', '1', 3, 'lecture', 180, 3, 'BTVTED_All'),
(627, 'TVTEd ELX 318', 'Audio - System and Maintenance', '1', 3, 'lecture', 120, 3, 'BTVTED_Electronics'),
(628, '*TVTEd ELX 318', '*Audio - Sytem and Maintenance', '1', 3, 'lab', 180, 3, 'BTVTED_Electronics'),
(629, 'TVTEd ELX 319', 'Cellular Phone Repair and Maintenance ', '1', 3, 'lecture', 120, 3, 'BTVTED_Electronics'),
(630, '*TVTEd ELX 319', '*Cellular Phone Repair and Maintenance ', '1', 3, 'lab', 180, 3, 'BTVTED_Electronics'),
(631, 'TVTEd TLE IC 313', 'Teaching Information and Communication Technology (ICT) as an Exploratory Course', '1', 3, 'lecture', 180, 3, 'BTVTED_All'),
(632, 'TVTEd TLE IC 314', 'Introduction to Agri - Fishery Arts (AFA)', '1', 3, 'lecture', 180, 3, 'BTVTED_All'),
(633, 'TVTEd TLE IC 315', 'Home Economics (HE) Literacy', '1', 3, 'lecture', 180, 3, 'BTVTED_All'),
(634, 'TVTED INST 3', 'Data Sciences Analytics', '1', 3, 'lecture', 60, 2, 'BTVTED_All'),
(635, '*TVTED INST 3', '*Data Science Analytics', '1', 3, 'lab', 180, 2, 'BTVTED_All'),
(636, 'TVTEd ELX 3210', 'Instrumentation Troubleshooting and Maintenance', '2', 3, 'lecture', 120, 3, 'BTVTED_Electronics'),
(637, '*TVTEd ELX 3210', '*Instrumentation Troubleshooting and Maintenance', '2', 3, 'lab', 180, 3, 'BTVTED_Electronics'),
(638, 'TVTEd ELX 3211', 'Industrial Automation and Control Electronics', '2', 3, 'lecture', 120, 3, 'BTVTED_Electronics'),
(639, '*TVTEd ELX 3211', '*Industrial Automation and Control Electronics', '2', 3, 'lab', 180, 3, 'BTVTED_Electronics'),
(640, 'TVTEd TLE IC 326', 'Teaching Common Competencies in Industrial Arts (IA) ', '2', 3, 'lecture', 180, 3, 'BTVTED_All'),
(641, 'TVTEd TLE IC 327', 'Teaching Common Competencies in Information and Communication Technology (ICT) ', '2', 3, 'lecture', 180, 3, 'BTVTED_All'),
(642, 'TVTEd TLE - IC - 328', 'Teaching Common Competencies in Agri-Fishery Arts (AFA) ', '2', 3, 'lecture', 180, 3, 'BTVTED_All'),
(643, 'TVTEd TLE IC 329', 'Teaching Common Competencies in Home Economics (HE) ', '2', 3, 'lecture', 180, 3, 'BTVTED_All'),
(644, 'TVTEd TLE 3210', 'Technology for Teaching and Learning 2', '2', 3, 'lecture', 180, 3, 'BTVTED_All'),
(645, 'TVTEd PROF 3213', 'Technology Research 1 (Methods of Research)', '2', 3, 'lecture', 180, 3, 'BTVTED_All'),
(646, 'TVTEd ELX 3212', 'Fundamentals of Mechatronics', 'midyear', 3, 'lecture', 120, 3, 'BTVTED_Electronics'),
(647, '*TVTEd ELX 3212', '*Fundamentals of Mechatronics', 'midyear', 3, 'lab', 180, 3, 'BTVTED_Electronics'),
(648, 'TVTEd PROF 4115', 'Field Study 1', '1', 4, 'lecture', 180, 3, 'BTVTED_All'),
(649, 'TVTEd PROF 4116', 'Field Study 2', '1', 4, 'lecture', 180, 3, 'BTVTED_All'),
(650, 'TVTEd ET 211', 'Occupational Health and Safety Protocols', '1', 2, 'lecture', 120, 3, 'BTVTED_Electrical'),
(651, '*TVTEd ET 211', '*Occupational Health and Safety Protocols', '1', 2, 'lab', 180, 3, 'BTVTED_Electrical'),
(652, 'TVTEd ET 212', 'Fundamentals of Electricity', '1', 2, 'lecture', 120, 3, 'BTVTED_Electrical'),
(653, 'TVTEd ET 213', 'Electrical and Electronics Devices', '1', 2, 'lecture', 120, 3, 'BTVTED_Electrical'),
(654, '*TVTED ET 213', '*Electrical and Electronics Devices', '1', 2, 'lab', 180, 3, 'BTVTED_Electrical'),
(655, 'TVTEd ET 224', 'Electrical Wiring and Design', '2', 2, 'lecture', 120, 3, 'BTVTED_Electrical'),
(656, '*TVTEd ET 224', '*Electrical Wiring and Design', '2', 2, 'lab', 180, 3, 'BTVTED_Electrical'),
(657, 'TVTEd ET 225', 'Signal Communication System', '2', 2, 'lecture', 120, 3, 'BTVTED_Electrical'),
(658, '*TVTEd ET 225', '*Signal Communication System', '2', 2, 'lab', 180, 3, 'BTVTED_Electrical'),
(659, 'TVTEd ET 226', 'Pneumatic and Hydraulic Application', 'midyear', 2, 'lecture', 120, 3, 'BTVTED_Electrical'),
(660, '*TVTEd ET 226', '*Pneumatic and Hydraulic Application', 'midyear', 2, 'lab', 180, 3, 'BTVTED_Electrical'),
(661, 'TVTEd ET 227', 'Industrial Electronics Circuit and Devices', 'midyear', 2, 'lecture', 120, 3, 'BTVTED_Electrical'),
(662, '*TVTEd ET 227', '*Industrial Electronics Circuit and Devices', 'midyear', 2, 'lab', 180, 3, 'BTVTED_Electrical'),
(663, 'TVTEd ET 318', 'Logic Circuit Controllers', '1', 3, 'lecture', 120, 3, 'BTVTED_Electrical'),
(664, '*TVTEd ET 318', '*Logic Circuit Controllers', '1', 3, 'lab', 180, 3, 'BTVTED_Electrical'),
(665, 'TVTEd ET 319', 'PLC System and Programming', '1', 3, 'lecture', 120, 3, 'BTVTED_Electrical'),
(666, '*TVTEd ET 319', '*PLC System and Programming', '1', 3, 'lab', 180, 3, 'BTVTED_Electrical'),
(667, 'TVTEd ET 3210', 'AC and DC Machine', '2', 3, 'lecture', 120, 3, 'BTVTED_Electrical'),
(668, '*TVTEd ET 3210', '*AC and DC Machine', '2', 3, 'lab', 180, 3, 'BTVTED_Electrical'),
(669, 'TVTEd ET 3211', 'Industrial Process/ Motor Controller', '2', 3, 'lecture', 120, 3, 'BTVTED_Electrical'),
(670, '*TVTEd ET 3211', '*Industrial Process/ Motor Controller', '2', 3, 'lab', 180, 3, 'BTVTED_Electrical'),
(671, 'TVTEd ET 3212', 'Automation Control System', 'midyear', 3, 'lecture', 120, 3, 'BTVTED_Electrical'),
(672, '*TVTEd ET 3212', 'Automation*Control System', 'midyear', 3, 'lab', 180, 3, 'BTVTED_Electrical'),
(673, 'TVTEd GFD 211', 'Occupational Health and Safety Practices ', '1', 2, 'lecture', 120, 3, 'BTVTED_Garments'),
(674, '*TVTEd GFD 211', '*Occupational Health and Safety Practices ', '1', 2, 'lab', 180, 3, 'BTVTED_Garments'),
(675, 'TVTEd GFD 212', 'Personality Development', '1', 2, 'lecture', 120, 3, 'BTVTED_Garments'),
(676, '*TVTEd GFD 212', '*Personality Development', '1', 2, 'lab', 180, 3, 'BTVTED_Garments'),
(677, 'TVTEd GFD 213', 'Fabric and Garment Designing Techniques', '1', 2, 'lecture', 120, 3, 'BTVTED_Garments'),
(678, '*TVTEd GFD 213', '*Fabric and Garment Designing Techniques', '1', 2, 'lab', 180, 3, 'BTVTED_Garments'),
(679, 'TVTEd GFD 224', 'Basic Sewing Processes', '2', 2, 'lecture', 120, 3, 'BTVTED_Garments'),
(680, '*TVTEd GFD 224', '*Basic Sewing Processes', '2', 2, 'lab', 180, 3, 'BTVTED_Garments'),
(681, 'TVTEd GFD 225', 'Industrial Sewing Machine Operation, Repair and Maintenance', '2', 2, 'lecture', 120, 3, 'BTVTED_Garments'),
(682, 'TVTEd GFD 226', 'Pattern Drafting and Designing', 'midyear', 2, 'lecture', 120, 3, 'BTVTED_Garments'),
(683, '*TVTEd GFD 226', '*Pattern Drafting and Designing', 'midyear', 2, 'lab', 180, 3, 'BTVTED_Garments'),
(684, 'TVTEd GFD 227', 'Garments Design and Construction', 'midyear', 2, 'lecture', 120, 3, 'BTVTED_Garments'),
(685, '*TVTEd GFD 227', '*Garments Design and Construction', 'midyear', 2, 'lab', 180, 3, 'BTVTED_Garments'),
(686, 'TVTEd GFD 318', 'Pattern, Grading and Marker Making', '1', 3, 'lecture', 120, 3, 'BTVTED_Garments'),
(687, '*TVTEd GFD 318', '*Pattern, Grading and Marker Making', '1', 3, 'lab', 180, 3, 'BTVTED_All'),
(688, 'TVTEd GFD 3210', 'Advance Garments, Designing, and Construction', '2', 3, 'lecture', 120, 3, 'BTVTED_Garments'),
(689, '*TVTEd GFD 3210', '*Advance Garments, Designing, and Construction', '2', 3, 'lab', 180, 3, 'BTVTED_Garments'),
(690, 'TVTEd GFD 3211', 'Mass Production Techniques and Practices', '2', 3, 'lecture', 120, 3, 'BTVTED_Garments'),
(691, '*TVTEd GFD 3211', '*Mass Production Techniques and Practices', '2', 3, 'lab', 180, 3, 'BTVTED_Garments'),
(692, 'TVTEd GFD 3212', 'Fashion and Design Apparel', 'midyear', 3, 'lecture', 120, 3, 'BTVTED_Garments'),
(693, '*TVTEd GFD 3212', '*Fashion and Design Apparel', 'midyear', 3, 'lab', 180, 3, 'BTVTED_Garments'),
(694, 'GE ELECT SEd 1', 'Local Language Studies', '1', 1, 'lecture', 180, 3, 'BSED_All'),
(695, 'SEd Inst 1 ', 'Climate Change and Disaster Risk Management', '1', 1, 'lecture', 120, 2, 'BSED_All'),
(696, 'GE Elect SEd 2', 'Rhetorics/Retorika', '2', 1, 'lecture', 180, 3, 'BSED_All'),
(697, 'GE Elect SEd 3', 'Living in the IT Era', '2', 1, 'lecture', 180, 3, 'BSED_All'),
(698, 'SEd PROF 211 ', 'The Child and Adolescent Learner and Learning Principles', '1', 2, 'lecture', 180, 3, 'BSED_All'),
(700, 'SEd PROF 213', 'The Teaching Profession', '1', 2, 'lecture', 180, 3, 'BSED_All'),
(701, 'SEd PROF 214', 'Facilitating Learner-Centered Teaching', '1', 2, 'lecture', 180, 3, 'BSED_All'),
(702, 'SEd MATH 211', 'History of Mathematics', '1', 2, 'lecture', 180, 3, 'BSED_Mathematics'),
(703, 'SEd MATH 212', 'College and Advanced Algebra', '1', 2, 'lecture', 180, 3, 'BSED_Mathematics'),
(704, 'SEd MATH 213', 'Plane and Solid Geometry', '1', 2, 'lecture', 180, 3, 'BSED_Mathematics'),
(705, 'SEd Inst 2', 'Creative and Critical Thinking', '1', 2, 'lecture', 60, 2, 'BSED_All'),
(706, '*SEd Inst 2', '*Creative and Critical Thinking', '1', 2, 'lab', 180, 2, 'BSED_All'),
(707, 'SEd PROF 221', 'Technology for Teaching and Learing 2', '2', 2, 'lecture', 180, 3, 'BSED_All'),
(708, 'SEd PROF 222', 'Assessment in Learning 2', '2', 2, 'lecture', 180, 3, 'BSED_All'),
(709, 'SEd PROF 223', 'The Teacher and the Community, School Culture and Organizational Leadership with focus on the Philip', '2', 2, 'lecture', 180, 3, 'BSED_All'),
(710, 'SEd PROF 224', 'Foundation of Special and Inclusive Education', '2', 2, 'lecture', 180, 3, 'BSED_All'),
(711, 'SEd Math 222', 'Trigonometry', '2', 2, 'lecture', 180, 3, 'BSED_Mathematics'),
(712, 'SEd Math 223', 'Logic and Set Theory', '2', 2, 'lecture', 180, 3, 'BSED_Mathematics'),
(713, 'SEd Inst 3', 'Entrepreneurial Management', '2', 2, 'lecture', 60, 2, 'BSED_All'),
(714, '*SEd Inst 3', '*Entrepreneurial Management', '2', 2, 'lab', 180, 2, 'BSED_All'),
(715, 'SEd PROF 311', 'The Teacher and the School Curriculum', '1', 3, 'lecture', 180, 3, 'BSED_All'),
(716, 'SEd PROF 312', 'Building and Enhancing New Literacies Across the Curriculum', '1', 3, 'lecture', 180, 3, 'BSED_All'),
(717, 'SEd Math 311', 'Elementary Statistics and Probability', '1', 3, 'lecture', 180, 3, 'BSED_Mathematics'),
(718, 'SEd Math 313', 'Linear Algebra', '1', 3, 'lecture', 180, 3, 'BSED_Mathematics'),
(719, 'SEd Math 314', 'Principles and Strategies in Teaching Mathematics', '1', 3, 'lecture', 180, 3, 'BSED_Mathematics'),
(720, 'SEd Math 315', 'Number Theory', '1', 3, 'lecture', 180, 3, 'BSED_Mathematics'),
(721, 'SEd Inst 4', 'Data Sciences Analytics', '1', 3, 'lecture', 60, 2, 'BSED_All'),
(722, '*SEd Inst 4', '*Data Sciences Analytics', '1', 3, 'lab', 180, 2, 'BSED_All'),
(723, 'SEd MATH 321 ', 'Advanced Statistics', '2', 3, 'lecture', 180, 3, 'BSED_Mathematics'),
(724, 'SEd MATH 322 ', 'Problem Solving, Mathematical Investigation and Modeling', '2', 3, 'lecture', 180, 3, 'BSED_Mathematics'),
(726, 'SEd MATH 324 ', 'Mathematics of Investment', '2', 3, 'lecture', 180, 3, 'BSED_Mathematics'),
(727, 'SEd MATH 325', 'Technology for Teaching and Learning 2', '2', 3, 'lecture', 180, 3, 'BSED_Mathematics'),
(728, 'SEd MATH 326 ', 'Calculus lll', '2', 3, 'lecture', 180, 3, 'BSED_Mathematics'),
(729, 'SEd MATH 327 ', 'Research in Education 1', '2', 3, 'lecture', 180, 3, 'BSED_Mathematics'),
(730, 'SEd MATH 331 ', 'Abstract Algebra', 'midyear', 3, 'lecture', 180, 3, 'BSED_Mathematics'),
(731, 'SEd MATH 332 ', 'Modern Geometry ', 'midyear', 3, 'lecture', 180, 3, 'BSED_Mathematics'),
(732, 'SEd MATH 411 ', 'Research in Education 2', '1', 4, 'lecture', 180, 3, 'BSED_Mathematics'),
(733, 'SEd SS 211 ', 'Foundation of Social Studies', '1', 2, 'lecture', 180, 3, 'BSED_Social_Studies'),
(734, 'SEd SS 212', 'Geography 1 (Physical Geography) ', '1', 2, 'lecture', 180, 3, 'BSED_Social_Studies'),
(735, 'SEd SS 213 ', 'Asian Studies', '1', 2, 'lecture', 180, 3, 'BSED_Social_Studies'),
(736, 'SEd SS 221 ', 'World History 1 (Ancient and Medieval)', '2', 2, 'lecture', 180, 3, 'BSED_Social_Studies'),
(737, 'SEd SS 222 ', 'Geography 2 (Human Geography)', '2', 2, 'lecture', 180, 3, 'BSED_Social_Studies'),
(738, 'SEd SS ELECT 1 ', 'Property and Resources Management for Educations', '2', 2, 'lecture', 180, 3, 'BSED_Social_Studies'),
(739, 'SEd SS 311 ', 'Places and Landscape in a Changing Wolrd', '1', 3, 'lecture', 180, 3, 'BSED_Social_Studies'),
(740, 'SEd SS 312 ', 'Macroeconomics', '1', 3, 'lecture', 180, 3, 'BSED_Social_Studies'),
(741, 'SEd SS 313 ', 'World History 2 (Modern and Contemporary) ', '1', 3, 'lecture', 180, 3, 'BSED_Social_Studies'),
(742, 'SEd SS 314 ', 'Geograpy 3 (Urban Geography) ', '1', 3, 'lecture', 180, 3, 'BSED_Social_Studies'),
(743, 'SEd SS 315 ', 'Teaching Approaches in Secondary Social Studies', '1', 3, 'lecture', 180, 3, 'BSED_Social_Studies'),
(744, 'SEd SS 316  ', 'Technology for Teaching and Learning 2', '1', 3, 'lecture', 180, 3, 'BSED_Social_Studies'),
(745, 'SEd SS 321 ', 'Comparative Government and Politics', '2', 3, 'lecture', 180, 3, 'BSED_Social_Studies'),
(746, 'SEd SS 322 ', 'Microeconomics', '2', 3, 'lecture', 180, 3, 'BSED_Social_Studies'),
(747, 'SEd SS 323 ', 'Integrative Methods in Teaching Social Science Discipline in Basic Education', '2', 3, 'lecture', 180, 3, 'BSED_Social_Studies'),
(748, 'SEd SS 324 ', 'Trends and Issues in Social Studies', '2', 3, 'lecture', 180, 3, 'BSED_Social_Studies'),
(749, 'SEd SS 325 ', 'Production of Social Studies Instructional Materials', '2', 3, 'lecture', 180, 3, 'BSED_Social_Studies'),
(750, 'SEd SS 326 ', 'Assessment and Evaluation in the Social Sciences', '2', 3, 'lecture', 180, 3, 'BSED_Social_Studies'),
(751, 'SEd SS 327 ', 'Research in Education 1', '2', 3, 'lecture', 180, 3, 'BSED_Social_Studies'),
(752, 'SEd SS 328 ', 'Law-Related Studies', '2', 3, 'lecture', 180, 3, 'BSED_Social_Studies'),
(753, 'SEd SS 331 ', 'Comparative Economic Planning', 'midyear', 3, 'lecture', 180, 3, 'BSED_Social_Studies'),
(754, 'SEd SS 332 ', 'Socio-cultural Anthropology', 'midyear', 3, 'lecture', 180, 3, 'BSED_Social_Studies'),
(755, 'SEd SS ELECT 2 ', 'Social Networking and Social Integration', 'midyear', 3, 'lecture', 180, 3, 'BSED_Social_Studies'),
(756, 'SEd SS 411 ', 'Research in Education 2', '1', 4, 'lecture', 180, 3, 'BSED_Social_Studies'),
(757, 'IT INST 1', 'Climate Change and Disaster Risk Management', '1', 1, 'lecture', 120, 2, 'BSIT'),
(758, 'IT GE ELEC 1 ', 'Health and Wellness Science', '1', 1, 'lecture', 180, 3, 'BSIT'),
(759, 'IT GE ELEC 2 ', 'Foreign Language', '1', 1, 'lecture', 180, 3, 'BSIT'),
(760, 'IT 111 ', 'Introducing to Computing', '1', 1, 'lecture', 120, 3, 'BSIT'),
(761, '*IT 111 ', '*Introducing to Computing', '1', 1, 'lab', 180, 3, 'BSIT'),
(762, 'IT 112', 'Computer Programming 1', '1', 1, 'lecture', 120, 3, 'BSIT'),
(763, '*IT 112', '*Computer Programming 1', '1', 1, 'lab', 180, 3, 'BSIT'),
(765, 'IT 121 ', 'Computer Programming', '2', 1, 'lecture', 120, 3, 'BSIT'),
(766, '*IT 121 ', '*Computer Programming', '2', 1, 'lab', 180, 3, 'BSIT'),
(767, 'IT 122 ', 'Human-Computer Interaction 1', '2', 1, 'lecture', 120, 3, 'BSIT'),
(768, '*IT 122 ', '*Human-Computer Interaction 1', '2', 1, 'lab', 180, 3, 'BSIT'),
(769, 'IT 123 ', 'Discrete Mathematics', '2', 1, 'lecture', 180, 3, 'BSIT'),
(771, 'IT INST 2 ', 'Creative and Critical Thinking', '1', 2, 'lecture', 60, 2, 'BSIT'),
(772, '*IT INST 2 ', '*Creative and Critical Thinking', '1', 2, 'lab', 180, 2, 'BSIT'),
(773, 'IT GE ELEC 3 ', 'Foreign Language 2', '1', 2, 'lecture', 180, 3, 'BSIT'),
(774, 'IT 211 ', 'Data Structures and Algorithms', '1', 2, 'lecture', 120, 3, 'BSIT'),
(775, '*IT 211 ', '*Data Structures and Algorithms', '1', 2, 'lab', 180, 3, 'BSIT'),
(776, 'IT ELEC 1 ', 'Platform Techniques', '1', 2, 'lecture', 120, 3, 'BSIT'),
(777, '*IT ELEC 1 ', '*Platform Techniques', '1', 2, 'lab', 180, 3, 'BSIT'),
(778, 'IT  ELEC 2 ', 'Object-Oriented Programming', '1', 2, 'lecture', 120, 3, 'BSIT'),
(779, '*IT  ELEC 2 ', '*Object-Oriented Programming', '1', 2, 'lab', 180, 3, 'BSIT'),
(780, 'IT BPO 1 ', 'Bussiness Communication', '1', 2, 'lecture', 180, 3, 'BSIT'),
(781, 'IT GE ELEC 4', 'The Entrepreneurial Mind', '2', 2, 'lecture', 180, 3, 'BSIT'),
(782, 'IT 221 ', 'Information Management', '2', 2, 'lecture', 120, 3, 'BSIT'),
(783, '*IT 221 ', '*Information Management', '2', 2, 'lab', 180, 3, 'BSIT'),
(784, 'IT 222 ', 'Networking 1', '2', 2, 'lecture', 120, 3, 'BSIT'),
(785, '*IT 222 ', '*Networking 1', '2', 2, 'lab', 180, 3, 'BSIT'),
(786, 'IT 223 ', 'Quantitative Methods (Including Modelling and Simulation', '2', 2, 'lecture', 180, 3, 'BSIT'),
(787, 'IT 224 ', 'Integrative Programming and Technologies', '2', 2, 'lecture', 120, 3, 'BSIT'),
(788, '*IT 224 ', '*Integrative Programming and Technologies', '2', 2, 'lab', 180, 3, 'BSIT'),
(789, 'IT 225 ', 'Accounting for Information Technology', '2', 2, 'lecture', 180, 3, 'BSIT'),
(790, 'IT APPDEV 1 ', 'Fundamentals of Mobile Technology', '2', 2, 'lecture', 120, 3, 'BSIT'),
(791, '*IT APPDEV 1 ', '*Fundamentals of Mobile Technology', '2', 2, 'lab', 180, 3, 'BSIT'),
(792, 'IT 226 ', 'Applications Development and Emerging Technologies', 'midyear', 2, 'lecture', 120, 3, 'BSIT'),
(793, '*IT 226 ', '*Applications Development and Emerging Technologies', 'midyear', 2, 'lab', 180, 3, 'BSIT'),
(794, 'IT ELEC 3 ', 'Web Systems and Technologies', 'midyear', 2, 'lecture', 120, 3, 'BSIT'),
(795, '*IT ELEC 3 ', '*Web Systems and Technologies', 'midyear', 2, 'lab', 180, 3, 'BSIT'),
(796, 'IT INST 3 ', 'Data Science Analytics', '1', 3, 'lecture', 60, 2, 'BSIT'),
(797, '*IT INST 3 ', '*Data Science Analytics', '1', 3, 'lab', 180, 2, 'BSIT'),
(798, 'IT 311', 'Advanced Database Systems', '1', 3, 'lecture', 120, 3, 'BSIT'),
(799, '*IT 311', '*Advanced Database Systems', '1', 3, 'lab', 180, 3, 'BSIT'),
(800, 'IT 312 ', 'Networking ', '1', 3, 'lecture', 120, 3, 'BSIT'),
(801, '*IT 312 ', '*Networking ', '1', 3, 'lab', 180, 3, 'BSIT'),
(802, 'IT 313 ', 'System Integration and Architecture', '1', 3, 'lecture', 120, 3, 'BSIT'),
(803, '*IT 313 ', '*System Integration and Architecture', '1', 3, 'lab', 180, 3, 'BSIT'),
(804, 'IT 314 ', 'Information Assurance and Security 1', '1', 3, 'lecture', 120, 3, 'BSIT'),
(805, '*IT 314 ', '*Information Assurance and Security 1', '1', 3, 'lab', 180, 3, 'BSIT'),
(806, 'IT APPDEV 2 ', 'Web Application3', '1', 3, 'lecture', 120, 3, 'BSIT'),
(807, '*IT APPDEV 2 ', '*Web Application', '1', 3, 'lab', 180, 3, 'BSIT'),
(808, 'IT APPDEV 3 ', 'Mobile Application', '1', 3, 'lecture', 120, 3, 'BSIT'),
(809, '*IT APPDEV 3 ', '*Mobile Application', '1', 3, 'lab', 180, 3, 'BSIT'),
(810, 'IT GE ELEC 5 ', 'Multicultural Education', '2', 3, 'lecture', 180, 3, 'BSIT'),
(811, 'IT 321 ', 'Information Assurance and Security', '2', 3, 'lecture', 120, 3, 'BSIT'),
(812, '*IT 321 ', '*Information Assurance and Security', '2', 3, 'lab', 180, 3, 'BSIT'),
(813, 'IT 322 ', 'Social and Professional Issues', '2', 3, 'lecture', 180, 3, 'BSIT'),
(814, 'IT 323 ', 'Capstone Project and Research 1', '2', 3, 'lecture', 120, 3, 'BSIT'),
(815, '*IT 323 ', '*Capstone Project and Research 1', '2', 3, 'lab', 180, 3, 'BSIT'),
(816, 'IT APPDEV 4 ', 'Game Development', '2', 3, 'lecture', 120, 3, 'BSIT'),
(817, '*IT APPDEV 4 ', '*Game Development', '2', 3, 'lab', 180, 3, 'BSIT'),
(818, 'IT APPDEV 5 ', 'Cloud Computing', '2', 3, 'lecture', 120, 3, 'BSIT'),
(819, '*IT APPDEV 5 ', '*Cloud Computing', '2', 3, 'lab', 180, 3, 'BSIT'),
(820, 'IT GE ELEC 6 ', 'Leadership and Management in the Profession', '1', 4, 'lecture', 180, 3, 'BSIT'),
(821, 'IT 411 ', 'System Administration and Maintenance', '1', 4, 'lecture', 120, 3, 'BSIT'),
(822, '*IT 411 ', '*System Administration and Maintenance', '1', 4, 'lab', 180, 3, 'BSIT'),
(823, 'IT ELEC 4', 'Human-Computer Interaction 2', '1', 4, 'lecture', 120, 3, 'BSIT'),
(824, '*IT ELEC 4', '*Human-Computer Interaction 2', '1', 4, 'lab', 180, 3, 'BSIT'),
(825, 'IT 412 ', 'Capstone Project and Research 2', '1', 4, 'lecture', 120, 3, 'BSIT'),
(826, '*IT 412 ', '*Capstone Project and Research 2', '1', 4, 'lab', 180, 3, 'BSIT'),
(827, 'Agritech 123', 'Principles of Soil Science', '2', 1, 'lecture', 120, 3, 'BAT_Crops_Production'),
(828, '*Agritech 123', '*Principles of Soil Science', '2', 1, 'lab', 180, 3, 'BAT_Crops_Production'),
(829, 'Agritech CPT 411', 'Plant Propagation and Nursery Management', '1', 4, 'lecture', 120, 3, 'BAT_Crops_Production'),
(830, '*Agritech CPT 411', '*Plant Propagation and Nursery Management', '1', 4, 'lab', 180, 3, 'BAT_Crops_Production'),
(831, 'SEd Math 221', 'Calculus with Analytic Geometry', '2', 2, 'lecture', 180, 4, 'BSED_Mathematics'),
(832, 'SEd Math 312', 'Calculus II', '1', 3, 'lecture', 180, 4, 'BSED_Mathematics'),
(833, 'SEd PROF 411', 'Field Study 1 and 2', '1', 4, 'lecture', 180, 6, 'BSED_All'),
(834, 'TVTEd GFD 319', 'Mens Garments Construction', '1', 3, 'lecture', 180, 3, 'BTVTED_Garments'),
(835, '*TVTEd GFD 319', '*Mens Garments Construction', '1', 3, 'lab', 180, 3, 'BTVTED_Garments'),
(838, 'Agri 312', 'Seminar A', '1', 3, 'lecture', 60, 1, 'BSA_Agronomy'),
(839, '*Agri RM 311', '*Data Science and Analytics', '1', 3, 'lab', 180, 3, 'BSA_Agronomy'),
(841, 'SEd PROF 212', 'Assessment in Learning 1', '1', 2, 'lecture', 180, 3, 'BSED_All'),
(842, 'SEd MATH 323', 'Assessment and Evaluation in Mathematics', '2', 3, 'lecture', 180, 3, 'BSED_Mathematics'),
(843, '*GEC 4', '*Purposive Communication', '1', 1, 'lecture', 180, 3, 'BTVTED_All'),
(844, '*GEC 5', 'Art Appreciation', '1', 1, 'lecture', 180, 3, 'BTVTED_All'),
(845, '*GEC 9', 'The Life and Works of Rizal', '2', 1, 'lecture', 180, 3, 'BTVTED_All'),
(846, '*GEC9', '*The Life and Works of Rizal', '2', 2, 'lecture', 180, 3, 'BSIT'),
(847, '*GEC 1', 'Understanding the Self', '2', 1, 'lecture', 180, 3, 'BTVTED_All'),
(848, '*GEC1', 'Understanding the Self', '2', 1, 'lecture', 180, 3, 'BSIT'),
(849, '*GEC 2', 'Readings in the Philippine History', '2', 1, 'lecture', 180, 3, 'BTVTED_All'),
(850, '*GEC2', 'Readings in the Philippine History', '2', 1, 'lecture', 180, 3, 'BSIT'),
(851, '*GEC 3', 'Mathematics in the Modern World', '2', 1, 'lecture', 180, 3, 'BTVTED_All'),
(852, '*GEC3', 'Mathematics in the Modern World', '2', 1, 'lecture', 180, 3, 'BSIT'),
(853, '*GEC 8', 'The Contemporary World', '1', 1, 'lecture', 180, 3, 'BTVTED_All'),
(854, '*GEC8', 'The Contemporary World', '2', 2, 'lecture', 180, 3, 'BSIT'),
(855, '*GEC 6', 'Science, Technology, and Society', '1', 1, 'lecture', 180, 3, 'BTVTED_All'),
(856, '*GEC6', 'Science, Technology, and Society', '1', 2, 'lecture', 180, 3, 'BSIT'),
(857, '*GEC 7 ', 'Ethics', '2', 1, 'lecture', 180, 3, 'BTVTED_All'),
(858, '*GEC7', 'Ethics', '2', 1, 'lecture', 180, 3, 'BSIT'),
(860, '^GEC 1', 'Understanding the Self', '1', 1, 'lecture', 180, 3, 'BAT_Crops_Production'),
(861, '`GEC1', 'Understanding the Self', '1', 1, 'lecture', 180, 3, 'BSA_Agronomy'),
(863, '^GEC 2', 'Readings in the Philippine History', '1', 1, 'lecture', 180, 3, 'BAT_Crops_Production'),
(864, '`GEC 2', 'Readings in the Philippine History', '1', 1, 'lecture', 180, 3, 'BSA_Agronomy'),
(866, '^GEC 3', 'Mathematics in the Modern World', '1', 1, 'lecture', 180, 3, 'BAT_Crops_Production'),
(867, '`GEC 3', 'Mathematics in the Modern World', '1', 1, 'lecture', 180, 3, 'BSA_Agronomy'),
(868, '*GEC4', 'Purposive Communication', '1', 1, 'lecture', 180, 3, 'BSIT'),
(870, '^GEC 4', 'Purposive Communication', '2', 1, 'lecture', 180, 3, 'BAT_Crops_Production'),
(871, '`GEC 4', 'Purposive Communication', '2', 1, 'lecture', 180, 3, 'BSA_Agronomy'),
(872, '*GEC5', 'Art Appreciation', '1', 1, 'lecture', 180, 3, 'BSIT'),
(874, '^GEC 5', 'Art Appreciation', '2', 1, 'lecture', 180, 3, 'BAT_Crops_Production'),
(875, '`GEC 5', 'Art Appreciation', '2', 1, 'lecture', 180, 3, 'BSA_Agronomy'),
(876, '^GEC 6', 'Science, Technology, and Society', '2', 2, 'lecture', 180, 3, 'BAT_Crops_Production'),
(877, '^GEC 7', 'Ethics', '1', 2, 'lecture', 180, 3, 'BAT_Crops_Production'),
(879, '^GEC 8', 'The Contemporary World', '2', 2, 'lecture', 180, 3, 'BAT_Crops_Production'),
(880, '`GEC 8', 'The Contemporary World', '1', 2, 'lecture', 180, 3, 'BSA_Agronomy'),
(881, '^GEC 9', 'The Life and Works of Rizal', '1', 2, 'lecture', 180, 3, 'BAT_Crops_Production'),
(882, '`GEC 9', 'The Life and Works of Rizal', '2', 3, 'lecture', 180, 3, 'BSA_Agronomy'),
(883, '`GEC 7', 'Ethics', '1', 3, 'lecture', 180, 3, 'BSA_Agronomy'),
(884, '`GEC 6', 'Science, Technology and Society', '1', 3, 'lecture', 180, 3, 'BSA_Agronomy'),
(885, 'Agritech 415', 'Occupational Internship Program 2', '1', 4, 'lab', 160, 2, 'BAT_Crops_Production'),
(886, 'GEC 9', 'The Life and Works of Rizal', '1', 1, 'lecture', 180, 3, 'BSED_All');

-- --------------------------------------------------------

--
-- Table structure for table `teacher_subjects`
--

CREATE TABLE `teacher_subjects` (
  `id` int(11) NOT NULL,
  `teacher_id` int(11) NOT NULL,
  `subject_id` int(11) NOT NULL,
  `semester` enum('1','2','midyear') NOT NULL,
  `academic_year` varchar(12) NOT NULL
) ENGINE=InnoDB DEFAULT CHARSET=utf8mb4 COLLATE=utf8mb4_general_ci;

--
-- Dumping data for table `teacher_subjects`
--

INSERT INTO `teacher_subjects` (`id`, `teacher_id`, `subject_id`, `semester`, `academic_year`) VALUES
(152, 46, 652, '1', '2025-2026'),
(153, 46, 665, '1', '2025-2026'),
(154, 46, 666, '1', '2025-2026'),
(155, 47, 601, '1', '2025-2026'),
(156, 47, 650, '1', '2025-2026'),
(157, 47, 651, '1', '2025-2026'),
(158, 47, 663, '1', '2025-2026'),
(159, 47, 664, '1', '2025-2026'),
(160, 47, 695, '1', '2025-2026'),
(161, 47, 705, '1', '2025-2026'),
(162, 47, 706, '1', '2025-2026'),
(166, 45, 633, '1', '2025-2026'),
(167, 45, 675, '1', '2025-2026'),
(168, 45, 676, '1', '2025-2026'),
(169, 45, 834, '1', '2025-2026'),
(170, 45, 835, '1', '2025-2026'),
(171, 44, 593, '1', '2025-2026'),
(172, 44, 600, '1', '2025-2026'),
(173, 44, 608, '1', '2025-2026'),
(174, 44, 609, '1', '2025-2026'),
(175, 44, 631, '1', '2025-2026'),
(176, 44, 653, '1', '2025-2026'),
(177, 44, 654, '1', '2025-2026'),
(178, 44, 673, '1', '2025-2026'),
(179, 44, 674, '1', '2025-2026'),
(180, 44, 677, '1', '2025-2026'),
(181, 44, 678, '1', '2025-2026'),
(182, 44, 686, '1', '2025-2026'),
(183, 44, 687, '1', '2025-2026'),
(192, 48, 624, '1', '2025-2026'),
(193, 48, 626, '1', '2025-2026'),
(194, 86, 487, '1', '2025-2026'),
(195, 86, 488, '1', '2025-2026'),
(196, 86, 632, '1', '2025-2026'),
(197, 56, 762, '1', '2025-2026'),
(198, 56, 763, '1', '2025-2026'),
(199, 56, 804, '1', '2025-2026'),
(200, 56, 805, '1', '2025-2026'),
(202, 80, 760, '1', '2025-2026'),
(203, 80, 761, '1', '2025-2026'),
(204, 80, 778, '1', '2025-2026'),
(205, 80, 779, '1', '2025-2026'),
(206, 87, 484, '1', '2025-2026'),
(207, 87, 759, '1', '2025-2026'),
(208, 49, 757, '1', '2025-2026'),
(209, 53, 762, '1', '2025-2026'),
(210, 53, 763, '1', '2025-2026'),
(211, 53, 821, '1', '2025-2026'),
(212, 53, 822, '1', '2025-2026'),
(216, 54, 778, '1', '2025-2026'),
(217, 54, 779, '1', '2025-2026'),
(218, 54, 808, '1', '2025-2026'),
(219, 54, 809, '1', '2025-2026'),
(220, 88, 776, '1', '2025-2026'),
(221, 88, 777, '1', '2025-2026'),
(222, 88, 823, '1', '2025-2026'),
(223, 88, 824, '1', '2025-2026'),
(231, 55, 774, '1', '2025-2026'),
(232, 55, 775, '1', '2025-2026'),
(233, 55, 806, '1', '2025-2026'),
(234, 55, 807, '1', '2025-2026'),
(235, 50, 774, '1', '2025-2026'),
(236, 50, 775, '1', '2025-2026'),
(237, 50, 800, '1', '2025-2026'),
(238, 50, 801, '1', '2025-2026'),
(239, 50, 806, '1', '2025-2026'),
(240, 50, 807, '1', '2025-2026'),
(241, 50, 825, '1', '2025-2026'),
(242, 50, 826, '1', '2025-2026'),
(243, 51, 774, '1', '2025-2026'),
(244, 51, 775, '1', '2025-2026'),
(245, 51, 798, '1', '2025-2026'),
(246, 51, 799, '1', '2025-2026'),
(247, 51, 820, '1', '2025-2026'),
(248, 57, 802, '1', '2025-2026'),
(249, 57, 803, '1', '2025-2026'),
(250, 57, 806, '1', '2025-2026'),
(251, 57, 807, '1', '2025-2026'),
(252, 89, 796, '1', '2025-2026'),
(253, 89, 797, '1', '2025-2026'),
(254, 72, 796, '1', '2025-2026'),
(255, 72, 797, '1', '2025-2026'),
(256, 90, 796, '1', '2025-2026'),
(257, 90, 797, '1', '2025-2026'),
(283, 91, 521, '1', '2025-2026'),
(295, 66, 493, '1', '2025-2026'),
(296, 66, 494, '1', '2025-2026'),
(297, 66, 495, '1', '2025-2026'),
(298, 66, 496, '1', '2025-2026'),
(299, 63, 489, '1', '2025-2026'),
(300, 63, 490, '1', '2025-2026'),
(301, 63, 829, '1', '2025-2026'),
(302, 63, 830, '1', '2025-2026'),
(303, 62, 485, '1', '2025-2026'),
(304, 62, 486, '1', '2025-2026'),
(305, 62, 517, '1', '2025-2026'),
(306, 62, 518, '1', '2025-2026'),
(311, 43, 377, '1', '2025-2026'),
(312, 43, 847, '1', '2025-2026'),
(313, 43, 848, '1', '2025-2026'),
(315, 43, 860, '1', '2025-2026'),
(316, 43, 861, '1', '2025-2026'),
(317, 31, 378, '1', '2025-2026'),
(318, 31, 735, '1', '2025-2026'),
(319, 31, 741, '1', '2025-2026'),
(342, 37, 599, '1', '2025-2026'),
(343, 37, 625, '1', '2025-2026'),
(344, 37, 694, '1', '2025-2026'),
(345, 37, 698, '1', '2025-2026'),
(346, 37, 700, '1', '2025-2026'),
(347, 37, 715, '1', '2025-2026'),
(348, 37, 843, '1', '2025-2026'),
(350, 76, 406, '1', '2025-2026'),
(351, 76, 758, '1', '2025-2026'),
(352, 76, 844, '1', '2025-2026'),
(358, 78, 855, '1', '2025-2026'),
(359, 69, 856, '1', '2025-2026'),
(360, 69, 884, '1', '2025-2026'),
(375, 65, 371, '1', '2025-2026'),
(376, 65, 372, '1', '2025-2026'),
(377, 65, 373, '1', '2025-2026'),
(378, 65, 374, '1', '2025-2026'),
(379, 92, 487, '1', '2025-2026'),
(380, 92, 488, '1', '2025-2026'),
(381, 92, 519, '1', '2025-2026'),
(382, 92, 520, '1', '2025-2026'),
(383, 68, 401, '1', '2025-2026'),
(384, 68, 402, '1', '2025-2026'),
(385, 68, 521, '1', '2025-2026'),
(386, 58, 515, '1', '2025-2026'),
(387, 58, 516, '1', '2025-2026'),
(388, 58, 885, '1', '2025-2026'),
(389, 59, 399, '1', '2025-2026'),
(390, 59, 400, '1', '2025-2026'),
(391, 59, 491, '1', '2025-2026'),
(392, 59, 492, '1', '2025-2026'),
(393, 59, 885, '1', '2025-2026'),
(394, 61, 399, '1', '2025-2026'),
(395, 61, 400, '1', '2025-2026'),
(396, 61, 522, '1', '2025-2026'),
(397, 61, 523, '1', '2025-2026'),
(405, 64, 368, '1', '2025-2026'),
(406, 64, 393, '1', '2025-2026'),
(407, 64, 394, '1', '2025-2026'),
(408, 64, 632, '1', '2025-2026'),
(409, 67, 369, '1', '2025-2026'),
(410, 67, 370, '1', '2025-2026'),
(411, 67, 397, '1', '2025-2026'),
(412, 67, 398, '1', '2025-2026'),
(413, 94, 375, '1', '2025-2026'),
(414, 94, 376, '1', '2025-2026'),
(415, 94, 395, '1', '2025-2026'),
(416, 94, 396, '1', '2025-2026'),
(417, 21, 598, '1', '2025-2026'),
(418, 21, 702, '1', '2025-2026'),
(419, 21, 832, '1', '2025-2026'),
(420, 21, 841, '1', '2025-2026'),
(421, 26, 594, '1', '2025-2026'),
(422, 26, 703, '1', '2025-2026'),
(423, 26, 704, '1', '2025-2026'),
(424, 26, 866, '1', '2025-2026'),
(425, 26, 867, '1', '2025-2026'),
(426, 28, 379, '1', '2025-2026'),
(427, 28, 717, '1', '2025-2026'),
(428, 28, 719, '1', '2025-2026'),
(429, 28, 833, '1', '2025-2026'),
(430, 28, 855, '1', '2025-2026'),
(431, 27, 593, '1', '2025-2026'),
(432, 27, 634, '1', '2025-2026'),
(433, 27, 635, '1', '2025-2026'),
(434, 27, 695, '1', '2025-2026'),
(435, 27, 701, '1', '2025-2026'),
(436, 27, 718, '1', '2025-2026'),
(437, 27, 720, '1', '2025-2026'),
(438, 27, 721, '1', '2025-2026'),
(439, 27, 722, '1', '2025-2026'),
(440, 29, 732, '1', '2025-2026'),
(441, 29, 734, '1', '2025-2026'),
(442, 29, 756, '1', '2025-2026'),
(443, 39, 375, '1', '2025-2026'),
(444, 39, 376, '1', '2025-2026'),
(445, 39, 733, '1', '2025-2026'),
(446, 39, 740, '1', '2025-2026'),
(447, 39, 742, '1', '2025-2026'),
(448, 32, 694, '1', '2025-2026'),
(449, 32, 698, '1', '2025-2026'),
(450, 32, 715, '1', '2025-2026'),
(451, 32, 743, '1', '2025-2026'),
(452, 32, 863, '1', '2025-2026'),
(453, 32, 864, '1', '2025-2026'),
(454, 95, 428, '1', '2025-2026'),
(455, 95, 599, '1', '2025-2026'),
(456, 95, 700, '1', '2025-2026'),
(457, 95, 744, '1', '2025-2026'),
(458, 95, 879, '1', '2025-2026'),
(459, 95, 880, '1', '2025-2026'),
(460, 33, 739, '1', '2025-2026'),
(461, 33, 853, '1', '2025-2026'),
(462, 33, 854, '1', '2025-2026'),
(463, 33, 886, '1', '2025-2026'),
(464, 35, 843, '1', '2025-2026'),
(465, 35, 868, '1', '2025-2026'),
(466, 36, 626, '1', '2025-2026'),
(467, 36, 716, '1', '2025-2026'),
(468, 36, 780, '1', '2025-2026'),
(469, 41, 406, '1', '2025-2026'),
(470, 40, 758, '1', '2025-2026'),
(471, 40, 844, '1', '2025-2026'),
(472, 40, 872, '1', '2025-2026'),
(473, 42, 380, '1', '2025-2026'),
(474, 42, 595, '1', '2025-2026'),
(475, 38, 758, '1', '2025-2026'),
(476, 38, 773, '1', '2025-2026'),
(477, 38, 780, '1', '2025-2026'),
(478, 38, 868, '1', '2025-2026'),
(479, 96, 403, '1', '2025-2026'),
(480, 96, 404, '1', '2025-2026'),
(481, 96, 771, '1', '2025-2026'),
(482, 96, 772, '1', '2025-2026');

-- --------------------------------------------------------

--
-- Table structure for table `users`
--

CREATE TABLE `users` (
  `id` int(11) NOT NULL,
  `user_type` enum('admin','student','teacher') NOT NULL,
  `name` varchar(100) NOT NULL,
  `email` varchar(100) NOT NULL,
  `password` varchar(255) NOT NULL,
  `gender` enum('Male','Female','Other') NOT NULL
) ENGINE=InnoDB DEFAULT CHARSET=utf8mb4 COLLATE=utf8mb4_general_ci;

--
-- Dumping data for table `users`
--

INSERT INTO `users` (`id`, `user_type`, `name`, `email`, `password`, `gender`) VALUES
(1, 'admin', 'Admin Admin', 'admin@gmail.com', '036d0ef7567a20b5a4ad24a354ea4a945ddab676', 'Male'),
(21, 'teacher', 'Isagani M. Valerozo Ph D', 'Isagani@gmail.com', '10470c3b4b1fed12c3baac014be15fac67c6e815', 'Male'),
(26, 'teacher', 'Renalyn P. Mora Ph D', 'Renalyn@gmail.com', '10470c3b4b1fed12c3baac014be15fac67c6e815', 'Female'),
(27, 'teacher', 'Manuel C. Francisco', 'Manuel@gmail.com', '10470c3b4b1fed12c3baac014be15fac67c6e815', 'Male'),
(28, 'teacher', 'Myla G. Velasco MAEd', 'Myla@gmail.com', '10470c3b4b1fed12c3baac014be15fac67c6e815', 'Female'),
(29, 'teacher', 'Prof. Rosalie C. Leal', 'Rosalie@gmail.com', '10470c3b4b1fed12c3baac014be15fac67c6e815', 'Female'),
(30, 'student', 'Frances Manuel', 'ces@gmail.com', '10470c3b4b1fed12c3baac014be15fac67c6e815', 'Female'),
(31, 'teacher', 'Julie F. Espinosa, DPA', 'Julie@gmail.com', '10470c3b4b1fed12c3baac014be15fac67c6e815', 'Female'),
(32, 'teacher', 'Jobelle T. Mojica', 'Jobelle@gmail.com', '10470c3b4b1fed12c3baac014be15fac67c6e815', 'Female'),
(33, 'teacher', 'Zues R. Gongob', 'Zeus@gmail.com', '10470c3b4b1fed12c3baac014be15fac67c6e815', 'Male'),
(35, 'teacher', 'Orpha S. Saguibo, MAEd', 'Orpha@gmail.com', '10470c3b4b1fed12c3baac014be15fac67c6e815', 'Female'),
(36, 'teacher', 'Bernadette D. Bagalay, MAEd', 'Bernadette@gmail.com', '10470c3b4b1fed12c3baac014be15fac67c6e815', 'Female'),
(37, 'teacher', 'Ryan Jay O. Agron, MAEd', 'Ryanjay@gmail.com', '10470c3b4b1fed12c3baac014be15fac67c6e815', 'Male'),
(38, 'teacher', 'Abegail T. Aquino', 'Abegail@gmail.com', '10470c3b4b1fed12c3baac014be15fac67c6e815', 'Female'),
(39, 'teacher', 'Reynaldo M. Brutas, DPA', 'Reynaldo@gmail.com', '10470c3b4b1fed12c3baac014be15fac67c6e815', 'Male'),
(40, 'teacher', 'John M. Foster, Ph.D.', 'John@gmail.com', '10470c3b4b1fed12c3baac014be15fac67c6e815', 'Male'),
(41, 'teacher', 'Orville A. Galicgic', 'Orville@gmail.com', '10470c3b4b1fed12c3baac014be15fac67c6e815', 'Male'),
(42, 'teacher', 'Jamaica A. Delos Santos', 'Jamaica@gmail.com', '10470c3b4b1fed12c3baac014be15fac67c6e815', 'Female'),
(43, 'teacher', 'Maria Paz Consuelo C. Dammay', 'Mariapaz@gmail.com', '10470c3b4b1fed12c3baac014be15fac67c6e815', 'Female'),
(44, 'teacher', 'Frederick P. Dela Cruz, MAIE', 'Frederick@gmail.com', '10470c3b4b1fed12c3baac014be15fac67c6e815', 'Male'),
(45, 'teacher', 'Jenalyn C. Andres, EdD', 'Jenalyn@gmail.com', '10470c3b4b1fed12c3baac014be15fac67c6e815', 'Female'),
(46, 'teacher', 'Raymund G. Velasco, MAIE', 'Raymund@gmail.com', '10470c3b4b1fed12c3baac014be15fac67c6e815', 'Male'),
(47, 'teacher', 'Samuel L. Belo, MAT', 'Samuel@gmail.com', '10470c3b4b1fed12c3baac014be15fac67c6e815', 'Male'),
(48, 'teacher', 'Renaldo G. Manipon, MAIE', 'Renaldo@gmail.com', '10470c3b4b1fed12c3baac014be15fac67c6e815', 'Male'),
(49, 'teacher', 'Noel B. Damian, MAT', 'Noel@gamil.com', '10470c3b4b1fed12c3baac014be15fac67c6e815', 'Male'),
(50, 'teacher', 'Larry B. De Guzman, DIT', 'Larry@gmail.com', '10470c3b4b1fed12c3baac014be15fac67c6e815', 'Male'),
(51, 'teacher', 'Kelvin Kris C. Gonzales, DIT', 'Kelvin@gmail.com', '10470c3b4b1fed12c3baac014be15fac67c6e815', 'Male'),
(53, 'teacher', 'Alvin B. Taeza', 'Alvin@gmail.com', '10470c3b4b1fed12c3baac014be15fac67c6e815', 'Male'),
(54, 'teacher', 'Rayan C. Oxales', 'Rayan@gmail.com', '10470c3b4b1fed12c3baac014be15fac67c6e815', 'Male'),
(55, 'teacher', 'Christian Ian P. Salvador', 'Christian@gmail.com', '10470c3b4b1fed12c3baac014be15fac67c6e815', 'Male'),
(56, 'teacher', 'Jethro P. Icban', 'Jethro@gmail.com', '10470c3b4b1fed12c3baac014be15fac67c6e815', 'Male'),
(57, 'teacher', 'Jan Kenneth I. Manuel', 'Jan@gmail.com', '10470c3b4b1fed12c3baac014be15fac67c6e815', 'Male'),
(58, 'teacher', 'Genesis C. Dela Pea', 'Genesis@gmail.com', '10470c3b4b1fed12c3baac014be15fac67c6e815', 'Male'),
(59, 'teacher', 'Gilmour T. Valdez', 'Gilmour@gmail.com', '10470c3b4b1fed12c3baac014be15fac67c6e815', 'Male'),
(61, 'teacher', 'Engr. Johna Mae B. Udan', 'johna@gmail.com', '10470c3b4b1fed12c3baac014be15fac67c6e815', 'Female'),
(62, 'teacher', 'Engr. Donabel B. Ricardo', 'Donabel@gmail.com', '10470c3b4b1fed12c3baac014be15fac67c6e815', 'Female'),
(63, 'teacher', 'Engr. Jesica V. Cabang', 'Jesica@gmail.com', '10470c3b4b1fed12c3baac014be15fac67c6e815', 'Female'),
(64, 'teacher', 'Sairah G. Ormilla', 'Sairah@gmail.com', '10470c3b4b1fed12c3baac014be15fac67c6e815', 'Female'),
(65, 'teacher', 'Jessalyn M. Parco', 'Jessalyn@gmail.com', '10470c3b4b1fed12c3baac014be15fac67c6e815', 'Female'),
(66, 'teacher', 'Kelly Vea G. David', 'Kelly@gmail.com', '10470c3b4b1fed12c3baac014be15fac67c6e815', 'Female'),
(67, 'teacher', 'Renato F. Jaramillo, JR.', 'Renato@gmail.com', '10470c3b4b1fed12c3baac014be15fac67c6e815', 'Male'),
(68, 'teacher', 'April Joy A. Bernardo', 'April@gmail.com', '10470c3b4b1fed12c3baac014be15fac67c6e815', 'Female'),
(69, 'teacher', 'Fely T. Corpuz', 'Fely@gmail.com', '10470c3b4b1fed12c3baac014be15fac67c6e815', 'Female'),
(72, 'teacher', 'Venus A. Diego, DTA', 'Venus@gmail.com', '10470c3b4b1fed12c3baac014be15fac67c6e815', 'Female'),
(76, 'teacher', 'Avelino A. Viloria', 'Avelino@gmail.com', '10470c3b4b1fed12c3baac014be15fac67c6e815', 'Male'),
(78, 'teacher', 'Abigail B. manzano', 'Manzano@gmail.com', '10470c3b4b1fed12c3baac014be15fac67c6e815', 'Male'),
(79, 'student', 'Jam R. Galabay', 'Jam@gmail.com', '7f8211fb9ee96be4fe6abdb67cf7a57deec14d06', 'Male'),
(80, 'teacher', 'Maam Jane', 'Jane@gmail.com', '10470c3b4b1fed12c3baac014be15fac67c6e815', 'Female'),
(81, 'student', 'Roseuelle', 'Roseuelle@gmail.com', '10470c3b4b1fed12c3baac014be15fac67c6e815', 'Female'),
(82, 'student', 'Clarissa Madrid', 'Cla@gmail.com', '10470c3b4b1fed12c3baac014be15fac67c6e815', 'Female'),
(85, 'student', 'Jicelle Galabay', 'Jic@gmail.com', '10470c3b4b1fed12c3baac014be15fac67c6e815', 'Female'),
(86, 'teacher', 'R. Agustin', 'Agustin@gmail.com', '10470c3b4b1fed12c3baac014be15fac67c6e815', 'Female'),
(87, 'teacher', 'Nina Badua', 'Nina@gmail.com', '10470c3b4b1fed12c3baac014be15fac67c6e815', 'Female'),
(88, 'teacher', 'Christopher Escalante', 'Christopher@gmail.com', '10470c3b4b1fed12c3baac014be15fac67c6e815', 'Male'),
(89, 'teacher', 'Jonalene Dela Merced', 'Jonalene@gmail.com', '10470c3b4b1fed12c3baac014be15fac67c6e815', 'Female'),
(90, 'teacher', 'Baby Lady M. Sol', 'Baby@gmail.com', '10470c3b4b1fed12c3baac014be15fac67c6e815', 'Female'),
(91, 'teacher', 'Kevin R. Aguilar', 'Aguilar@gmail.com', '10470c3b4b1fed12c3baac014be15fac67c6e815', 'Male'),
(92, 'teacher', 'Shelah R. Ronquillo', 'shelah@gmail.com', '10470c3b4b1fed12c3baac014be15fac67c6e815', 'Female'),
(94, 'teacher', 'teacher x', 'teacher@gmail.com', '10470c3b4b1fed12c3baac014be15fac67c6e815', 'Male'),
(95, 'teacher', 'Mark Blue Pasicolan', 'pasicolan@gmail.com', '10470c3b4b1fed12c3baac014be15fac67c6e815', 'Male'),
(96, 'teacher', 'Unknown ', 'unknown@gmail.com', '10470c3b4b1fed12c3baac014be15fac67c6e815', 'Male');

--
-- Indexes for dumped tables
--

--
-- Indexes for table `classrooms`
--
ALTER TABLE `classrooms`
  ADD PRIMARY KEY (`id`),
  ADD UNIQUE KEY `room_number` (`room_number`);

--
-- Indexes for table `enrollments`
--
ALTER TABLE `enrollments`
  ADD PRIMARY KEY (`id`),
  ADD KEY `student_id` (`student_id`),
  ADD KEY `subject_id` (`subject_id`),
  ADD KEY `section_id` (`section_id`);

--
-- Indexes for table `schedules`
--
ALTER TABLE `schedules`
  ADD PRIMARY KEY (`id`);

--
-- Indexes for table `sections`
--
ALTER TABLE `sections`
  ADD PRIMARY KEY (`id`);

--
-- Indexes for table `subjects`
--
ALTER TABLE `subjects`
  ADD PRIMARY KEY (`id`),
  ADD UNIQUE KEY `subject_code` (`subject_code`);

--
-- Indexes for table `teacher_subjects`
--
ALTER TABLE `teacher_subjects`
  ADD PRIMARY KEY (`id`),
  ADD KEY `teacher_id` (`teacher_id`),
  ADD KEY `subject_id` (`subject_id`);

--
-- Indexes for table `users`
--
ALTER TABLE `users`
  ADD PRIMARY KEY (`id`),
  ADD UNIQUE KEY `email` (`email`);

--
-- AUTO_INCREMENT for dumped tables
--

--
-- AUTO_INCREMENT for table `classrooms`
--
ALTER TABLE `classrooms`
  MODIFY `id` int(11) NOT NULL AUTO_INCREMENT, AUTO_INCREMENT=38;

--
-- AUTO_INCREMENT for table `enrollments`
--
ALTER TABLE `enrollments`
  MODIFY `id` int(11) NOT NULL AUTO_INCREMENT, AUTO_INCREMENT=629;

--
-- AUTO_INCREMENT for table `schedules`
--
ALTER TABLE `schedules`
  MODIFY `id` int(11) NOT NULL AUTO_INCREMENT, AUTO_INCREMENT=8078;

--
-- AUTO_INCREMENT for table `sections`
--
ALTER TABLE `sections`
  MODIFY `id` int(11) NOT NULL AUTO_INCREMENT, AUTO_INCREMENT=104;

--
-- AUTO_INCREMENT for table `subjects`
--
ALTER TABLE `subjects`
  MODIFY `id` int(11) NOT NULL AUTO_INCREMENT, AUTO_INCREMENT=887;

--
-- AUTO_INCREMENT for table `teacher_subjects`
--
ALTER TABLE `teacher_subjects`
  MODIFY `id` int(11) NOT NULL AUTO_INCREMENT, AUTO_INCREMENT=483;

--
-- AUTO_INCREMENT for table `users`
--
ALTER TABLE `users`
  MODIFY `id` int(11) NOT NULL AUTO_INCREMENT, AUTO_INCREMENT=97;

--
-- Constraints for dumped tables
--

--
-- Constraints for table `enrollments`
--
ALTER TABLE `enrollments`
  ADD CONSTRAINT `enrollments_ibfk_1` FOREIGN KEY (`student_id`) REFERENCES `users` (`id`),
  ADD CONSTRAINT `enrollments_ibfk_2` FOREIGN KEY (`subject_id`) REFERENCES `subjects` (`id`),
  ADD CONSTRAINT `enrollments_ibfk_3` FOREIGN KEY (`section_id`) REFERENCES `sections` (`id`);

--
-- Constraints for table `teacher_subjects`
--
ALTER TABLE `teacher_subjects`
  ADD CONSTRAINT `teacher_subjects_ibfk_1` FOREIGN KEY (`teacher_id`) REFERENCES `users` (`id`) ON DELETE CASCADE,
  ADD CONSTRAINT `teacher_subjects_ibfk_2` FOREIGN KEY (`subject_id`) REFERENCES `subjects` (`id`) ON DELETE CASCADE;
COMMIT;

/*!40101 SET CHARACTER_SET_CLIENT=@OLD_CHARACTER_SET_CLIENT */;
/*!40101 SET CHARACTER_SET_RESULTS=@OLD_CHARACTER_SET_RESULTS */;
/*!40101 SET COLLATION_CONNECTION=@OLD_COLLATION_CONNECTION */;
